1981 г.	Постановления Совета министров СССР за 1981 г.	ГА РФ. Ф. Р-5446. Оп. 106с. Д. 2057.	Рассекречено в 2018 году	Совет народных комиссаров СССР – Совет Министров СССР. 1921–1991
1981 г.	Постановления Совета министров СССР за 1981 г.	ГА РФ. Ф. Р-5446. Оп. 106с. Д. 2058.	Рассекречено в 2018 году	Совет народных комиссаров СССР – Совет Министров СССР. 1921–1991
1981 г.	Постановления Совета министров СССР за 1981 г. (за исключением Постановлений Совета министров СССР №№ 155-49, 165-51)	ГА РФ. Ф. Р-5446. Оп. 106с. Д. 2059.	Рассекречено в 2018 году	Совет народных комиссаров СССР – Совет Министров СССР. 1921–1991
1981 г.	Постановления Совета министров СССР за 1981 г.	ГА РФ. Ф. Р-5446. Оп. 106с. Д. 2060.	Рассекречено в 2018 году	Совет народных комиссаров СССР – Совет Министров СССР. 1921–1991
1981 г.	Постановления Совета министров СССР за 1981 г.	ГА РФ. Ф. Р-5446. Оп. 106с. Д. 2061.	Рассекречено в 2018 году	Совет народных комиссаров СССР – Совет Министров СССР. 1921–1991
1981 г.	Постановления Совета министров СССР за 1981 г.	ГА РФ. Ф. Р-5446. Оп. 106с. Д. 2062.	Рассекречено в 2018 году	Совет народных комиссаров СССР – Совет Министров СССР. 1921–1991
1981 г.	Постановления Совета министров СССР за 1981 г.	ГА РФ. Ф. Р-5446. Оп. 106с. Д. 2063.	Рассекречено в 2018 году	Совет народных комиссаров СССР – Совет Министров СССР. 1921–1991
1981 г.	Постановления Совета министров СССР за 1981 г.	ГА РФ. Ф. Р-5446. Оп. 106с. Д. 2064.	Рассекречено в 2018 году	Совет народных комиссаров СССР – Совет Министров СССР. 1921–1991
1981 г.	Постановления Совета министров СССР за 1981 г.	ГА РФ. Ф. Р-5446. Оп. 106с. Д. 2065.	Рассекречено в 2018 году	Совет народных комиссаров СССР – Совет Министров СССР. 1921–1991
1981 г.	Постановления Совета министров СССР за 1981 г.	ГА РФ. Ф. Р-5446. Оп. 106с. Д. 2066.	Рассекречено в 2018 году	Совет народных комиссаров СССР – Совет Министров СССР. 1921–1991
1981 г.	Постановления Совета министров СССР за 1981 г.	ГА РФ. Ф. Р-5446. Оп. 106с. Д. 2067.	Рассекречено в 2018 году	Совет народных комиссаров СССР – Совет Министров СССР. 1921–1991
1981 г.	Постановления Совета министров СССР за 1981 г.	ГА РФ. Ф. Р-5446. Оп. 106с. Д. 2068.	Рассекречено в 2018 году	Совет народных комиссаров СССР – Совет Министров СССР. 1921–1991
1981 г.	Постановления Совета министров СССР за 1981 г.	ГА РФ. Ф. Р-5446. Оп. 106с. Д. 2069.	Рассекречено в 2018 году	Совет народных комиссаров СССР – Совет Министров СССР. 1921–1991
1981 г.	Постановления Совета министров СССР за 1981 г.	ГА РФ. Ф. Р-5446. Оп. 106с. Д. 2070.	Рассекречено в 2018 году	Совет народных комиссаров СССР – Совет Министров СССР. 1921–1991
1981 г.	Постановления Совета министров СССР за 1981 г.	ГА РФ. Ф. Р-5446. Оп. 106с. Д. 2071.	Рассекречено в 2018 году	Совет народных комиссаров СССР – Совет Министров СССР. 1921–1991
1981 г.	Постановления Совета министров СССР за 1981 г.	ГА РФ. Ф. Р-5446. Оп. 106с. Д. 2072.	Рассекречено в 2018 году	Совет народных комиссаров СССР – Совет Министров СССР. 1921–1991
1981 г.	Постановления Совета министров СССР за 1981 г.	ГА РФ. Ф. Р-5446. Оп. 106с. Д. 2073.	Рассекречено в 2018 году	Совет народных комиссаров СССР – Совет Министров СССР. 1921–1991
1981 г.	Постановления Совета министров СССР за 1981 г.	ГА РФ. Ф. Р-5446. Оп. 106с. Д. 2074.	Рассекречено в 2018 году	Совет народных комиссаров СССР – Совет Министров СССР. 1921–1991
1981 г.	Постановления Совета министров СССР за 1981 г.	ГА РФ. Ф. Р-5446. Оп. 106с. Д. 2075.	Рассекречено в 2018 году	Совет народных комиссаров СССР – Совет Министров СССР. 1921–1991
1981 г.	Постановления Совета министров СССР за 1981 г.	ГА РФ. Ф. Р-5446. Оп. 106с. Д. 2076.	Рассекречено в 2018 году	Совет народных комиссаров СССР – Совет Министров СССР. 1921–1991
1981 г.	Постановления Совета министров СССР за 1981 г.	ГА РФ. Ф. Р-5446. Оп. 106с. Д. 2077.	Рассекречено в 2018 году	Совет народных комиссаров СССР – Совет Министров СССР. 1921–1991
1981 г.	Постановления Совета министров СССР за 1981 г.	ГА РФ. Ф. Р-5446. Оп. 106с. Д. 2078.	Рассекречено в 2018 году	Совет народных комиссаров СССР – Совет Министров СССР. 1921–1991
1981 г.	Постановления Совета министров СССР за 1981 г.	ГА РФ. Ф. Р-5446. Оп. 106с. Д. 2079.	Рассекречено в 2018 году	Совет народных комиссаров СССР – Совет Министров СССР. 1921–1991
1981 г.	Постановления Совета министров СССР за 1981 г.	ГА РФ. Ф. Р-5446. Оп. 106с. Д. 2080.	Рассекречено в 2018 году	Совет народных комиссаров СССР – Совет Министров СССР. 1921–1991
1981 г.	Постановления Совета министров СССР за 1981 г.	ГА РФ. Ф. Р-5446. Оп. 106с. Д. 2081.	Рассекречено в 2018 году	Совет народных комиссаров СССР – Совет Министров СССР. 1921–1991
1981 г.	Постановления Совета министров СССР за 1981 г.	ГА РФ. Ф. Р-5446. Оп. 106с. Д. 2082.	Рассекречено в 2018 году	Совет народных комиссаров СССР – Совет Министров СССР. 1921–1991
1981 г.	Постановления Совета министров СССР за 1981 г.	ГА РФ. Ф. Р-5446. Оп. 106с. Д. 2083.	Рассекречено в 2018 году	Совет народных комиссаров СССР – Совет Министров СССР. 1921–1991
1981 г.	Постановления Совета министров СССР за 1981 г.	ГА РФ. Ф. Р-5446. Оп. 106с. Д. 2084.	Рассекречено в 2018 году	Совет народных комиссаров СССР – Совет Министров СССР. 1921–1991
1981 г.	Постановления Совета министров СССР за 1981 г.	ГА РФ. Ф. Р-5446. Оп. 106с. Д. 2085.	Рассекречено в 2018 году	Совет народных комиссаров СССР – Совет Министров СССР. 1921–1991
1981 г.	Постановления Совета министров СССР за 1981 г.	ГА РФ. Ф. Р-5446. Оп. 106с. Д. 2086.	Рассекречено в 2018 году	Совет народных комиссаров СССР – Совет Министров СССР. 1921–1991
1981 г.	Постановления Совета министров СССР за 1981 г.	ГА РФ. Ф. Р-5446. Оп. 106с. Д. 2087.	Рассекречено в 2018 году	Совет народных комиссаров СССР – Совет Министров СССР. 1921–1991
1981 г.	Постановления Совета министров СССР за 1981 г.	ГА РФ. Ф. Р-5446. Оп. 106с. Д. 2088.	Рассекречено в 2018 году	Совет народных комиссаров СССР – Совет Министров СССР. 1921–1991
1981 г.	Постановления Совета министров СССР за 1981 г.	ГА РФ. Ф. Р-5446. Оп. 106с. Д. 2089.	Рассекречено в 2018 году	Совет народных комиссаров СССР – Совет Министров СССР. 1921–1991
1981 г.	Постановления Совета министров СССР за 1981 г. (за исключением Постановления Совета министров СССР № 997-297сс)	ГА РФ. Ф. Р-5446. Оп. 106с. Д. 2090.	Рассекречено в 2018 году	Совет народных комиссаров СССР – Совет Министров СССР. 1921–1991
1981 г.	Постановления Совета министров СССР за 1981 г.	ГА РФ. Ф. Р-5446. Оп. 106с. Д. 2091.	Рассекречено в 2018 году	Совет народных комиссаров СССР – Совет Министров СССР. 1921–1991
1981 г.	Постановления Совета министров СССР за 1981 г.	ГА РФ. Ф. Р-5446. Оп. 106с. Д. 2092.	Рассекречено в 2018 году	Совет народных комиссаров СССР – Совет Министров СССР. 1921–1991
1981 г.	Постановления Совета министров СССР за 1981 г.	ГА РФ. Ф. Р-5446. Оп. 106с. Д. 2093.	Рассекречено в 2018 году	Совет народных комиссаров СССР – Совет Министров СССР. 1921–1991
1981 г.	Постановления Совета министров СССР за 1981 г.	ГА РФ. Ф. Р-5446. Оп. 106с. Д. 2094.	Рассекречено в 2018 году	Совет народных комиссаров СССР – Совет Министров СССР. 1921–1991
1981 г.	Постановления Совета министров СССР за 1981 г. (за исключением Постановления Совета министров СССР № 1166-356)	ГА РФ. Ф. Р-5446. Оп. 106с. Д. 2095.	Рассекречено в 2018 году	Совет народных комиссаров СССР – Совет Министров СССР. 1921–1991
1982 г.	Постановления Совета министров СССР за 1982 г. (за исключением Постановления Совета министров СССР № 74-19)	ГА РФ. Ф. Р-5446. Оп. 106с. Д. 2097.	Рассекречено в 2018 году	Совет народных комиссаров СССР – Совет Министров СССР. 1921–1991
1982 г.	Постановления Совета министров СССР за 1982 г.	ГА РФ. Ф. Р-5446. Оп. 106с. Д. 2098.	Рассекречено в 2018 году	Совет народных комиссаров СССР – Совет Министров СССР. 1921–1991
1982 г.	Постановления Совета министров СССР за 1982 г.	ГА РФ. Ф. Р-5446. Оп. 106с. Д. 2099.	Рассекречено в 2018 году	Совет народных комиссаров СССР – Совет Министров СССР. 1921–1991
1982 г.	Постановления Совета министров СССР за 1982 г. (за исключением Постановления Совета министров СССР № 606-163сс)	ГА РФ. Ф. Р-5446. Оп. 106с. Д. 2100.	Рассекречено в 2018 году	Совет народных комиссаров СССР – Совет Министров СССР. 1921–1991
1982 г.	Постановления Совета министров СССР за 1982 г.	ГА РФ. Ф. Р-5446. Оп. 106с. Д. 2101.	Рассекречено в 2018 году	Совет народных комиссаров СССР – Совет Министров СССР. 1921–1991
1982 г.	Постановления Совета министров СССР за 1982 г.	ГА РФ. Ф. Р-5446. Оп. 106с. Д. 2102.	Рассекречено в 2018 году	Совет народных комиссаров СССР – Совет Министров СССР. 1921–1991
1982 г.	Постановления Совета министров СССР за 1982 г. (за исключением Постановлений Совета министров СССР №№ 841-223сс, 856-232)	ГА РФ. Ф. Р-5446. Оп. 106с. Д. 2103.	Рассекречено в 2018 году	Совет народных комиссаров СССР – Совет Министров СССР. 1921–1991
1982 г.	Постановления Совета министров СССР за 1982 г.	ГА РФ. Ф. Р-5446. Оп. 106с. Д. 2104.	Рассекречено в 2018 году	Совет народных комиссаров СССР – Совет Министров СССР. 1921–1991
1982 г.	Постановления Совета министров СССР за 1982 г.	ГА РФ. Ф. Р-5446. Оп. 106с. Д. 2105.	Рассекречено в 2018 году	Совет народных комиссаров СССР – Совет Министров СССР. 1921–1991
1982 г.	Постановления Совета министров СССР за 1982 г.	ГА РФ. Ф. Р-5446. Оп. 106с. Д. 2106.	Рассекречено в 2018 году	Совет народных комиссаров СССР – Совет Министров СССР. 1921–1991
1982 г.	Постановления Совета министров СССР за 1982 г.	ГА РФ. Ф. Р-5446. Оп. 106с. Д. 2107.	Рассекречено в 2018 году	Совет народных комиссаров СССР – Совет Министров СССР. 1921–1991
1982 г.	Постановления Совета министров СССР за 1982 г.	ГА РФ. Ф. Р-5446. Оп. 106с. Д. 2108.	Рассекречено в 2018 году	Совет народных комиссаров СССР – Совет Министров СССР. 1921–1991
1982 г.	Постановления Совета министров СССР за 1982 г.	ГА РФ. Ф. Р-5446. Оп. 106с. Д. 2109.	Рассекречено в 2018 году	Совет народных комиссаров СССР – Совет Министров СССР. 1921–1991
1982 г.	Постановления Совета министров СССР за 1982 г.	ГА РФ. Ф. Р-5446. Оп. 106с. Д. 2110.	Рассекречено в 2018 году	Совет народных комиссаров СССР – Совет Министров СССР. 1921–1991
1982 г.	Постановления Совета министров СССР за 1982 г.	ГА РФ. Ф. Р-5446. Оп. 106с. Д. 2111.	Рассекречено в 2018 году	Совет народных комиссаров СССР – Совет Министров СССР. 1921–1991
1982 г.	Постановления Совета министров СССР за 1982 г.	ГА РФ. Ф. Р-5446. Оп. 106с. Д. 2112.	Рассекречено в 2018 году	Совет народных комиссаров СССР – Совет Министров СССР. 1921–1991
1982 г.	Постановления Совета министров СССР за 1982 г.	ГА РФ. Ф. Р-5446. Оп. 106с. Д. 2113.	Рассекречено в 2018 году	Совет народных комиссаров СССР – Совет Министров СССР. 1921–1991
1982 г.	Постановления Совета министров СССР за 1982 г.	ГА РФ. Ф. Р-5446. Оп. 106с. Д. 2114.	Рассекречено в 2018 году	Совет народных комиссаров СССР – Совет Министров СССР. 1921–1991
1982 г.	Постановления Совета министров СССР за 1982 г.	ГА РФ. Ф. Р-5446. Оп. 106с. Д. 2115.	Рассекречено в 2018 году	Совет народных комиссаров СССР – Совет Министров СССР. 1921–1991
1982 г.	Постановления Совета министров СССР за 1982 г.	ГА РФ. Ф. Р-5446. Оп. 106с. Д. 2116.	Рассекречено в 2018 году	Совет народных комиссаров СССР – Совет Министров СССР. 1921–1991
1982 г.	Постановления Совета министров СССР за 1982 г.	ГА РФ. Ф. Р-5446. Оп. 106с. Д. 2117.	Рассекречено в 2018 году	Совет народных комиссаров СССР – Совет Министров СССР. 1921–1991
1982 г.	Постановления Совета министров СССР за 1982 г.	ГА РФ. Ф. Р-5446. Оп. 106с. Д. 2118.	Рассекречено в 2018 году	Совет народных комиссаров СССР – Совет Министров СССР. 1921–1991
1982 г.	Постановления Совета министров СССР за 1982 г.	ГА РФ. Ф. Р-5446. Оп. 106с. Д. 2119.	Рассекречено в 2018 году	Совет народных комиссаров СССР – Совет Министров СССР. 1921–1991
1982 г.	Постановления Совета министров СССР за 1982 г.	ГА РФ. Ф. Р-5446. Оп. 106с. Д. 2120.	Рассекречено в 2018 году	Совет народных комиссаров СССР – Совет Министров СССР. 1921–1991
1982 г.	Постановления Совета министров СССР за 1982 г.	ГА РФ. Ф. Р-5446. Оп. 106с. Д. 2121.	Рассекречено в 2018 году	Совет народных комиссаров СССР – Совет Министров СССР. 1921–1991
1982 г.	Постановления Совета министров СССР за 1982 г.	ГА РФ. Ф. Р-5446. Оп. 106с. Д. 2122.	Рассекречено в 2018 году	Совет народных комиссаров СССР – Совет Министров СССР. 1921–1991
1982 г.	Постановления Совета министров СССР за 1982 г.	ГА РФ. Ф. Р-5446. Оп. 106с. Д. 2123.	Рассекречено в 2018 году	Совет народных комиссаров СССР – Совет Министров СССР. 1921–1991
1982 г.	Постановления Совета министров СССР за 1982 г.	ГА РФ. Ф. Р-5446. Оп. 106с. Д. 2124.	Рассекречено в 2018 году	Совет народных комиссаров СССР – Совет Министров СССР. 1921–1991
1982 г.	Постановления Совета министров СССР за 1982 г.	ГА РФ. Ф. Р-5446. Оп. 106с. Д. 2125.	Рассекречено в 2018 году	Совет народных комиссаров СССР – Совет Министров СССР. 1921–1991
1982 г.	Постановления Совета министров СССР за 1982 г.	ГА РФ. Ф. Р-5446. Оп. 106с. Д. 2126.	Рассекречено в 2018 году	Совет народных комиссаров СССР – Совет Министров СССР. 1921–1991
1982 г.	Постановления Совета министров СССР за 1982 г.	ГА РФ. Ф. Р-5446. Оп. 106с. Д. 2127.	Рассекречено в 2018 году	Совет народных комиссаров СССР – Совет Министров СССР. 1921–1991
1982 г.	Постановления Совета министров СССР за 1982 г.	ГА РФ. Ф. Р-5446. Оп. 106с. Д. 2128.	Рассекречено в 2018 году	Совет народных комиссаров СССР – Совет Министров СССР. 1921–1991
1982 г.	Постановления Совета министров СССР за 1982 г.	ГА РФ. Ф. Р-5446. Оп. 106с. Д. 2129.	Рассекречено в 2018 году	Совет народных комиссаров СССР – Совет Министров СССР. 1921–1991
1982 г.	Постановления Совета министров СССР за 1982 г. (за исключением Постановлений Совета министров СССР №№ 1075-306, 1085-308)	ГА РФ. Ф. Р-5446. Оп. 106с. Д. 2130.	Рассекречено в 2018 году	Совет народных комиссаров СССР – Совет Министров СССР. 1921–1991
1983 г.	Постановления Совета министров СССР за 1983 г.	ГА РФ. Ф. Р-5446. Оп. 106с. Д. 2132.	Рассекречено в 2018 году	Совет народных комиссаров СССР – Совет Министров СССР. 1921–1991
1983 г.	Постановления Совета министров СССР за 1983 г. (за исключением Постановления Совета министров СССР № 169-71)	ГА РФ. Ф. Р-5446. Оп. 106с. Д. 2133.	Рассекречено в 2018 году	Совет народных комиссаров СССР – Совет Министров СССР. 1921–1991
1983 г.	Постановления Совета министров СССР за 1983 г. (за исключением Постановления Совета министров СССР № 286-116сс)	ГА РФ. Ф. Р-5446. Оп. 106с. Д. 2134.	Рассекречено в 2018 году	Совет народных комиссаров СССР – Совет Министров СССР. 1921–1991
1983 г.	Постановления Совета министров СССР за 1983 г. (за исключением Постановления Совета министров СССР № 392-141)	ГА РФ. Ф. Р-5446. Оп. 106с. Д. 2135.	Рассекречено в 2018 году	Совет народных комиссаров СССР – Совет Министров СССР. 1921–1991
1983 г.	Постановления Совета министров СССР за 1983 г. (за исключением Постановления Совета министров СССР № 566-192сс)	ГА РФ. Ф. Р-5446. Оп. 106с. Д. 2136.	Рассекречено в 2018 году	Совет народных комиссаров СССР – Совет Министров СССР. 1921–1991
1983 г.	Постановления Совета министров СССР за 1983 г.	ГА РФ. Ф. Р-5446. Оп. 106с. Д. 2137.	Рассекречено в 2018 году	Совет народных комиссаров СССР – Совет Министров СССР. 1921–1991
1983 г.	Постановления Совета министров СССР за 1983 г.	ГА РФ. Ф. Р-5446. Оп. 106с. Д. 2138.	Рассекречено в 2018 году	Совет народных комиссаров СССР – Совет Министров СССР. 1921–1991
1983 г.	Постановления Совета министров СССР за 1983 г.	ГА РФ. Ф. Р-5446. Оп. 106с. Д. 2139.	Рассекречено в 2018 году	Совет народных комиссаров СССР – Совет Министров СССР. 1921–1991
1983 г.	Постановления Совета министров СССР за 1983 г. (за исключением Постановления Совета министров СССР № 1046-334)	ГА РФ. Ф. Р-5446. Оп. 106с. Д. 2140.	Рассекречено в 2018 году	Совет народных комиссаров СССР – Совет Министров СССР. 1921–1991
1983 г.	Постановления Совета министров СССР за 1983 г. (за исключением Постановления Совета министров СССР № 1180-381)	ГА РФ. Ф. Р-5446. Оп. 106с. Д. 2141.	Рассекречено в 2018 году	Совет народных комиссаров СССР – Совет Министров СССР. 1921–1991
1983 г.	Постановления Совета министров СССР за 1983 г.	ГА РФ. Ф. Р-5446. Оп. 106с. Д. 2142.	Рассекречено в 2018 году	Совет народных комиссаров СССР – Совет Министров СССР. 1921–1991
1983 г.	Постановления Совета министров СССР за 1983 г.	ГА РФ. Ф. Р-5446. Оп. 106с. Д. 2143.	Рассекречено в 2018 году	Совет народных комиссаров СССР – Совет Министров СССР. 1921–1991
1983 г.	Постановления Совета министров СССР за 1983 г.	ГА РФ. Ф. Р-5446. Оп. 106с. Д. 2144.	Рассекречено в 2018 году	Совет народных комиссаров СССР – Совет Министров СССР. 1921–1991
1983 г.	Постановления Совета министров СССР за 1983 г.	ГА РФ. Ф. Р-5446. Оп. 106с. Д. 2145.	Рассекречено в 2018 году	Совет народных комиссаров СССР – Совет Министров СССР. 1921–1991
1983 г.	Постановления Совета министров СССР за 1983 г.	ГА РФ. Ф. Р-5446. Оп. 106с. Д. 2146.	Рассекречено в 2018 году	Совет народных комиссаров СССР – Совет Министров СССР. 1921–1991
1983 г.	Постановления Совета министров СССР за 1983 г.	ГА РФ. Ф. Р-5446. Оп. 106с. Д. 2147.	Рассекречено в 2018 году	Совет народных комиссаров СССР – Совет Министров СССР. 1921–1991
1983 г.	Постановления Совета министров СССР за 1983 г.	ГА РФ. Ф. Р-5446. Оп. 106с. Д. 2148.	Рассекречено в 2018 году	Совет народных комиссаров СССР – Совет Министров СССР. 1921–1991
1983 г.	Постановления Совета министров СССР за 1983 г.	ГА РФ. Ф. Р-5446. Оп. 106с. Д. 2149.	Рассекречено в 2018 году	Совет народных комиссаров СССР – Совет Министров СССР. 1921–1991
1983 г.	Постановления Совета министров СССР за 1983 г.	ГА РФ. Ф. Р-5446. Оп. 106с. Д. 2150.	Рассекречено в 2018 году	Совет народных комиссаров СССР – Совет Министров СССР. 1921–1991
1983 г.	Постановления Совета министров СССР за 1983 г.	ГА РФ. Ф. Р-5446. Оп. 106с. Д. 2151.	Рассекречено в 2018 году	Совет народных комиссаров СССР – Совет Министров СССР. 1921–1991
1983 г.	Постановления Совета министров СССР за 1983 г.	ГА РФ. Ф. Р-5446. Оп. 106с. Д. 2152.	Рассекречено в 2018 году	Совет народных комиссаров СССР – Совет Министров СССР. 1921–1991
1983 г.	Постановления Совета министров СССР за 1983 г.	ГА РФ. Ф. Р-5446. Оп. 106с. Д. 2153.	Рассекречено в 2018 году	Совет народных комиссаров СССР – Совет Министров СССР. 1921–1991
1983 г.	Постановления Совета министров СССР за 1983 г.	ГА РФ. Ф. Р-5446. Оп. 106с. Д. 2154.	Рассекречено в 2018 году	Совет народных комиссаров СССР – Совет Министров СССР. 1921–1991
1983 г.	Постановления Совета министров СССР за 1983 г.	ГА РФ. Ф. Р-5446. Оп. 106с. Д. 2155.	Рассекречено в 2018 году	Совет народных комиссаров СССР – Совет Министров СССР. 1921–1991
1983 г.	Постановления Совета министров СССР за 1983 г.	ГА РФ. Ф. Р-5446. Оп. 106с. Д. 2156.	Рассекречено в 2018 году	Совет народных комиссаров СССР – Совет Министров СССР. 1921–1991
1983 г.	Постановления Совета министров СССР за 1983 г.	ГА РФ. Ф. Р-5446. Оп. 106с. Д. 2157.	Рассекречено в 2018 году	Совет народных комиссаров СССР – Совет Министров СССР. 1921–1991
1983 г.	Постановления Совета министров СССР за 1983 г.	ГА РФ. Ф. Р-5446. Оп. 106с. Д. 2158.	Рассекречено в 2018 году	Совет народных комиссаров СССР – Совет Министров СССР. 1921–1991
1983 г.	Постановления Совета министров СССР за 1983 г.	ГА РФ. Ф. Р-5446. Оп. 106с. Д. 2159.	Рассекречено в 2018 году	Совет народных комиссаров СССР – Совет Министров СССР. 1921–1991
1983 г.	Постановления Совета министров СССР за 1983 г.	ГА РФ. Ф. Р-5446. Оп. 106с. Д. 2160.	Рассекречено в 2018 году	Совет народных комиссаров СССР – Совет Министров СССР. 1921–1991
1983 г.	Постановления Совета министров СССР за 1983 г.	ГА РФ. Ф. Р-5446. Оп. 106с. Д. 2161.	Рассекречено в 2018 году	Совет народных комиссаров СССР – Совет Министров СССР. 1921–1991
1983 г.	Постановления Совета министров СССР за 1983 г.	ГА РФ. Ф. Р-5446. Оп. 106с. Д. 2162.	Рассекречено в 2018 году	Совет народных комиссаров СССР – Совет Министров СССР. 1921–1991
1983 г.	Постановления Совета министров СССР за 1983 г.	ГА РФ. Ф. Р-5446. Оп. 106с. Д. 2163.	Рассекречено в 2018 году	Совет народных комиссаров СССР – Совет Министров СССР. 1921–1991
1983 г.	Постановления Совета министров СССР за 1983 г.	ГА РФ. Ф. Р-5446. Оп. 106с. Д. 2164.	Рассекречено в 2018 году	Совет народных комиссаров СССР – Совет Министров СССР. 1921–1991
1983 г.	Постановления Совета министров СССР за 1983 г. (за исключением Постановления Совета министров СССР № 1208-403)	ГА РФ. Ф. Р-5446. Оп. 106с. Д. 2165.	Рассекречено в 2018 году	Совет народных комиссаров СССР – Совет Министров СССР. 1921–1991
1984 г.	Постановления Совета министров СССР за 1984 г. (за исключением Постановлений Совета министров СССР №№ 72-18, 148-45, 168-47)	ГА РФ. Ф. Р-5446. Оп. 106с. Д. 2167.	Рассекречено в 2018 году	Совет народных комиссаров СССР – Совет Министров СССР. 1921–1991
1984 г.	Постановления Совета министров СССР за 1984 г. (за исключением Постановлений Совета министров СССР №№ 212-60сс, 345-90)	ГА РФ. Ф. Р-5446. Оп. 106с. Д. 2168.	Рассекречено в 2018 году	Совет народных комиссаров СССР – Совет Министров СССР. 1921–1991
1984 г.	Постановления Совета министров СССР за 1984 г. (за исключением Постановления Совета министров СССР № 628-142сс)	ГА РФ. Ф. Р-5446. Оп. 106с. Д. 2169.	Рассекречено в 2018 году	Совет народных комиссаров СССР – Совет Министров СССР. 1921–1991
1984 г.	Постановления Совета министров СССР за 1984 г.	ГА РФ. Ф. Р-5446. Оп. 106с. Д. 2170.	Рассекречено в 2018 году	Совет народных комиссаров СССР – Совет Министров СССР. 1921–1991
1984 г.	Постановления Совета министров СССР за 1984 г. (за исключением Постановления Совета министров СССР № 919-207)	ГА РФ. Ф. Р-5446. Оп. 106с. Д. 2171.	Рассекречено в 2018 году	Совет народных комиссаров СССР – Совет Министров СССР. 1921–1991
1984 г.	Постановления Совета министров СССР за 1984 г.	ГА РФ. Ф. Р-5446. Оп. 106с. Д. 2172.	Рассекречено в 2018 году	Совет народных комиссаров СССР – Совет Министров СССР. 1921–1991
1984 г.	Постановления Совета министров СССР за 1984 г.	ГА РФ. Ф. Р-5446. Оп. 106с. Д. 2173.	Рассекречено в 2018 году	Совет народных комиссаров СССР – Совет Министров СССР. 1921–1991
1984 г.	Постановления Совета министров СССР за 1984 г.	ГА РФ. Ф. Р-5446. Оп. 106с. Д. 2174.	Рассекречено в 2018 году	Совет народных комиссаров СССР – Совет Министров СССР. 1921–1991
1984 г.	Постановления Совета министров СССР за 1984 г. (за исключением Постановлений Совета министров СССР №№ 1065-257сс, 2090-269)	ГА РФ. Ф. Р-5446. Оп. 106с. Д. 2175.	Рассекречено в 2018 году	Совет народных комиссаров СССР – Совет Министров СССР. 1921–1991
1984 г.	Постановления Совета министров СССР за 1984 г.	ГА РФ. Ф. Р-5446. Оп. 106с. Д. 2176.	Рассекречено в 2018 году	Совет народных комиссаров СССР – Совет Министров СССР. 1921–1991
1984 г.	Постановления Совета министров СССР за 1984 г.	ГА РФ. Ф. Р-5446. Оп. 106с. Д. 2177.	Рассекречено в 2018 году	Совет народных комиссаров СССР – Совет Министров СССР. 1921–1991
1984 г.	Постановления Совета министров СССР за 1984 г.	ГА РФ. Ф. Р-5446. Оп. 106с. Д. 2178.	Рассекречено в 2018 году	Совет народных комиссаров СССР – Совет Министров СССР. 1921–1991
1984 г.	Постановления Совета министров СССР за 1984 г.	ГА РФ. Ф. Р-5446. Оп. 106с. Д. 2179.	Рассекречено в 2018 году	Совет народных комиссаров СССР – Совет Министров СССР. 1921–1991
1984 г.	Постановления Совета министров СССР за 1984 г.	ГА РФ. Ф. Р-5446. Оп. 106с. Д. 2180.	Рассекречено в 2018 году	Совет народных комиссаров СССР – Совет Министров СССР. 1921–1991
1984 г.	Постановления Совета министров СССР за 1984 г.	ГА РФ. Ф. Р-5446. Оп. 106с. Д. 2181.	Рассекречено в 2018 году	Совет народных комиссаров СССР – Совет Министров СССР. 1921–1991
1984 г.	Постановления Совета министров СССР за 1984 г.	ГА РФ. Ф. Р-5446. Оп. 106с. Д. 2182.	Рассекречено в 2018 году	Совет народных комиссаров СССР – Совет Министров СССР. 1921–1991
1984 г.	Постановления Совета министров СССР за 1984 г.	ГА РФ. Ф. Р-5446. Оп. 106с. Д. 2183.	Рассекречено в 2018 году	Совет народных комиссаров СССР – Совет Министров СССР. 1921–1991
1984 г.	Постановления Совета министров СССР за 1984 г.	ГА РФ. Ф. Р-5446. Оп. 106с. Д. 2184.	Рассекречено в 2018 году	Совет народных комиссаров СССР – Совет Министров СССР. 1921–1991
1984 г.	Постановления Совета министров СССР за 1984 г.	ГА РФ. Ф. Р-5446. Оп. 106с. Д. 2185.	Рассекречено в 2018 году	Совет народных комиссаров СССР – Совет Министров СССР. 1921–1991
1984 г.	Постановления Совета министров СССР за 1984 г.	ГА РФ. Ф. Р-5446. Оп. 106с. Д. 2186.	Рассекречено в 2018 году	Совет народных комиссаров СССР – Совет Министров СССР. 1921–1991
1984 г.	Постановления Совета министров СССР за 1984 г.	ГА РФ. Ф. Р-5446. Оп. 106с. Д. 2187.	Рассекречено в 2018 году	Совет народных комиссаров СССР – Совет Министров СССР. 1921–1991
1984 г.	Постановления Совета министров СССР за 1984 г.	ГА РФ. Ф. Р-5446. Оп. 106с. Д. 2188.	Рассекречено в 2018 году	Совет народных комиссаров СССР – Совет Министров СССР. 1921–1991
1984 г.	Постановления Совета министров СССР за 1984 г.	ГА РФ. Ф. Р-5446. Оп. 106с. Д. 2189.	Рассекречено в 2018 году	Совет народных комиссаров СССР – Совет Министров СССР. 1921–1991
1984 г.	Постановления Совета министров СССР за 1984 г.	ГА РФ. Ф. Р-5446. Оп. 106с. Д. 2190.	Рассекречено в 2018 году	Совет народных комиссаров СССР – Совет Министров СССР. 1921–1991
1984 г.	Постановления Совета министров СССР за 1984 г.	ГА РФ. Ф. Р-5446. Оп. 106с. Д. 2191.	Рассекречено в 2018 году	Совет народных комиссаров СССР – Совет Министров СССР. 1921–1991
1984 г.	Постановления Совета министров СССР за 1984 г.	ГА РФ. Ф. Р-5446. Оп. 106с. Д. 2192.	Рассекречено в 2018 году	Совет народных комиссаров СССР – Совет Министров СССР. 1921–1991
1984 г.	Постановления Совета министров СССР за 1984 г.	ГА РФ. Ф. Р-5446. Оп. 106с. Д. 2193.	Рассекречено в 2018 году	Совет народных комиссаров СССР – Совет Министров СССР. 1921–1991
1984 г.	Постановления Совета министров СССР за 1984 г.	ГА РФ. Ф. Р-5446. Оп. 106с. Д. 2194.	Рассекречено в 2018 году	Совет народных комиссаров СССР – Совет Министров СССР. 1921–1991
1984 г.	Постановления Совета министров СССР за 1984 г.	ГА РФ. Ф. Р-5446. Оп. 106с. Д. 2195.	Рассекречено в 2018 году	Совет народных комиссаров СССР – Совет Министров СССР. 1921–1991
1984 г.	Постановления Совета министров СССР за 1984 г.	ГА РФ. Ф. Р-5446. Оп. 106с. Д. 2196.	Рассекречено в 2018 году	Совет народных комиссаров СССР – Совет Министров СССР. 1921–1991
1984 г.	Постановления Совета министров СССР за 1984 г. (за исключением Постановления Совета министров СССР № 1157-292)	ГА РФ. Ф. Р-5446. Оп. 106с. Д. 2197.	Рассекречено в 2018 году	Совет народных комиссаров СССР – Совет Министров СССР. 1921–1991
1984 г.	Постановления Совета министров СССР за 1984 г.	ГА РФ. Ф. Р-5446. Оп. 106с. Д. 2198.	Рассекречено в 2018 году	Совет народных комиссаров СССР – Совет Министров СССР. 1921–1991
1984 г.	Постановления Совета министров СССР за 1984 г. (за исключением Постановления Совета министров СССР № 1241-328)	ГА РФ. Ф. Р-5446. Оп. 106с. Д. 2199.	Рассекречено в 2018 году	Совет народных комиссаров СССР – Совет Министров СССР. 1921–1991
1985 г.	Постановления Совета министров СССР за 1985 г. (за исключением Постановления Совета министров СССР № 8-5)	ГА РФ. Ф. Р-5446. Оп. 106с. Д. 2201.	Рассекречено в 2018 году	Совет народных комиссаров СССР – Совет Министров СССР. 1921–1991
1985 г.	Постановления Совета министров СССР за 1985 г. (за исключением Постановления Совета министров СССР № 121-45)	ГА РФ. Ф. Р-5446. Оп. 106с. Д. 2202.	Рассекречено в 2018 году	Совет народных комиссаров СССР – Совет Министров СССР. 1921–1991
1985 г.	Постановления Совета министров СССР за 1985 г.	ГА РФ. Ф. Р-5446. Оп. 106с. Д. 2203.	Рассекречено в 2018 году	Совет народных комиссаров СССР – Совет Министров СССР. 1921–1991
1985 г.	Постановления Совета министров СССР за 1985 г. (за исключением Постановления Совета министров СССР № 351-122)	ГА РФ. Ф. Р-5446. Оп. 106с. Д. 2204.	Рассекречено в 2018 году	Совет народных комиссаров СССР – Совет Министров СССР. 1921–1991
1985 г.	Постановления Совета министров СССР за 1985 г. (за исключением Постановления Совета министров СССР № 527-159)	ГА РФ. Ф. Р-5446. Оп. 106с. Д. 2205.	Рассекречено в 2018 году	Совет народных комиссаров СССР – Совет Министров СССР. 1921–1991
1985 г.	Постановления Совета министров СССР за 1985 г.	ГА РФ. Ф. Р-5446. Оп. 106с. Д. 2206.	Рассекречено в 2018 году	Совет народных комиссаров СССР – Совет Министров СССР. 1921–1991
1985 г.	Постановления Совета министров СССР за 1985 г.	ГА РФ. Ф. Р-5446. Оп. 106с. Д. 2207.	Рассекречено в 2018 году	Совет народных комиссаров СССР – Совет Министров СССР. 1921–1991
1985 г.	Постановления Совета министров СССР за 1985 г. (за исключением Постановления Совета министров СССР № 794-235сс)	ГА РФ. Ф. Р-5446. Оп. 106с. Д. 2208.	Рассекречено в 2018 году	Совет народных комиссаров СССР – Совет Министров СССР. 1921–1991
1985 г.	Постановления Совета министров СССР за 1985 г.	ГА РФ. Ф. Р-5446. Оп. 106с. Д. 2209.	Рассекречено в 2018 году	Совет народных комиссаров СССР – Совет Министров СССР. 1921–1991
1985 г.	Постановления Совета министров СССР за 1985 г. (за исключением Постановления Совета министров СССР № 967-293)	ГА РФ. Ф. Р-5446. Оп. 106с. Д. 2210.	Рассекречено в 2018 году	Совет народных комиссаров СССР – Совет Министров СССР. 1921–1991
1985 г.	Постановления Совета министров СССР за 1985 г.	ГА РФ. Ф. Р-5446. Оп. 106с. Д. 2211.	Рассекречено в 2018 году	Совет народных комиссаров СССР – Совет Министров СССР. 1921–1991
1985 г.	Постановления Совета министров СССР за 1985 г.	ГА РФ. Ф. Р-5446. Оп. 106с. Д. 2212.	Рассекречено в 2018 году	Совет народных комиссаров СССР – Совет Министров СССР. 1921–1991
1985 г.	Постановления Совета министров СССР за 1985 г.	ГА РФ. Ф. Р-5446. Оп. 106с. Д. 2213.	Рассекречено в 2018 году	Совет народных комиссаров СССР – Совет Министров СССР. 1921–1991
1985 г.	Постановления Совета министров СССР за 1985 г. (за исключением Постановления Совета министров СССР № 1039-308)	ГА РФ. Ф. Р-5446. Оп. 106с. Д. 2214.	Рассекречено в 2018 году	Совет народных комиссаров СССР – Совет Министров СССР. 1921–1991
1985 г.	Постановления Совета министров СССР за 1985 г.	ГА РФ. Ф. Р-5446. Оп. 106с. Д. 2215.	Рассекречено в 2018 году	Совет народных комиссаров СССР – Совет Министров СССР. 1921–1991
1985 г.	Постановления Совета министров СССР за 1985 г.	ГА РФ. Ф. Р-5446. Оп. 106с. Д. 2216.	Рассекречено в 2018 году	Совет народных комиссаров СССР – Совет Министров СССР. 1921–1991
1985 г.	Постановления Совета министров СССР за 1985 г.	ГА РФ. Ф. Р-5446. Оп. 106с. Д. 2217.	Рассекречено в 2018 году	Совет народных комиссаров СССР – Совет Министров СССР. 1921–1991
1985 г.	Постановления Совета министров СССР за 1985 г.	ГА РФ. Ф. Р-5446. Оп. 106с. Д. 2218.	Рассекречено в 2018 году	Совет народных комиссаров СССР – Совет Министров СССР. 1921–1991
1985 г.	Постановления Совета министров СССР за 1985 г.	ГА РФ. Ф. Р-5446. Оп. 106с. Д. 2219.	Рассекречено в 2018 году	Совет народных комиссаров СССР – Совет Министров СССР. 1921–1991
1985 г.	Постановления Совета министров СССР за 1985 г.	ГА РФ. Ф. Р-5446. Оп. 106с. Д. 2220.	Рассекречено в 2018 году	Совет народных комиссаров СССР – Совет Министров СССР. 1921–1991
1985 г.	Постановления Совета министров СССР за 1985 г.	ГА РФ. Ф. Р-5446. Оп. 106с. Д. 2221.	Рассекречено в 2018 году	Совет народных комиссаров СССР – Совет Министров СССР. 1921–1991
1985 г.	Постановления Совета министров СССР за 1985 г.	ГА РФ. Ф. Р-5446. Оп. 106с. Д. 2222.	Рассекречено в 2018 году	Совет народных комиссаров СССР – Совет Министров СССР. 1921–1991
1985 г.	Постановления Совета министров СССР за 1985 г.	ГА РФ. Ф. Р-5446. Оп. 106с. Д. 2223.	Рассекречено в 2018 году	Совет народных комиссаров СССР – Совет Министров СССР. 1921–1991
1985 г.	Постановления Совета министров СССР за 1985 г.	ГА РФ. Ф. Р-5446. Оп. 106с. Д. 2224.	Рассекречено в 2018 году	Совет народных комиссаров СССР – Совет Министров СССР. 1921–1991
1985 г.	Постановления Совета министров СССР за 1985 г.	ГА РФ. Ф. Р-5446. Оп. 106с. Д. 2225.	Рассекречено в 2018 году	Совет народных комиссаров СССР – Совет Министров СССР. 1921–1991
1985 г.	Постановления Совета министров СССР за 1985 г.	ГА РФ. Ф. Р-5446. Оп. 106с. Д. 2226.	Рассекречено в 2018 году	Совет народных комиссаров СССР – Совет Министров СССР. 1921–1991
1985 г.	Постановления Совета министров СССР за 1985 г.	ГА РФ. Ф. Р-5446. Оп. 106с. Д. 2227.	Рассекречено в 2018 году	Совет народных комиссаров СССР – Совет Министров СССР. 1921–1991
1985 г.	Постановления Совета министров СССР за 1985 г.	ГА РФ. Ф. Р-5446. Оп. 106с. Д. 2228.	Рассекречено в 2018 году	Совет народных комиссаров СССР – Совет Министров СССР. 1921–1991
1985 г.	Постановления Совета министров СССР за 1985 г.	ГА РФ. Ф. Р-5446. Оп. 106с. Д. 2229.	Рассекречено в 2018 году	Совет народных комиссаров СССР – Совет Министров СССР. 1921–1991
1985 г.	Постановления Совета министров СССР за 1985 г.	ГА РФ. Ф. Р-5446. Оп. 106с. Д. 2230.	Рассекречено в 2018 году	Совет народных комиссаров СССР – Совет Министров СССР. 1921–1991
1985 г.	Постановления Совета министров СССР за 1985 г.	ГА РФ. Ф. Р-5446. Оп. 106с. Д. 2231.	Рассекречено в 2018 году	Совет народных комиссаров СССР – Совет Министров СССР. 1921–1991
1985 г.	Постановления Совета министров СССР за 1985 г.	ГА РФ. Ф. Р-5446. Оп. 106с. Д. 2232.	Рассекречено в 2018 году	Совет народных комиссаров СССР – Совет Министров СССР. 1921–1991
1985 г.	Постановления Совета министров СССР за 1985 г.	ГА РФ. Ф. Р-5446. Оп. 106с. Д. 2233.	Рассекречено в 2018 году	Совет народных комиссаров СССР – Совет Министров СССР. 1921–1991
1985 г.	Постановления Совета министров СССР за 1985 г.	ГА РФ. Ф. Р-5446. Оп. 106с. Д. 2234.	Рассекречено в 2018 году	Совет народных комиссаров СССР – Совет Министров СССР. 1921–1991
1985 г.	Постановления Совета министров СССР за 1985 г.	ГА РФ. Ф. Р-5446. Оп. 106с. Д. 2235.	Рассекречено в 2018 году	Совет народных комиссаров СССР – Совет Министров СССР. 1921–1991
1985 г.	Постановления Совета министров СССР за 1985 г.	ГА РФ. Ф. Р-5446. Оп. 106с. Д. 2236.	Рассекречено в 2018 году	Совет народных комиссаров СССР – Совет Министров СССР. 1921–1991
1985 г.	Постановления Совета министров СССР за 1985 г.	ГА РФ. Ф. Р-5446. Оп. 106с. Д. 2237.	Рассекречено в 2018 году	Совет народных комиссаров СССР – Совет Министров СССР. 1921–1991
1985 г.	Постановления Совета министров СССР за 1985 г.	ГА РФ. Ф. Р-5446. Оп. 106с. Д. 2238.	Рассекречено в 2018 году	Совет народных комиссаров СССР – Совет Министров СССР. 1921–1991
1985 г.	Постановления Совета министров СССР за 1985 г. (за исключением Постановлений Совета министров СССР №№ 1129-332сс, 1239-357)	ГА РФ. Ф. Р-5446. Оп. 106с. Д. 2239.	Рассекречено в 2018 году	Совет народных комиссаров СССР – Совет Министров СССР. 1921–1991
1985 г.	Постановления Совета министров СССР за 1985 г.	ГА РФ. Ф. Р-5446. Оп. 106с. Д. 2240.	Рассекречено в 2018 году	Совет народных комиссаров СССР – Совет Министров СССР. 1921–1991
07.09.1936 г. – 17.10.1936 г.	Письмо А. Итигина председателю ВЦСПС Н.М. Швернику по вопросу закрытия еврейской школы в Белоруссии и проект письма Шверника в Наркомпрос БССР	ГА РФ. Ф. Р-5451. Оп. 75сч. Д. 1.	Рассекречено в 2018 году	Всесоюзный Центральный Совет Профессиональных Союзов (ВЦСПС). 1917–1990
12.12.1936 г.	Письмо П.М. Шадрина председателю ВЦСПС Н.М. Швернику о выборах в Верховный Совет СССР	ГА РФ. Ф. Р-5451. Оп. 75сч. Д. 2.	Рассекречено в 2018 году	Всесоюзный Центральный Совет Профессиональных Союзов (ВЦСПС). 1917–1990
05.02.1938 г. – 07.01.1939 г.	Письма граждан председателю ВЦСПС, депутату Верховного Совета СССР Н.М. Швернику о неправильном исключении из членов профсоюза, о разрешении сбора средств на строительство эскадрильи 13 дирижаблей имени погибших героев «СССР В-6» и в фонд «Наш ответ на происки кровавых фашистских каннибалов», об исключении из РККА по национальному признаку, об обложении единым сельскохозяйственным налогом кулаков кочевников по всему Крайнему Северу и др.	ГА РФ. Ф. Р-5451. Оп. 75сч. Д. 3.	Рассекречено в 2018 году	Всесоюзный Центральный Совет Профессиональных Союзов (ВЦСПС). 1917–1990
04.09.1940 г. – 15.10.1940 г.	Постановления ВЦСПС по вопросам утверждения руководящих профсоюзных кадров	ГА РФ. Ф. Р-5451. Оп. 76сч. Д. 4.	Рассекречено в 2018 году	Всесоюзный Центральный Совет Профессиональных Союзов (ВЦСПС). 1917–1990
1984, 1985 гг.	Номенклатуры дел на 1984–1985 гг.	РГА в г.Самаре. Ф. Р-27. Оп. 6-6. Д. 74.	Рассекречено в 2018 году	Открытое акционерное общество «Институт по проектированию и исследовательским работам в нефтяной промышленности «Гипровостокнефть» (ОАО «Гипровостокнефть») и его предшественники, г. Самара, 1936–
16.01.1984 г. – 25.11.1985 г.	Списки топографических карт по проектируемым объектам	РГА в г.Самаре. Ф. Р-27. Оп. 6-6. Д. 83.	Рассекречено в 2018 году	Открытое акционерное общество «Институт по проектированию и исследовательским работам в нефтяной промышленности «Гипровостокнефть» (ОАО «Гипровостокнефть») и его предшественники, г. Самара, 1936–
1986 г.	Тематический план научно-исследовательских и опытно-конструкторских работ КОНИИР на 1986 год	РГА в г.Самаре. Ф. Р-32. Оп. 5-6. Д. 21.	Рассекречено в 2018 году	Куйбышевское отделение ордена Трудового Красного Знамени Государственного научно-исследовательского института радио (КОНИИР) Министерства связи СССР, г. Куйбышев, 1954–
1986 г.	Отчет о выполнении плана научно-исследовательских, опытных проектных и конструкторских работ за 1986 год	РГА в г.Самаре. Ф. Р-32. Оп. 5-6. Д. 22.	Рассекречено в 2018 году	Куйбышевское отделение ордена Трудового Красного Знамени Государственного научно-исследовательского института радио (КОНИИР) Министерства связи СССР, г. Куйбышев, 1954–
1986 г.	Номенклатура особой важности, совершенно секретных и секретных дел Научно-исследовательского института химии и технологии полимеров им. академика В.А. Каргина	РГА в г.Самаре. Ф. Р-154. Оп. 1-6. Д. 839.	Рассекречено в 2018 году	Федеральное государственное унитарное предприятие «Научно-исследовательский институт химии и технологии полимеров имени академика В.А. Каргина с опытным заводом» (ФГУП «НИИ полимеров») Министерства промышленности и энергетики РФ и его предшественник, г. Дзержинск, Нижегородская область, 1951–
1987 г.	Номенклатура особой важности, совершенно секретных и секретных дел Научно-исследовательского института химии и технологии полимеров им. академика В.А. Каргина	РГА в г.Самаре. Ф. Р-154. Оп. 1-6. Д. 840.	Рассекречено в 2018 году	Федеральное государственное унитарное предприятие «Научно-исследовательский институт химии и технологии полимеров имени академика В.А. Каргина с опытным заводом» (ФГУП «НИИ полимеров») Министерства промышленности и энергетики РФ и его предшественник, г. Дзержинск, Нижегородская область, 1951–
1981 г.	Годовой отчет за 1981 год по основной финансовой деятельности предприятия п/я Р-6639	РГА в г.Самаре. Ф. Р-187. Оп. 2-6. Д. 729.	Рассекречено в 2018 году	Открытое акционерное общество «Самарский научно-технический комплекс им. Н.Д. Кузнецова» (ОАО «СНТК им. Н.Д. Кузнецова») и его предшественники, г. Самара, 1941–2011
1982 г.	Годовой отчет за 1982 год по основной финансовой деятельности Куйбышевского научно-производственного объединения «Труд»	РГА в г.Самаре. Ф. Р-187. Оп. 2-6. Д. 749.	Рассекречено в 2018 году	Открытое акционерное общество «Самарский научно-технический комплекс им. Н.Д. Кузнецова» (ОАО «СНТК им. Н.Д. Кузнецова») и его предшественники, г. Самара, 1941–2011
1985 г.	Годовой отчет по Куйбышевскому научно-производственному объединению «Труд» за 1985 год	РГА в г.Самаре. Ф. Р-187. Оп. 2-6. Д. 801.	Рассекречено в 2018 году	Открытое акционерное общество «Самарский научно-технический комплекс им. Н.Д. Кузнецова» (ОАО «СНТК им. Н.Д. Кузнецова») и его предшественники, г. Самара, 1941–2011
1966 г.	Вопросы надежности системы контроля работы двигателей	РГА в г.Самаре. Ф. Р-187. Оп. 11-1. Д. 97.	Рассекречено в 2018 году	Открытое акционерное общество «Самарский научно-технический комплекс им. Н.Д. Кузнецова» (ОАО «СНТК им. Н.Д. Кузнецова») и его предшественники, г. Самара, 1941–2011
1968 г.	Методы оценки работоспособности датчиков системы КОРД (контроля работы двигателей)	РГА в г.Самаре. Ф. Р-187. Оп. 11-1. Д. 140.	Рассекречено в 2018 году	Открытое акционерное общество «Самарский научно-технический комплекс им. Н.Д. Кузнецова» (ОАО «СНТК им. Н.Д. Кузнецова») и его предшественники, г. Самара, 1941–2011
1971 г.	Статистика испытаний сигнализаторов давления ЗСД-90, ЗСД-65, ЗСД-35	РГА в г.Самаре. Ф. Р-187. Оп. 11-1. Д. 262.	Рассекречено в 2018 году	Открытое акционерное общество «Самарский научно-технический комплекс им. Н.Д. Кузнецова» (ОАО «СНТК им. Н.Д. Кузнецова») и его предшественники, г. Самара, 1941–2011
04.01.1941 г. – 27.11.1941 г.	Приказы и распоряжения начальника Треста «Оргавиапром»	РГА в г.Самаре. Ф. Р-196. Оп. 1-6. Д. 5.	Рассекречено в 2018 году	Научно-исследовательский институт технологии и организации производства (НИАТ) Министерства авиационной промышленности СССР, Москва, 1920–
1941 г.	Приемо-сдаточный акт основной деятельности Треста «Оргавиапром»	РГА в г.Самаре. Ф. Р-196. Оп. 1-6. Д. 6.	Рассекречено в 2018 году	Научно-исследовательский институт технологии и организации производства (НИАТ) Министерства авиационной промышленности СССР, Москва, 1920–
08.01.1942 г. – 27.11.1942 г.	Приказы и распоряжения начальника Треста «Оргавиапром»	РГА в г.Самаре. Ф. Р-196. Оп. 1-6. Д. 12.	Рассекречено в 2018 году	Научно-исследовательский институт технологии и организации производства (НИАТ) Министерства авиационной промышленности СССР, Москва, 1920–
06.01.1943 г. – 10.11.1943 г.	Приказы и распоряжения начальника Оргавиапрома	РГА в г.Самаре. Ф. Р-196. Оп. 1-6. Д. 17.	Рассекречено в 2018 году	Научно-исследовательский институт технологии и организации производства (НИАТ) Министерства авиационной промышленности СССР, Москва, 1920–
08.03.1944 г. – 28.12.1944 г.	Приказы и распоряжения начальника Оргавиапрома	РГА в г.Самаре. Ф. Р-196. Оп. 1-6. Д. 22.	Рассекречено в 2018 году	Научно-исследовательский институт технологии и организации производства (НИАТ) Министерства авиационной промышленности СССР, Москва, 1920–
1944 г.	Приемо-сдаточный акт НИИ «Оргавиапром»	РГА в г.Самаре. Ф. Р-196. Оп. 1-6. Д. 28.	Рассекречено в 2018 году	Научно-исследовательский институт технологии и организации производства (НИАТ) Министерства авиационной промышленности СССР, Москва, 1920–
24.04.1945 г. – 30.10.1945 г.	Приказы и распоряжения начальника НИИ «Оргавиапром»	РГА в г.Самаре. Ф. Р-196. Оп. 1-6. Д. 30.	Рассекречено в 2018 году	Научно-исследовательский институт технологии и организации производства (НИАТ) Министерства авиационной промышленности СССР, Москва, 1920–
14.03.1946 г. – 30.12.1946 г.	Приказы и распоряжения начальника НИИ «Оргавиапром»	РГА в г.Самаре. Ф. Р-196. Оп. 1-6. Д. 37.	Рассекречено в 2018 году	Научно-исследовательский институт технологии и организации производства (НИАТ) Министерства авиационной промышленности СССР, Москва, 1920–
17.01.1947 г. – 03.12.1947 г.	Приказы и распоряжения начальника НИИ «Оргавиапром»	РГА в г.Самаре. Ф. Р-196. Оп. 1-6. Д. 47.	Рассекречено в 2018 году	Научно-исследовательский институт технологии и организации производства (НИАТ) Министерства авиационной промышленности СССР, Москва, 1920–
09.01.1948 г. – 31.12.1948 г.	Приказы и распоряжения начальника НИАТ	РГА в г.Самаре. Ф. Р-196. Оп. 1-6. Д. 58.	Рассекречено в 2018 году	Научно-исследовательский институт технологии и организации производства (НИАТ) Министерства авиационной промышленности СССР, Москва, 1920–
15.01.1949 г. – 28.12.1949 г.	Приказы и распоряжения начальника НИАТ	РГА в г.Самаре. Ф. Р-196. Оп. 1-6. Д. 68.	Рассекречено в 2018 году	Научно-исследовательский институт технологии и организации производства (НИАТ) Министерства авиационной промышленности СССР, Москва, 1920–
25.07.1950 г. – 09.08.1950 г.	Приказы и распоряжения начальника НИАТ	РГА в г.Самаре. Ф. Р-196. Оп. 1-6. Д. 80.	Рассекречено в 2018 году	Научно-исследовательский институт технологии и организации производства (НИАТ) Министерства авиационной промышленности СССР, Москва, 1920–
28.02.1950 г. – 30.12.1950 г.	Приказы и распоряжения начальника НИАТ	РГА в г.Самаре. Ф. Р-196. Оп. 1-6. Д. 81.	Рассекречено в 2018 году	Научно-исследовательский институт технологии и организации производства (НИАТ) Министерства авиационной промышленности СССР, Москва, 1920–
1950 г.	Годовой отчет о работе НИАТ за 1950 год. Доклад начальника института	РГА в г.Самаре. Ф. Р-196. Оп. 1-6. Д. 88.	Рассекречено в 2018 году	Научно-исследовательский институт технологии и организации производства (НИАТ) Министерства авиационной промышленности СССР, Москва, 1920–
06.01.1951 г. – 16.11.1951 г.	Приказы и распоряжения начальника НИАТ	РГА в г.Самаре. Ф. Р-196. Оп. 1-6. Д. 95.	Рассекречено в 2018 году	Научно-исследовательский институт технологии и организации производства (НИАТ) Министерства авиационной промышленности СССР, Москва, 1920–
1951 г.	Годовой отчет НИАТ за 1951 год. Доклад начальника института	РГА в г.Самаре. Ф. Р-196. Оп. 1-6. Д. 105.	Рассекречено в 2018 году	Научно-исследовательский институт технологии и организации производства (НИАТ) Министерства авиационной промышленности СССР, Москва, 1920–
11.02.1952 г. – 21.10.1952 г.	Приказы и распоряжения начальника НИАТ. Часть 1	РГА в г.Самаре. Ф. Р-196. Оп. 1-6. Д. 111.	Рассекречено в 2018 году	Научно-исследовательский институт технологии и организации производства (НИАТ) Министерства авиационной промышленности СССР, Москва, 1920–
15.01.1952 г. – 22.11.1952 г.	Приказы и распоряжения начальника НИАТ.	РГА в г.Самаре. Ф. Р-196. Оп. 1-6. Д. 112.	Рассекречено в 2018 году	Научно-исследовательский институт технологии и организации производства (НИАТ) Министерства авиационной промышленности СССР, Москва, 1920–
1952 г.	Годовой отчет о работе НИАТ за 1952 год. Доклад начальника института	РГА в г.Самаре. Ф. Р-196. Оп. 1-6. Д. 125.	Рассекречено в 2018 году	Научно-исследовательский институт технологии и организации производства (НИАТ) Министерства авиационной промышленности СССР, Москва, 1920–
20.01.1953 г. – 04.02.1953 г.	Приказы и распоряжения начальника НИАТ	РГА в г.Самаре. Ф. Р-196. Оп. 1-6. Д. 131.	Рассекречено в 2018 году	Научно-исследовательский институт технологии и организации производства (НИАТ) Министерства авиационной промышленности СССР, Москва, 1920–
13.01.1953 г. – 29.12.1953 г.	Приказы и распоряжения начальника НИАТ	РГА в г.Самаре. Ф. Р-196. Оп. 1-6. Д. 132.	Рассекречено в 2018 году	Научно-исследовательский институт технологии и организации производства (НИАТ) Министерства авиационной промышленности СССР, Москва, 1920–
1953 г.	Годовой отчет о работе НИАТ за 1953 год. Доклад начальника института	РГА в г.Самаре. Ф. Р-196. Оп. 1-6. Д. 144.	Рассекречено в 2018 году	Научно-исследовательский институт технологии и организации производства (НИАТ) Министерства авиационной промышленности СССР, Москва, 1920–
28.04.1954 г. – 02.08.1954 г.	Приказы и распоряжения начальника НИАТ	РГА в г.Самаре. Ф. Р-196. Оп. 1-6. Д. 150.	Рассекречено в 2018 году	Научно-исследовательский институт технологии и организации производства (НИАТ) Министерства авиационной промышленности СССР, Москва, 1920–
16.02.1954 г. – 25.11.1954 г.	Приказы и распоряжения начальника НИАТ	РГА в г.Самаре. Ф. Р-196. Оп. 1-6. Д. 151.	Рассекречено в 2018 году	Научно-исследовательский институт технологии и организации производства (НИАТ) Министерства авиационной промышленности СССР, Москва, 1920–
1954 г.	Отчет о деятельности НИАТ за 1954 год. Доклад начальника института	РГА в г.Самаре. Ф. Р-196. Оп. 1-6. Д. 160.	Рассекречено в 2018 году	Научно-исследовательский институт технологии и организации производства (НИАТ) Министерства авиационной промышленности СССР, Москва, 1920–
26.01.1955 г. – 26.01.1985 г.	Приказы и распоряжения начальника НИАТ	РГА в г.Самаре. Ф. Р-196. Оп. 1-6. Д. 168.	Рассекречено в 2018 году	Научно-исследовательский институт технологии и организации производства (НИАТ) Министерства авиационной промышленности СССР, Москва, 1920–
08.02.1955 г. – 18.04.1955 г.	Приказы и распоряжения начальника НИАТ	РГА в г.Самаре. Ф. Р-196. Оп. 1-6. Д. 169.	Рассекречено в 2018 году	Научно-исследовательский институт технологии и организации производства (НИАТ) Министерства авиационной промышленности СССР, Москва, 1920–
1955 г.	Отчет о деятельности НИАТ за 1955 год	РГА в г.Самаре. Ф. Р-196. Оп. 1-6. Д. 175.	Рассекречено в 2018 году	Научно-исследовательский институт технологии и организации производства (НИАТ) Министерства авиационной промышленности СССР, Москва, 1920–
16.01.1956 г. – 11.09.1956 г.	Приказы и распоряжения начальника НИАТ	РГА в г.Самаре. Ф. Р-196. Оп. 1-6. Д. 188.	Рассекречено в 2018 году	Научно-исследовательский институт технологии и организации производства (НИАТ) Министерства авиационной промышленности СССР, Москва, 1920–
1956 г.	Отчет о деятельности НИАТ за 1956 год Доклад начальника института	РГА в г.Самаре. Ф. Р-196. Оп. 1-6. Д. 194.	Рассекречено в 2018 году	Научно-исследовательский институт технологии и организации производства (НИАТ) Министерства авиационной промышленности СССР, Москва, 1920–
16.05.1957 г. – 04.09.1957 г.	Приказы и распоряжения начальника НИАТ	РГА в г.Самаре. Ф. Р-196. Оп. 1-6. Д. 203.	Рассекречено в 2018 году	Научно-исследовательский институт технологии и организации производства (НИАТ) Министерства авиационной промышленности СССР, Москва, 1920–
07.01.1958 г. – 09.07.1958 г.	Приказы и распоряжения начальника НИАТ. Отчеты по приказам	РГА в г.Самаре. Ф. Р-196. Оп. 1-6. Д. 217.	Рассекречено в 2018 году	Научно-исследовательский институт технологии и организации производства (НИАТ) Министерства авиационной промышленности СССР, Москва, 1920–
05.03.1958 г. – 12.09.1958 г.	Приказы и распоряжения начальника НИАТ и отчеты по приказам ГК по авиационной технике	РГА в г.Самаре. Ф. Р-196. Оп. 1-6. Д. 218.	Рассекречено в 2018 году	Научно-исследовательский институт технологии и организации производства (НИАТ) Министерства авиационной промышленности СССР, Москва, 1920–
1958 г.	Отчет о деятельности НИАТ за 1958 год. Доклад начальника института	РГА в г.Самаре. Ф. Р-196. Оп. 1-6. Д. 225.	Рассекречено в 2018 году	Научно-исследовательский институт технологии и организации производства (НИАТ) Министерства авиационной промышленности СССР, Москва, 1920–
06.04.1959 г. – 18.12.1959 г.	Приказы и распоряжения начальника НИАТ и отчеты по приказам ГКАТ	РГА в г.Самаре. Ф. Р-196. Оп. 1-6. Д. 231.	Рассекречено в 2018 году	Научно-исследовательский институт технологии и организации производства (НИАТ) Министерства авиационной промышленности СССР, Москва, 1920–
12.02.1959 г. – 29.10.1959 г.	Приказы и распоряжения начальника НИАТ и отчеты по приказам ГКАТ	РГА в г.Самаре. Ф. Р-196. Оп. 1-6. Д. 232.	Рассекречено в 2018 году	Научно-исследовательский институт технологии и организации производства (НИАТ) Министерства авиационной промышленности СССР, Москва, 1920–
1959 г.	Отчет о деятельности НИАТ за 1959 год Доклад начальника института	РГА в г.Самаре. Ф. Р-196. Оп. 1-6. Д. 240.	Рассекречено в 2018 году	Научно-исследовательский институт технологии и организации производства (НИАТ) Министерства авиационной промышленности СССР, Москва, 1920–
08.01.1960 г. – 17.11.1960 г.	Приказы и распоряжения начальника НИАТ и отчеты по приказам ГКАТ	РГА в г.Самаре. Ф. Р-196. Оп. 1-6. Д. 248.	Рассекречено в 2018 году	Научно-исследовательский институт технологии и организации производства (НИАТ) Министерства авиационной промышленности СССР, Москва, 1920–
05.01.1960 г. – 31.12.1960 г.	Приказы и распоряжения начальника НИАТ и отчеты по приказам ГКАТ	РГА в г.Самаре. Ф. Р-196. Оп. 1-6. Д. 249.	Рассекречено в 2018 году	Научно-исследовательский институт технологии и организации производства (НИАТ) Министерства авиационной промышленности СССР, Москва, 1920–
05.05.1960 г. – 17.11.1960 г.	Приказы и распоряжения начальника НИАТ по работам 4 Главного Управления Министерства Обороны	РГА в г.Самаре. Ф. Р-196. Оп. 1-6. Д. 250.	Рассекречено в 2018 году	Научно-исследовательский институт технологии и организации производства (НИАТ) Министерства авиационной промышленности СССР, Москва, 1920–
19.01.1960 г. – 17.05.1960 г.	Приказы и распоряжения начальника НИАТ по работам Средмаша	РГА в г.Самаре. Ф. Р-196. Оп. 1-6. Д. 251.	Рассекречено в 2018 году	Научно-исследовательский институт технологии и организации производства (НИАТ) Министерства авиационной промышленности СССР, Москва, 1920–
1960 г.	Отчет о деятельности НИАТ за 1960 год Доклад начальника института	РГА в г.Самаре. Ф. Р-196. Оп. 1-6. Д. 263.	Рассекречено в 2018 году	Научно-исследовательский институт технологии и организации производства (НИАТ) Министерства авиационной промышленности СССР, Москва, 1920–
18.01.1961 г. – 28.12.1961 г.	Приказы и распоряжения начальника НИАТ и отчеты по приказам ГКАТ	РГА в г.Самаре. Ф. Р-196. Оп. 1-6. Д. 272.	Рассекречено в 2018 году	Научно-исследовательский институт технологии и организации производства (НИАТ) Министерства авиационной промышленности СССР, Москва, 1920–
20.01.1961 г. – 14.12.1961 г.	Приказы и распоряжения начальника НИАТ и отчеты по приказам ГКАТ	РГА в г.Самаре. Ф. Р-196. Оп. 1-6. Д. 273.	Рассекречено в 2018 году	Научно-исследовательский институт технологии и организации производства (НИАТ) Министерства авиационной промышленности СССР, Москва, 1920–
1961 г.	Важнейшие направления и основные проблемы научно-исследовательских работ НИАТ на 1961-1980 гг.	РГА в г.Самаре. Ф. Р-196. Оп. 1-6. Д. 280.	Рассекречено в 2018 году	Научно-исследовательский институт технологии и организации производства (НИАТ) Министерства авиационной промышленности СССР, Москва, 1920–
1961 г.	Отчет о деятельности НИАТ за 1961 год Доклад начальника института	РГА в г.Самаре. Ф. Р-196. Оп. 1-6. Д. 286.	Рассекречено в 2018 году	Научно-исследовательский институт технологии и организации производства (НИАТ) Министерства авиационной промышленности СССР, Москва, 1920–
04.01.1962 г. – 11.12.1962 г.	Приказы и распоряжения начальника НИАТ и отчеты по приказам ГКАТ	РГА в г.Самаре. Ф. Р-196. Оп. 1-6. Д. 297.	Рассекречено в 2018 году	Научно-исследовательский институт технологии и организации производства (НИАТ) Министерства авиационной промышленности СССР, Москва, 1920–
06.01.1962 г. – 30.12.1962 г.	Приказы и распоряжения начальника НИАТ и отчеты по приказам ГКАТ	РГА в г.Самаре. Ф. Р-196. Оп. 1-6. Д. 298.	Рассекречено в 2018 году	Научно-исследовательский институт технологии и организации производства (НИАТ) Министерства авиационной промышленности СССР, Москва, 1920–
16.12.1961 г. – 17.08.1962 г.	Двадцатилетние планы подразделений и подведомственных институту организаций. Часть I. (1962-1980 гг.)	РГА в г.Самаре. Ф. Р-196. Оп. 1-6. Д. 304.	Рассекречено в 2018 году	Научно-исследовательский институт технологии и организации производства (НИАТ) Министерства авиационной промышленности СССР, Москва, 1920–
24.08.1962 г. – 17.11.1962 г.	Двадцатилетние планы подразделений и подведомственных институту организаций. Часть II. (1962-1980 гг.)	РГА в г.Самаре. Ф. Р-196. Оп. 1-6. Д. 305.	Рассекречено в 2018 году	Научно-исследовательский институт технологии и организации производства (НИАТ) Министерства авиационной промышленности СССР, Москва, 1920–
1962 г.	Отчет о деятельности института за 1962 год. Доклад начальника института	РГА в г.Самаре. Ф. Р-196. Оп. 1-6. Д. 309.	Рассекречено в 2018 году	Научно-исследовательский институт технологии и организации производства (НИАТ) Министерства авиационной промышленности СССР, Москва, 1920–
1962 г.	Технический отчет о работе сектора технологии производства летательных аппаратов. Отрасль ракетостроения за 1962 год.	РГА в г.Самаре. Ф. Р-196. Оп. 1-6. Д. 311.	Рассекречено в 2018 году	Научно-исследовательский институт технологии и организации производства (НИАТ) Министерства авиационной промышленности СССР, Москва, 1920–
1962 г.	Технический отчет о работе сектора технологии производства летательных аппаратов по отрасли самолето-вертолетостроения за 1962 год	РГА в г.Самаре. Ф. Р-196. Оп. 1-6. Д. 312.	Рассекречено в 2018 году	Научно-исследовательский институт технологии и организации производства (НИАТ) Министерства авиационной промышленности СССР, Москва, 1920–
26.01.1963 г. – 24.12.1963 г.	Приказы и распоряжения начальника НИАТ и отчеты по приказам ГКАТ	РГА в г.Самаре. Ф. Р-196. Оп. 1-6. Д. 330.	Рассекречено в 2018 году	Научно-исследовательский институт технологии и организации производства (НИАТ) Министерства авиационной промышленности СССР, Москва, 1920–
28.12.1962 г. – 19.12.1963 г.	Приказы и распоряжения начальника НИАТ	РГА в г.Самаре. Ф. Р-196. Оп. 1-6. Д. 331.	Рассекречено в 2018 году	Научно-исследовательский институт технологии и организации производства (НИАТ) Министерства авиационной промышленности СССР, Москва, 1920–
1963 г.	Технический отчет о деятельности института в области самолетостроения и вертолетостроения за 1963 год	РГА в г.Самаре. Ф. Р-196. Оп. 1-6. Д. 340.	Рассекречено в 2018 году	Научно-исследовательский институт технологии и организации производства (НИАТ) Министерства авиационной промышленности СССР, Москва, 1920–
1963 г.	Технический отчет о деятельности института в области ракетостроения за 1963 год	РГА в г.Самаре. Ф. Р-196. Оп. 1-6. Д. 343.	Рассекречено в 2018 году	Научно-исследовательский институт технологии и организации производства (НИАТ) Министерства авиационной промышленности СССР, Москва, 1920–
1963 г.	Отчет о деятельности института за 1963 год. Доклад начальника института	РГА в г.Самаре. Ф. Р-196. Оп. 1-6. Д. 345.	Рассекречено в 2018 году	Научно-исследовательский институт технологии и организации производства (НИАТ) Министерства авиационной промышленности СССР, Москва, 1920–
31.08.1963 г. – 03.12.1953 г.	Протоколы, решения и другие материалы научно-технического совета института	РГА в г.Самаре. Ф. Р-196. Оп. 1-6. Д. 347.	Рассекречено в 2018 году	Научно-исследовательский институт технологии и организации производства (НИАТ) Министерства авиационной промышленности СССР, Москва, 1920–
13.01.1964 г. – 29.12.1964 г.	Приказы и распоряжения начальника НИАТ	РГА в г.Самаре. Ф. Р-196. Оп. 1-6. Д. 360.	Рассекречено в 2018 году	Научно-исследовательский институт технологии и организации производства (НИАТ) Министерства авиационной промышленности СССР, Москва, 1920–
13.01.1964 г. – 12.12.1964 г.	Приказы и распоряжения начальника НИАТ	РГА в г.Самаре. Ф. Р-196. Оп. 1-6. Д. 361.	Рассекречено в 2018 году	Научно-исследовательский институт технологии и организации производства (НИАТ) Министерства авиационной промышленности СССР, Москва, 1920–
12.02.1965 г.	Технический отчет о деятельности института по ракетостроению за 1964 год	РГА в г.Самаре. Ф. Р-196. Оп. 1-6. Д. 374.	Рассекречено в 2018 году	Научно-исследовательский институт технологии и организации производства (НИАТ) Министерства авиационной промышленности СССР, Москва, 1920–
12.02.1965 г.	Отчет о деятельности института за 1964 год	РГА в г.Самаре. Ф. Р-196. Оп. 1-6. Д. 375.	Рассекречено в 2018 году	Научно-исследовательский институт технологии и организации производства (НИАТ) Министерства авиационной промышленности СССР, Москва, 1920–
02.01.1964 г. – 11.03.1964 г.	Материалы по защите диссертаций (протоколы, отзывы, переписка). Часть 1	РГА в г.Самаре. Ф. Р-196. Оп. 1-6. Д. 377.	Рассекречено в 2018 году	Научно-исследовательский институт технологии и организации производства (НИАТ) Министерства авиационной промышленности СССР, Москва, 1920–
12.03.1964 г. – 11.05.1964 г.	Материалы по защите диссертаций (протоколы, отзывы, переписка). Часть II	РГА в г.Самаре. Ф. Р-196. Оп. 1-6. Д. 378.	Рассекречено в 2018 году	Научно-исследовательский институт технологии и организации производства (НИАТ) Министерства авиационной промышленности СССР, Москва, 1920–
13.04.1964 г. – 31.12.1964 г.	Материалы по защите диссертаций (протоколы, отзывы, переписка). Часть III	РГА в г.Самаре. Ф. Р-196. Оп. 1-6. Д. 379.	Рассекречено в 2018 году	Научно-исследовательский институт технологии и организации производства (НИАТ) Министерства авиационной промышленности СССР, Москва, 1920–
1963 г.	Производственно-технический паспорт на 01.01.1964	РГА в г.Самаре. Ф. Р-196. Оп. 1-6. Д. 383.	Рассекречено в 2018 году	Научно-исследовательский институт технологии и организации производства (НИАТ) Министерства авиационной промышленности СССР, Москва, 1920–
08.01.1965 г. – 28.12.1965 г.	Приказы и распоряжения начальника НИАТ	РГА в г.Самаре. Ф. Р-196. Оп. 1-6. Д. 388.	Рассекречено в 2018 году	Научно-исследовательский институт технологии и организации производства (НИАТ) Министерства авиационной промышленности СССР, Москва, 1920–
04.01.1965 г. – 28.12.1965 г.	Приказы и распоряжения начальника НИАТ	РГА в г.Самаре. Ф. Р-196. Оп. 1-6. Д. 389.	Рассекречено в 2018 году	Научно-исследовательский институт технологии и организации производства (НИАТ) Министерства авиационной промышленности СССР, Москва, 1920–
13.01.1965 г. – 22.06.1965 г.	Материалы по защите диссертаций (отзывы, письма) Часть 1	РГА в г.Самаре. Ф. Р-196. Оп. 1-6. Д. 401.	Рассекречено в 2018 году	Научно-исследовательский институт технологии и организации производства (НИАТ) Министерства авиационной промышленности СССР, Москва, 1920–
11.06.1965 г. – 02.10.1965 г.	Материалы по защите диссертаций (отзывы, письма) Часть II	РГА в г.Самаре. Ф. Р-196. Оп. 1-6. Д. 402.	Рассекречено в 2018 году	Научно-исследовательский институт технологии и организации производства (НИАТ) Министерства авиационной промышленности СССР, Москва, 1920–
02.10.1965 г. – 30.12.1965 г.	Материалы по защите диссертаций (отзывы, письма) Часть III	РГА в г.Самаре. Ф. Р-196. Оп. 1-6. Д. 403.	Рассекречено в 2018 году	Научно-исследовательский институт технологии и организации производства (НИАТ) Министерства авиационной промышленности СССР, Москва, 1920–
22.10.1965 г.	Производственно-технический паспорт на 01.01.1965	РГА в г.Самаре. Ф. Р-196. Оп. 1-6. Д. 407.	Рассекречено в 2018 году	Научно-исследовательский институт технологии и организации производства (НИАТ) Министерства авиационной промышленности СССР, Москва, 1920–
07.01.1966 г. – 12.11.1966 г.	Приказы и директивные письма Министерства авиационной промышленности, относящиеся к деятельности НИАТ	РГА в г.Самаре. Ф. Р-196. Оп. 1-6. Д. 410.	Рассекречено в 2018 году	Научно-исследовательский институт технологии и организации производства (НИАТ) Министерства авиационной промышленности СССР, Москва, 1920–
04.01.1966 г. – 07.12.1966 г.	Приказы и директивные письма МАП, относящиеся к деятельности НИАТ	РГА в г.Самаре. Ф. Р-196. Оп. 1-6. Д. 411.	Рассекречено в 2018 году	Научно-исследовательский институт технологии и организации производства (НИАТ) Министерства авиационной промышленности СССР, Москва, 1920–
01.04.1966 г. – 02.12.1966 г.	Приказы и распоряжения начальника НИАТ по основной деятельности	РГА в г.Самаре. Ф. Р-196. Оп. 1-6. Д. 412.	Рассекречено в 2018 году	Научно-исследовательский институт технологии и организации производства (НИАТ) Министерства авиационной промышленности СССР, Москва, 1920–
06.01.1966 г. – 06.12.1966 г.	Приказы и распоряжения начальника НИАТ по основной деятельности	РГА в г.Самаре. Ф. Р-196. Оп. 1-6. Д. 413.	Рассекречено в 2018 году	Научно-исследовательский институт технологии и организации производства (НИАТ) Министерства авиационной промышленности СССР, Москва, 1920–
03.02.1967 г.	Отчет о деятельности института за 1966 год (доклад)	РГА в г.Самаре. Ф. Р-196. Оп. 1-6. Д. 417.	Рассекречено в 2018 году	Научно-исследовательский институт технологии и организации производства (НИАТ) Министерства авиационной промышленности СССР, Москва, 1920–
04.02.1967 г.	Технический отчет о деятельности института в области самолето- и вертолетостроения за 1966 год	РГА в г.Самаре. Ф. Р-196. Оп. 1-6. Д. 418.	Рассекречено в 2018 году	Научно-исследовательский институт технологии и организации производства (НИАТ) Министерства авиационной промышленности СССР, Москва, 1920–
04.01.1966 г. – 04.03.1966 г.	Материалы по защите диссертации (отзывы, письма) Часть 1	РГА в г.Самаре. Ф. Р-196. Оп. 1-6. Д. 425.	Рассекречено в 2018 году	Научно-исследовательский институт технологии и организации производства (НИАТ) Министерства авиационной промышленности СССР, Москва, 1920–
04.01.1966 г. – 06.07.1966 г.	Материалы по защите диссертаций (отзывы, письма) Часть II	РГА в г.Самаре. Ф. Р-196. Оп. 1-6. Д. 426.	Рассекречено в 2018 году	Научно-исследовательский институт технологии и организации производства (НИАТ) Министерства авиационной промышленности СССР, Москва, 1920–
09.04.1966 г. – 30.11.1966 г.	Материалы по защите диссертаций (отзывы, письма) Часть III	РГА в г.Самаре. Ф. Р-196. Оп. 1-6. Д. 427.	Рассекречено в 2018 году	Научно-исследовательский институт технологии и организации производства (НИАТ) Министерства авиационной промышленности СССР, Москва, 1920–
10.12.1966 г. – 16.12.1966 г.	Материалы по защите диссертаций (отзывы, письма)	РГА в г.Самаре. Ф. Р-196. Оп. 1-6. Д. 428.	Рассекречено в 2018 году	Научно-исследовательский институт технологии и организации производства (НИАТ) Министерства авиационной промышленности СССР, Москва, 1920–
1965 г.	Производственно-технический паспорт НИАТ по состоянию на 01.01.1966	РГА в г.Самаре. Ф. Р-196. Оп. 1-6. Д. 433.	Рассекречено в 2018 году	Научно-исследовательский институт технологии и организации производства (НИАТ) Министерства авиационной промышленности СССР, Москва, 1920–
04.01.1967 г. – 13.10.1967 г.	Приказы и директивные письма Министерства авиационной промышленности, относящиеся к деятельности НИАТ	РГА в г.Самаре. Ф. Р-196. Оп. 1-6. Д. 436.	Рассекречено в 2018 году	Научно-исследовательский институт технологии и организации производства (НИАТ) Министерства авиационной промышленности СССР, Москва, 1920–
04.01.1967 г. – 29.12.1967 г.	Приказы и директивные письма Министерства авиационной промышленности, относящиеся к деятельности НИАТ	РГА в г.Самаре. Ф. Р-196. Оп. 1-6. Д. 437.	Рассекречено в 2018 году	Научно-исследовательский институт технологии и организации производства (НИАТ) Министерства авиационной промышленности СССР, Москва, 1920–
14.01.1967 г.	Приказы и распоряжения начальника НИАТ	РГА в г.Самаре. Ф. Р-196. Оп. 1-6. Д. 438.	Рассекречено в 2018 году	Научно-исследовательский институт технологии и организации производства (НИАТ) Министерства авиационной промышленности СССР, Москва, 1920–
16.01.1967 г.	Приказы и распоряжения начальника НИАТ	РГА в г.Самаре. Ф. Р-196. Оп. 1-6. Д. 439.	Рассекречено в 2018 году	Научно-исследовательский институт технологии и организации производства (НИАТ) Министерства авиационной промышленности СССР, Москва, 1920–
05.02.1968 г.	Отчет о деятельности института за 1967 год (доклад)	РГА в г.Самаре. Ф. Р-196. Оп. 1-6. Д. 443.	Рассекречено в 2018 году	Научно-исследовательский институт технологии и организации производства (НИАТ) Министерства авиационной промышленности СССР, Москва, 1920–
06.02.1968 г.	Отчет о деятельности института в области ракето- и антенностроения за 1967 год	РГА в г.Самаре. Ф. Р-196. Оп. 1-6. Д. 444.	Рассекречено в 2018 году	Научно-исследовательский институт технологии и организации производства (НИАТ) Министерства авиационной промышленности СССР, Москва, 1920–
02.01.1967 г. – 25.04.1967 г.	Материалы по защите диссертации (отзывы, письма) Часть 1	РГА в г.Самаре. Ф. Р-196. Оп. 1-6. Д. 451.	Рассекречено в 2018 году	Научно-исследовательский институт технологии и организации производства (НИАТ) Министерства авиационной промышленности СССР, Москва, 1920–
27.04.1967 г.	Материалы по защите диссертации (отзывы, письма) Часть II	РГА в г.Самаре. Ф. Р-196. Оп. 1-6. Д. 452.	Рассекречено в 2018 году	Научно-исследовательский институт технологии и организации производства (НИАТ) Министерства авиационной промышленности СССР, Москва, 1920–
09.12.1967 г. – 28.12.1967 г.	Материалы по защите диссертации (отзывы, письма) Часть III	РГА в г.Самаре. Ф. Р-196. Оп. 1-6. Д. 453.	Рассекречено в 2018 году	Научно-исследовательский институт технологии и организации производства (НИАТ) Министерства авиационной промышленности СССР, Москва, 1920–
12.01.1968 г. – 31.12.1968 г.	Приказы и директивные письма Министерства авиационной промышленности, относящиеся к деятельности НИАТ	РГА в г.Самаре. Ф. Р-196. Оп. 1-6. Д. 462.	Рассекречено в 2018 году	Научно-исследовательский институт технологии и организации производства (НИАТ) Министерства авиационной промышленности СССР, Москва, 1920–
10.01.1968 г. – 17.12.1968 г.	Приказы и директивные письма Министерства авиационной промышленности, относящиеся к деятельности НИАТ	РГА в г.Самаре. Ф. Р-196. Оп. 1-6. Д. 463.	Рассекречено в 2018 году	Научно-исследовательский институт технологии и организации производства (НИАТ) Министерства авиационной промышленности СССР, Москва, 1920–
05.01.1968 г. – 12.11.1968 г.	Приказы и распоряжения начальника НИАТ	РГА в г.Самаре. Ф. Р-196. Оп. 1-6. Д. 464.	Рассекречено в 2018 году	Научно-исследовательский институт технологии и организации производства (НИАТ) Министерства авиационной промышленности СССР, Москва, 1920–
03.01.1968 г. – 02.12.1968 г.	Приказы и распоряжения начальника НИАТ	РГА в г.Самаре. Ф. Р-196. Оп. 1-6. Д. 465.	Рассекречено в 2018 году	Научно-исследовательский институт технологии и организации производства (НИАТ) Министерства авиационной промышленности СССР, Москва, 1920–
06.02.1969 г.	Отчет о деятельности института за 1968 год (доклад)	РГА в г.Самаре. Ф. Р-196. Оп. 1-6. Д. 469.	Рассекречено в 2018 году	Научно-исследовательский институт технологии и организации производства (НИАТ) Министерства авиационной промышленности СССР, Москва, 1920–
21.02.1969 г.	Технический отчет о деятельности института в области ракетостроения за 1968 год	РГА в г.Самаре. Ф. Р-196. Оп. 1-6. Д. 476.	Рассекречено в 2018 году	Научно-исследовательский институт технологии и организации производства (НИАТ) Министерства авиационной промышленности СССР, Москва, 1920–
02.01.1968 г. – 15.04.1968 г.	Материалы по защите диссертаций (отзывы, письма)	РГА в г.Самаре. Ф. Р-196. Оп. 1-6. Д. 478.	Рассекречено в 2018 году	Научно-исследовательский институт технологии и организации производства (НИАТ) Министерства авиационной промышленности СССР, Москва, 1920–
16.04.1968 г. – 31.12.1968 г.	Материалы по защите диссертаций (отзывы, письма)	РГА в г.Самаре. Ф. Р-196. Оп. 1-6. Д. 479.	Рассекречено в 2018 году	Научно-исследовательский институт технологии и организации производства (НИАТ) Министерства авиационной промышленности СССР, Москва, 1920–
09.01.1969 г. – 01.12.1969 г.	Приказы и директивные письма Министерства авиационной промышленности, относящиеся к деятельности НИАТ	РГА в г.Самаре. Ф. Р-196. Оп. 1-6. Д. 488.	Рассекречено в 2018 году	Научно-исследовательский институт технологии и организации производства (НИАТ) Министерства авиационной промышленности СССР, Москва, 1920–
27.01.1969 г. – 11.12.1969 г.	Приказы и директивные письма Министерства авиационной промышленности, относящиеся к деятельности НИАТ	РГА в г.Самаре. Ф. Р-196. Оп. 1-6. Д. 489.	Рассекречено в 2018 году	Научно-исследовательский институт технологии и организации производства (НИАТ) Министерства авиационной промышленности СССР, Москва, 1920–
21.03.1969 г. – 29.10.1969 г.	Приказы и распоряжения начальника НИАТ	РГА в г.Самаре. Ф. Р-196. Оп. 1-6. Д. 490.	Рассекречено в 2018 году	Научно-исследовательский институт технологии и организации производства (НИАТ) Министерства авиационной промышленности СССР, Москва, 1920–
07.01.1969 г. – 16.12.1969 г.	Приказы и распоряжения начальника НИАТ	РГА в г.Самаре. Ф. Р-196. Оп. 1-6. Д. 491.	Рассекречено в 2018 году	Научно-исследовательский институт технологии и организации производства (НИАТ) Министерства авиационной промышленности СССР, Москва, 1920–
20.01.1970 г.	Отчет о деятельности института за 1969 (доклад)	РГА в г.Самаре. Ф. Р-196. Оп. 1-6. Д. 496.	Рассекречено в 2018 году	Научно-исследовательский институт технологии и организации производства (НИАТ) Министерства авиационной промышленности СССР, Москва, 1920–
09.03.1970 г.	Технический отчет о деятельности института в области ракето- и антенностроения за 1969	РГА в г.Самаре. Ф. Р-196. Оп. 1-6. Д. 498.	Рассекречено в 2018 году	Научно-исследовательский институт технологии и организации производства (НИАТ) Министерства авиационной промышленности СССР, Москва, 1920–
03.01.1969 г. – 10.12.1969 г.	Материалы по защите диссертаций (протоколы, отзывы, письма)	РГА в г.Самаре. Ф. Р-196. Оп. 1-6. Д. 506.	Рассекречено в 2018 году	Научно-исследовательский институт технологии и организации производства (НИАТ) Министерства авиационной промышленности СССР, Москва, 1920–
06.01.1970 г. – 30.12.1970 г.	Приказы и директивные письма Министерства авиационной промышленности, относящиеся к деятельности НИАТ	РГА в г.Самаре. Ф. Р-196. Оп. 1-6. Д. 513.	Рассекречено в 2018 году	Научно-исследовательский институт технологии и организации производства (НИАТ) Министерства авиационной промышленности СССР, Москва, 1920–
28.01.1970 г. – 01.12.1970 г.	Приказы и директивные письма Министерства авиационной промышленности, относящиеся к деятельности НИАТ	РГА в г.Самаре. Ф. Р-196. Оп. 1-6. Д. 514.	Рассекречено в 2018 году	Научно-исследовательский институт технологии и организации производства (НИАТ) Министерства авиационной промышленности СССР, Москва, 1920–
09.04.1970 г. – 16.11.1970 г.	Приказы и распоряжения начальника НИАТ	РГА в г.Самаре. Ф. Р-196. Оп. 1-6. Д. 515.	Рассекречено в 2018 году	Научно-исследовательский институт технологии и организации производства (НИАТ) Министерства авиационной промышленности СССР, Москва, 1920–
04.01.1970 г. – 18.12.1970 г.	Приказы и распоряжения начальника НИАТ	РГА в г.Самаре. Ф. Р-196. Оп. 1-6. Д. 516.	Рассекречено в 2018 году	Научно-исследовательский институт технологии и организации производства (НИАТ) Министерства авиационной промышленности СССР, Москва, 1920–
30.04.1970 г. – 22.12.1970 г.	Указания и распоряжения Министра авиационной промышленности, его заместителей и технического управления МАП по вопросам работы НИАТ	РГА в г.Самаре. Ф. Р-196. Оп. 1-6. Д. 517.	Рассекречено в 2018 году	Научно-исследовательский институт технологии и организации производства (НИАТ) Министерства авиационной промышленности СССР, Москва, 1920–
04.03.1971 г.	Отчет о деятельности института за 1970 год	РГА в г.Самаре. Ф. Р-196. Оп. 1-6. Д. 521.	Рассекречено в 2018 году	Научно-исследовательский институт технологии и организации производства (НИАТ) Министерства авиационной промышленности СССР, Москва, 1920–
10.03.1971 г.	Технический отчет о деятельности института в области самолето- и вертолетостроения за 1970 год	РГА в г.Самаре. Ф. Р-196. Оп. 1-6. Д. 522.	Рассекречено в 2018 году	Научно-исследовательский институт технологии и организации производства (НИАТ) Министерства авиационной промышленности СССР, Москва, 1920–
03.02.1971 г.	Технический отчет о деятельности института по ракетостроению и антенностроению за 1970 год	РГА в г.Самаре. Ф. Р-196. Оп. 1-6. Д. 526.	Рассекречено в 2018 году	Научно-исследовательский институт технологии и организации производства (НИАТ) Министерства авиационной промышленности СССР, Москва, 1920–
08.01.1970 г. – 05.06.1970 г.	Материалы по защите диссертаций (отзывы, протоколы, списки, труды, анкеты). Книга 1	РГА в г.Самаре. Ф. Р-196. Оп. 1-6. Д. 529.	Рассекречено в 2018 году	Научно-исследовательский институт технологии и организации производства (НИАТ) Министерства авиационной промышленности СССР, Москва, 1920–
02.06.1970 г. – 30.12.1970 г.	Материалы по защите диссертаций (отзывы, протоколы, списки, труды, анкеты). Книга 2	РГА в г.Самаре. Ф. Р-196. Оп. 1-6. Д. 530.	Рассекречено в 2018 году	Научно-исследовательский институт технологии и организации производства (НИАТ) Министерства авиационной промышленности СССР, Москва, 1920–
14.01.1971 г. – 04.11.1971 г.	Приказы и директивные письма МАП, относящиеся к деятельности НИАТ	РГА в г.Самаре. Ф. Р-196. Оп. 1-6. Д. 537.	Рассекречено в 2018 году	Научно-исследовательский институт технологии и организации производства (НИАТ) Министерства авиационной промышленности СССР, Москва, 1920–
25.01.1971 г. – 30.12.1971 г.	Приказы и директивные письма МАП, относящиеся к деятельности НИАТ	РГА в г.Самаре. Ф. Р-196. Оп. 1-6. Д. 538.	Рассекречено в 2018 году	Научно-исследовательский институт технологии и организации производства (НИАТ) Министерства авиационной промышленности СССР, Москва, 1920–
10.03.1971 г. – 06.12.1971 г.	Приказы и распоряжения начальника НИАТ	РГА в г.Самаре. Ф. Р-196. Оп. 1-6. Д. 540.	Рассекречено в 2018 году	Научно-исследовательский институт технологии и организации производства (НИАТ) Министерства авиационной промышленности СССР, Москва, 1920–
06.01.1971 г. – 25.11.1971 г.	Приказы и распоряжения начальника НИАТ	РГА в г.Самаре. Ф. Р-196. Оп. 1-6. Д. 541.	Рассекречено в 2018 году	Научно-исследовательский институт технологии и организации производства (НИАТ) Министерства авиационной промышленности СССР, Москва, 1920–
01.03.1972 г.	Отчет о деятельности НИАТ за 1971 год	РГА в г.Самаре. Ф. Р-196. Оп. 1-6. Д. 545.	Рассекречено в 2018 году	Научно-исследовательский институт технологии и организации производства (НИАТ) Министерства авиационной промышленности СССР, Москва, 1920–
03.03.1972 г.	Технический отчет о деятельности института в области самолето- и вертолетостроения за 1971 год	РГА в г.Самаре. Ф. Р-196. Оп. 1-6. Д. 546.	Рассекречено в 2018 году	Научно-исследовательский институт технологии и организации производства (НИАТ) Министерства авиационной промышленности СССР, Москва, 1920–
11.02.1972 г.	Технический отчет о деятельности института в области ракетостроения за 1971 год	РГА в г.Самаре. Ф. Р-196. Оп. 1-6. Д. 550.	Рассекречено в 2018 году	Научно-исследовательский институт технологии и организации производства (НИАТ) Министерства авиационной промышленности СССР, Москва, 1920–
15.01.1971 г. – 27.12.1971 г.	Годовые контрольные цифры, планы по труду, лимиты института, представленные на утверждение в МАП по тематическому плану и утвержденные	РГА в г.Самаре. Ф. Р-196. Оп. 1-6. Д. 551.	Рассекречено в 2018 году	Научно-исследовательский институт технологии и организации производства (НИАТ) Министерства авиационной промышленности СССР, Москва, 1920–
21.01.1971 г. – 22.10.1971 г.	Сводные квартальные технические отчеты по научно-исследовательским работам, представленные в МАП (форма № 670П)	РГА в г.Самаре. Ф. Р-196. Оп. 1-6. Д. 552.	Рассекречено в 2018 году	Научно-исследовательский институт технологии и организации производства (НИАТ) Министерства авиационной промышленности СССР, Москва, 1920–
13.01.1971 г. – 23.11.1971 г.	Материалы по защите диссертаций (отзывы, протоколы, списки, труды, анкеты)	РГА в г.Самаре. Ф. Р-196. Оп. 1-6. Д. 553.	Рассекречено в 2018 году	Научно-исследовательский институт технологии и организации производства (НИАТ) Министерства авиационной промышленности СССР, Москва, 1920–
13.01.1972 г. – 14.03.1973 г.	Приказы и директивные письма МАП, относящиеся к деятельности НИАТ	РГА в г.Самаре. Ф. Р-196. Оп. 1-6. Д. 561.	Рассекречено в 2018 году	Научно-исследовательский институт технологии и организации производства (НИАТ) Министерства авиационной промышленности СССР, Москва, 1920–
27.01.1972 г. – 11.01.1972 г.	Приказы и директивные письма МАП, относящиеся к деятельности НИАТ	РГА в г.Самаре. Ф. Р-196. Оп. 1-6. Д. 562.	Рассекречено в 2018 году	Научно-исследовательский институт технологии и организации производства (НИАТ) Министерства авиационной промышленности СССР, Москва, 1920–
19.01.1972 г. – 23.01.1973 г.	Приказы и директивные письма МАП, относящиеся к деятельности НИАТ. Часть 2	РГА в г.Самаре. Ф. Р-196. Оп. 1-6. Д. 563.	Рассекречено в 2018 году	Научно-исследовательский институт технологии и организации производства (НИАТ) Министерства авиационной промышленности СССР, Москва, 1920–
03.03.1972 г. – 25.12.1972 г.	Приказы и распоряжения начальника НИАТ	РГА в г.Самаре. Ф. Р-196. Оп. 1-6. Д. 564.	Рассекречено в 2018 году	Научно-исследовательский институт технологии и организации производства (НИАТ) Министерства авиационной промышленности СССР, Москва, 1920–
10.02.1972 г. – 20.12.1972 г.	Приказы и распоряжения начальника НИАТ	РГА в г.Самаре. Ф. Р-196. Оп. 1-6. Д. 565.	Рассекречено в 2018 году	Научно-исследовательский институт технологии и организации производства (НИАТ) Министерства авиационной промышленности СССР, Москва, 1920–
07.02.1972 г. – 27.12.1972 г.	Указания и распоряжения Министра авиационной промышленности его заместителей и технического управления МАП по вопросам работы НИАТ	РГА в г.Самаре. Ф. Р-196. Оп. 1-6. Д. 566.	Рассекречено в 2018 году	Научно-исследовательский институт технологии и организации производства (НИАТ) Министерства авиационной промышленности СССР, Москва, 1920–
06.03.1973 г.	Отчет о деятельности НИАТ за 1972 год	РГА в г.Самаре. Ф. Р-196. Оп. 1-6. Д. 571.	Рассекречено в 2018 году	Научно-исследовательский институт технологии и организации производства (НИАТ) Министерства авиационной промышленности СССР, Москва, 1920–
06.03.1973 г.	Технический отчет о деятельности института в области самолето- и вертолетостроения за 1972 год	РГА в г.Самаре. Ф. Р-196. Оп. 1-6. Д. 572.	Рассекречено в 2018 году	Научно-исследовательский институт технологии и организации производства (НИАТ) Министерства авиационной промышленности СССР, Москва, 1920–
05.02.1973 г.	Технический отчет о деятельности института по ракетостроению и антенностроению за 1972 год	РГА в г.Самаре. Ф. Р-196. Оп. 1-6. Д. 576.	Рассекречено в 2018 году	Научно-исследовательский институт технологии и организации производства (НИАТ) Министерства авиационной промышленности СССР, Москва, 1920–
10.01.1972 г. – 27.12.1972 г.	Годовые контрольные цифры, планы по труду, лимиты института, представленные на утверждение в МАП по тематическому плану и утвержденные	РГА в г.Самаре. Ф. Р-196. Оп. 1-6. Д. 578.	Рассекречено в 2018 году	Научно-исследовательский институт технологии и организации производства (НИАТ) Министерства авиационной промышленности СССР, Москва, 1920–
19.01.1973 г. – 02.03.1973 г.	Сводные квартальные технические отчеты по научно-исследовательским работам, представленные в МАП (форма № 670П)	РГА в г.Самаре. Ф. Р-196. Оп. 1-6. Д. 579.	Рассекречено в 2018 году	Научно-исследовательский институт технологии и организации производства (НИАТ) Министерства авиационной промышленности СССР, Москва, 1920–
28.02.1972 г. – 28.12.1972 г.	Материалы по защите диссертаций (списки, труды, отзывы, анкеты и др.), протоколы-стенограммы	РГА в г.Самаре. Ф. Р-196. Оп. 1-6. Д. 580.	Рассекречено в 2018 году	Научно-исследовательский институт технологии и организации производства (НИАТ) Министерства авиационной промышленности СССР, Москва, 1920–
08.01.1973 г. – 21.12.1973 г.	Приказы и директивные письма Министерства авиационной промышленности, относящиеся к деятельности НИАТ	РГА в г.Самаре. Ф. Р-196. Оп. 1-6. Д. 588.	Рассекречено в 2018 году	Научно-исследовательский институт технологии и организации производства (НИАТ) Министерства авиационной промышленности СССР, Москва, 1920–
05.01.1973 г. – 13.08.1973 г.	Приказы и директивные письма Министерства авиационной промышленности, относящиеся к деятельности НИАТ	РГА в г.Самаре. Ф. Р-196. Оп. 1-6. Д. 589.	Рассекречено в 2018 году	Научно-исследовательский институт технологии и организации производства (НИАТ) Министерства авиационной промышленности СССР, Москва, 1920–
13.08.1973 г. – 28.12.1973 г.	Приказы и директивные письма Министерства авиационной промышленности, относящиеся к деятельности НИАТ. Часть 2.	РГА в г.Самаре. Ф. Р-196. Оп. 1-6. Д. 590.	Рассекречено в 2018 году	Научно-исследовательский институт технологии и организации производства (НИАТ) Министерства авиационной промышленности СССР, Москва, 1920–
03.01.1973 г. – 12.12.1973 г.	Указания и распоряжения министра авиационной промышленности, его заместителей и технического управления МАП по вопросам работы НИАТ	РГА в г.Самаре. Ф. Р-196. Оп. 1-6. Д. 591.	Рассекречено в 2018 году	Научно-исследовательский институт технологии и организации производства (НИАТ) Министерства авиационной промышленности СССР, Москва, 1920–
16.02.1973 г. – 20.12.1973 г.	Указания и распоряжения министра авиационной промышленности, его заместителей и технического управления МАП по вопросам работы НИАТ	РГА в г.Самаре. Ф. Р-196. Оп. 1-6. Д. 592.	Рассекречено в 2018 году	Научно-исследовательский институт технологии и организации производства (НИАТ) Министерства авиационной промышленности СССР, Москва, 1920–
25.04.1973 г. – 28.06.1973 г.	Приказы и распоряжения начальника НИАТ	РГА в г.Самаре. Ф. Р-196. Оп. 1-6. Д. 593.	Рассекречено в 2018 году	Научно-исследовательский институт технологии и организации производства (НИАТ) Министерства авиационной промышленности СССР, Москва, 1920–
08.01.1973 г. – 28.12.1973 г.	Приказы и распоряжения начальника НИАТ	РГА в г.Самаре. Ф. Р-196. Оп. 1-6. Д. 594.	Рассекречено в 2018 году	Научно-исследовательский институт технологии и организации производства (НИАТ) Министерства авиационной промышленности СССР, Москва, 1920–
27.02.1974 г.	Отчет о деятельности института за 1973 год	РГА в г.Самаре. Ф. Р-196. Оп. 1-6. Д. 599.	Рассекречено в 2018 году	Научно-исследовательский институт технологии и организации производства (НИАТ) Министерства авиационной промышленности СССР, Москва, 1920–
27.02.1974 г.	Технический отчет о деятельности института в области самолето- и вертолетостроения за 1973 год	РГА в г.Самаре. Ф. Р-196. Оп. 1-6. Д. 601.	Рассекречено в 2018 году	Научно-исследовательский институт технологии и организации производства (НИАТ) Министерства авиационной промышленности СССР, Москва, 1920–
08.01.1973 г. – 26.12.1973 г.	Годовые контрольные цифры, планы по труду, лимиты института, представленные на утверждение в МАП по тематическому плану и утверждение ведомости изменения плана	РГА в г.Самаре. Ф. Р-196. Оп. 1-6. Д. 603.	Рассекречено в 2018 году	Научно-исследовательский институт технологии и организации производства (НИАТ) Министерства авиационной промышленности СССР, Москва, 1920–
24.01.1973 г. – 24.11.1973 г.	Сводные контрольные технические отчеты по научно-исследовательским работам, представленные в МАП (форма 67-ОП)	РГА в г.Самаре. Ф. Р-196. Оп. 1-6. Д. 604.	Рассекречено в 2018 году	Научно-исследовательский институт технологии и организации производства (НИАТ) Министерства авиационной промышленности СССР, Москва, 1920–
23.01.1973 г. – 23.12.1973 г.	Материалы по защите диссертаций (списки, труды, отзывы, анкеты и др.). Протоколы-стенограммы	РГА в г.Самаре. Ф. Р-196. Оп. 1-6. Д. 607.	Рассекречено в 2018 году	Научно-исследовательский институт технологии и организации производства (НИАТ) Министерства авиационной промышленности СССР, Москва, 1920–
14.02.1974 г. – 23.12.1974 г.	Приказы и директивные письма Министерства авиационной промышленности, относящиеся к деятельности НИАТ	РГА в г.Самаре. Ф. Р-196. Оп. 1-6. Д. 614.	Рассекречено в 2018 году	Научно-исследовательский институт технологии и организации производства (НИАТ) Министерства авиационной промышленности СССР, Москва, 1920–
02.01.1974 г. – 19.09.1974 г.	Приказы и директивные письма Министерства авиационной промышленности, относящиеся к деятельности НИАТ	РГА в г.Самаре. Ф. Р-196. Оп. 1-6. Д. 615.	Рассекречено в 2018 году	Научно-исследовательский институт технологии и организации производства (НИАТ) Министерства авиационной промышленности СССР, Москва, 1920–
20.09.1974 г. – 30.12.1974 г.	Приказы и директивные письма Министерства авиационной промышленности, относящиеся к деятельности НИАТ	РГА в г.Самаре. Ф. Р-196. Оп. 1-6. Д. 616.	Рассекречено в 2018 году	Научно-исследовательский институт технологии и организации производства (НИАТ) Министерства авиационной промышленности СССР, Москва, 1920–
04.01.1974 г. – 27.12.1974 г.	Указания и распоряжения Министра авиационной промышленности, его заместителей и технического управления по вопросам работы НИАТ	РГА в г.Самаре. Ф. Р-196. Оп. 1-6. Д. 617.	Рассекречено в 2018 году	Научно-исследовательский институт технологии и организации производства (НИАТ) Министерства авиационной промышленности СССР, Москва, 1920–
23.01.1974 г. – 04.12.1974 г.	Указания и распоряжения Министра авиационной промышленности, его заместителей и технического управления по вопросам работы НИАТ	РГА в г.Самаре. Ф. Р-196. Оп. 1-6. Д. 618.	Рассекречено в 2018 году	Научно-исследовательский институт технологии и организации производства (НИАТ) Министерства авиационной промышленности СССР, Москва, 1920–
14.03.1974 г. – 04.10.1974 г.	Приказы и распоряжения начальника НИАТ	РГА в г.Самаре. Ф. Р-196. Оп. 1-6. Д. 619.	Рассекречено в 2018 году	Научно-исследовательский институт технологии и организации производства (НИАТ) Министерства авиационной промышленности СССР, Москва, 1920–
03.01.1974 г. – 24.12.1974 г.	Приказы и распоряжения начальника НИАТ	РГА в г.Самаре. Ф. Р-196. Оп. 1-6. Д. 620.	Рассекречено в 2018 году	Научно-исследовательский институт технологии и организации производства (НИАТ) Министерства авиационной промышленности СССР, Москва, 1920–
20.02.1975 г.	Отчет о деятельности института за 1974 год	РГА в г.Самаре. Ф. Р-196. Оп. 1-6. Д. 625.	Рассекречено в 2018 году	Научно-исследовательский институт технологии и организации производства (НИАТ) Министерства авиационной промышленности СССР, Москва, 1920–
11.02.1975 г.	Технический отчет о деятельности института по ракето- и антенностроению за 1974 год	РГА в г.Самаре. Ф. Р-196. Оп. 1-6. Д. 626.	Рассекречено в 2018 году	Научно-исследовательский институт технологии и организации производства (НИАТ) Министерства авиационной промышленности СССР, Москва, 1920–
17.04.1975 г.	Технический отчет о деятельности института в области самолетостроения за 1974 год	РГА в г.Самаре. Ф. Р-196. Оп. 1-6. Д. 630.	Рассекречено в 2018 году	Научно-исследовательский институт технологии и организации производства (НИАТ) Министерства авиационной промышленности СССР, Москва, 1920–
08.01.1974 г. – 26.12.1974 г.	Годовые контрольные цифры, планы по труду, лимиты института, представленные на утверждение в Министерство авиационной промышленности по тематическому плану и утвержденные ведомости изменения тематического плана	РГА в г.Самаре. Ф. Р-196. Оп. 1-6. Д. 632.	Рассекречено в 2018 году	Научно-исследовательский институт технологии и организации производства (НИАТ) Министерства авиационной промышленности СССР, Москва, 1920–
23.01.1974 г. – 22.10.1974 г.	Сводные квартальные технические отчеты по научно-исследовательским работам, представленные в Министерство авиационной промышленности (форма 67-ОП)	РГА в г.Самаре. Ф. Р-196. Оп. 1-6. Д. 633.	Рассекречено в 2018 году	Научно-исследовательский институт технологии и организации производства (НИАТ) Министерства авиационной промышленности СССР, Москва, 1920–
21.01.1974 г. – 15.05.1974 г.	Материалы по защите диссертаций (списки, труды, отзывы, анкеты и др.). Протоколы, стенограммы	РГА в г.Самаре. Ф. Р-196. Оп. 1-6. Д. 636.	Рассекречено в 2018 году	Научно-исследовательский институт технологии и организации производства (НИАТ) Министерства авиационной промышленности СССР, Москва, 1920–
30.05.1974 г. – 17.12.1974 г.	Материалы по защите диссертаций (списки, труды, отзывы, анкеты и др.). Протоколы, стенограммы	РГА в г.Самаре. Ф. Р-196. Оп. 1-6. Д. 637.	Рассекречено в 2018 году	Научно-исследовательский институт технологии и организации производства (НИАТ) Министерства авиационной промышленности СССР, Москва, 1920–
17.02.1975 г. – 24.12.1975 г.	Приказы и директивные письма Министерства авиационной промышленности, относящиеся к деятельности НИАТ	РГА в г.Самаре. Ф. Р-196. Оп. 1-6. Д. 642.	Рассекречено в 2018 году	Научно-исследовательский институт технологии и организации производства (НИАТ) Министерства авиационной промышленности СССР, Москва, 1920–
27.01.1975 г. – 18.11.1975 г.	Приказы и директивные письма Министерства авиационной промышленности, относящиеся к деятельности НИАТ	РГА в г.Самаре. Ф. Р-196. Оп. 1-6. Д. 643.	Рассекречено в 2018 году	Научно-исследовательский институт технологии и организации производства (НИАТ) Министерства авиационной промышленности СССР, Москва, 1920–
29.11.1975 г. – 30.12.1975 г.	Приказы и директивные письма Министерства авиационной промышленности, относящиеся к деятельности НИАТ. Часть 2.	РГА в г.Самаре. Ф. Р-196. Оп. 1-6. Д. 644.	Рассекречено в 2018 году	Научно-исследовательский институт технологии и организации производства (НИАТ) Министерства авиационной промышленности СССР, Москва, 1920–
14.03.1976 г. – 07.08.1976 г.	Указания и распоряжения Министра авиационной промышленности, его заместителей и главного технического управления МАП по вопросам работы НИАТ	РГА в г.Самаре. Ф. Р-196. Оп. 1-6. Д. 645.	Рассекречено в 2018 году	Научно-исследовательский институт технологии и организации производства (НИАТ) Министерства авиационной промышленности СССР, Москва, 1920–
17.02.1975 г. – 19.11.1975 г.	Указания и распоряжения Министра авиационной промышленности, его заместителей и главного технического управления МАП по вопросам работы НИАТ	РГА в г.Самаре. Ф. Р-196. Оп. 1-6. Д. 646.	Рассекречено в 2018 году	Научно-исследовательский институт технологии и организации производства (НИАТ) Министерства авиационной промышленности СССР, Москва, 1920–
10.02.1975 г. – 19.12.1975 г.	Приказы и распоряжения начальника НИАТ	РГА в г.Самаре. Ф. Р-196. Оп. 1-6. Д. 647.	Рассекречено в 2018 году	Научно-исследовательский институт технологии и организации производства (НИАТ) Министерства авиационной промышленности СССР, Москва, 1920–
31.01.1975 г. – 23.12.1975 г.	Приказы и распоряжения начальника НИАТ	РГА в г.Самаре. Ф. Р-196. Оп. 1-6. Д. 648.	Рассекречено в 2018 году	Научно-исследовательский институт технологии и организации производства (НИАТ) Министерства авиационной промышленности СССР, Москва, 1920–
11.02.1976 г.	Технический отчет о деятельности института в области самолетостроения за 1975 год	РГА в г.Самаре. Ф. Р-196. Оп. 1-6. Д. 655.	Рассекречено в 2018 году	Научно-исследовательский институт технологии и организации производства (НИАТ) Министерства авиационной промышленности СССР, Москва, 1920–
09.02.1976 г.	Технический отчет о деятельности института в области ракетостроения за 1975 год	РГА в г.Самаре. Ф. Р-196. Оп. 1-6. Д. 656.	Рассекречено в 2018 году	Научно-исследовательский институт технологии и организации производства (НИАТ) Министерства авиационной промышленности СССР, Москва, 1920–
24.02.1976 г.	Технический отчет о деятельности института в области двигателестроения за 1975 год	РГА в г.Самаре. Ф. Р-196. Оп. 1-6. Д. 657.	Рассекречено в 2018 году	Научно-исследовательский институт технологии и организации производства (НИАТ) Министерства авиационной промышленности СССР, Москва, 1920–
21.01.1975 г. – 25.12.1975 г.	Годовые контрольные цифры, планы по труду, лимиты института, представленные на утверждение в Министерство авиационной промышленности по тематическому плану и утвержденные ведомости изменения тематического плана	РГА в г.Самаре. Ф. Р-196. Оп. 1-6. Д. 659.	Рассекречено в 2018 году	Научно-исследовательский институт технологии и организации производства (НИАТ) Министерства авиационной промышленности СССР, Москва, 1920–
21.01.1975 г. – 24.11.1975 г.	Сводные квартальные технические отчеты по научно-исследовательским работам, представленные в Министерство авиационной промышленности (форма 67-ОП)	РГА в г.Самаре. Ф. Р-196. Оп. 1-6. Д. 660.	Рассекречено в 2018 году	Научно-исследовательский институт технологии и организации производства (НИАТ) Министерства авиационной промышленности СССР, Москва, 1920–
19.02.1975 г. – 23.05.1975 г.	Материалы по защите диссертаций (списки, труды, отзывы, анкеты и др.). Протоколы, стенограммы	РГА в г.Самаре. Ф. Р-196. Оп. 1-6. Д. 663.	Рассекречено в 2018 году	Научно-исследовательский институт технологии и организации производства (НИАТ) Министерства авиационной промышленности СССР, Москва, 1920–
03.03.1976 г. – 21.12.1976 г.	Приказы и распоряжения начальника НИАТ	РГА в г.Самаре. Ф. Р-196. Оп. 1-6. Д. 671.	Рассекречено в 2018 году	Научно-исследовательский институт технологии и организации производства (НИАТ) Министерства авиационной промышленности СССР, Москва, 1920–
27.01.1976 г. – 22.12.1976 г.	Приказы и распоряжения начальника НИАТ	РГА в г.Самаре. Ф. Р-196. Оп. 1-6. Д. 672.	Рассекречено в 2018 году	Научно-исследовательский институт технологии и организации производства (НИАТ) Министерства авиационной промышленности СССР, Москва, 1920–
14.11.1975 г.	Приложение к тематическому плану научно-исследовательских и опытно-конструкторских работ НИАТ на 1976 План освоения и внедрения техпроцессов на опытном оборудовании, изготовленном заводами по технологическим направлениям, закрепленным за НИАТ на 1976 год	РГА в г.Самаре. Ф. Р-196. Оп. 1-6. Д. 676.	Рассекречено в 2018 году	Научно-исследовательский институт технологии и организации производства (НИАТ) Министерства авиационной промышленности СССР, Москва, 1920–
28.02.1977 г.	Отчет о деятельности института за 1976 год	РГА в г.Самаре. Ф. Р-196. Оп. 1-6. Д. 677.	Рассекречено в 2018 году	Научно-исследовательский институт технологии и организации производства (НИАТ) Министерства авиационной промышленности СССР, Москва, 1920–
14.03.1977 г.	Технический отчет о деятельности института в области самолетостроения за 1976 год	РГА в г.Самаре. Ф. Р-196. Оп. 1-6. Д. 678.	Рассекречено в 2018 году	Научно-исследовательский институт технологии и организации производства (НИАТ) Министерства авиационной промышленности СССР, Москва, 1920–
02.03.1977 г.	Технический отчет о деятельности института в области ракетостроения	РГА в г.Самаре. Ф. Р-196. Оп. 1-6. Д. 680.	Рассекречено в 2018 году	Научно-исследовательский институт технологии и организации производства (НИАТ) Министерства авиационной промышленности СССР, Москва, 1920–
07.01.1976 г. – 22.12.1976 г.	Годовые контрольные цифры, планы по труду, лимиты института, представленные на утверждение в Министерство авиационной промышленности и утвержденные ведомости изменения тематического плана	РГА в г.Самаре. Ф. Р-196. Оп. 1-6. Д. 681.	Рассекречено в 2018 году	Научно-исследовательский институт технологии и организации производства (НИАТ) Министерства авиационной промышленности СССР, Москва, 1920–
05.01.1976 г. – 13.11.1976 г.	Материалы по защите диссертаций (списки, труды, отзывы, анкеты и др.). Протоколы, стенограммы	РГА в г.Самаре. Ф. Р-196. Оп. 1-6. Д. 685.	Рассекречено в 2018 году	Научно-исследовательский институт технологии и организации производства (НИАТ) Министерства авиационной промышленности СССР, Москва, 1920–
20.04.1977 г.	Производственно-технический паспорт НИАТ	РГА в г.Самаре. Ф. Р-196. Оп. 1-6. Д. 686.	Рассекречено в 2018 году	Научно-исследовательский институт технологии и организации производства (НИАТ) Министерства авиационной промышленности СССР, Москва, 1920–
18.04.1977 г.	Производственно-технический паспорт НИАТ. Часть II. Состав оборудования по цехам и энергетика предприятия по состоянию на 1 января 1977 года	РГА в г.Самаре. Ф. Р-196. Оп. 1-6. Д. 687.	Рассекречено в 2018 году	Научно-исследовательский институт технологии и организации производства (НИАТ) Министерства авиационной промышленности СССР, Москва, 1920–
06.01.1976 г. – 29.12.1976 г.	Циркуляры ЦК профсоюза, квартальные отчеты, расчетные ведомости и сметы по соцстраху	РГА в г.Самаре. Ф. Р-196. Оп. 1-6. Д. 688.	Рассекречено в 2018 году	Научно-исследовательский институт технологии и организации производства (НИАТ) Министерства авиационной промышленности СССР, Москва, 1920–
25.03.1977 г. – 16.12.1977 г.	Приказы и распоряжения начальника НИАТ	РГА в г.Самаре. Ф. Р-196. Оп. 1-6. Д. 693.	Рассекречено в 2018 году	Научно-исследовательский институт технологии и организации производства (НИАТ) Министерства авиационной промышленности СССР, Москва, 1920–
04.01.1977 г. – 29.12.1977 г.	Приказы и распоряжения начальника НИАТ	РГА в г.Самаре. Ф. Р-196. Оп. 1-6. Д. 694.	Рассекречено в 2018 году	Научно-исследовательский институт технологии и организации производства (НИАТ) Министерства авиационной промышленности СССР, Москва, 1920–
17.02.1977 г.	Тематический план научно-исследовательских и опытно-конструкторских работ на 1977 год. Часть 1.	РГА в г.Самаре. Ф. Р-196. Оп. 1-6. Д. 695.	Рассекречено в 2018 году	Научно-исследовательский институт технологии и организации производства (НИАТ) Министерства авиационной промышленности СССР, Москва, 1920–
17.02.1977 г.	Тематический план научно-исследовательских и опытно-конструкторских работ на 1977 Часть II.	РГА в г.Самаре. Ф. Р-196. Оп. 1-6. Д. 696.	Рассекречено в 2018 году	Научно-исследовательский институт технологии и организации производства (НИАТ) Министерства авиационной промышленности СССР, Москва, 1920–
17.02.1977 г.	Тематический план научно-исследовательских и опытно-конструкторских работ на 1977 Часть III.	РГА в г.Самаре. Ф. Р-196. Оп. 1-6. Д. 697.	Рассекречено в 2018 году	Научно-исследовательский институт технологии и организации производства (НИАТ) Министерства авиационной промышленности СССР, Москва, 1920–
22.12.1976 г.	Приложение к тематическому плану научно-исследовательских и опытно-конструкторских работ на 1977 год. План освоения и внедрения техпроцесса на опытном оборудовании, изготовленном заводами по технической документации НИАТ на 1977 год	РГА в г.Самаре. Ф. Р-196. Оп. 1-6. Д. 698.	Рассекречено в 2018 году	Научно-исследовательский институт технологии и организации производства (НИАТ) Министерства авиационной промышленности СССР, Москва, 1920–
07.03.1978 г.	Отчет о деятельности института за 1977 год	РГА в г.Самаре. Ф. Р-196. Оп. 1-6. Д. 699.	Рассекречено в 2018 году	Научно-исследовательский институт технологии и организации производства (НИАТ) Министерства авиационной промышленности СССР, Москва, 1920–
24.01.1977 г. – 21.12.1077 г.	Годовые контрольные цифры, планы по труду, лимиты института, представленные на утверждение в Министерство авиационной промышленности и утвержденные ведомости изменения тематического плана	РГА в г.Самаре. Ф. Р-196. Оп. 1-6. Д. 700.	Рассекречено в 2018 году	Научно-исследовательский институт технологии и организации производства (НИАТ) Министерства авиационной промышленности СССР, Москва, 1920–
11.04.1978 г.	Производственно-технический паспорт НИАТ. Часть 1. Общие данные по предприятию по состоянию на 1 января 1978 года	РГА в г.Самаре. Ф. Р-196. Оп. 1-6. Д. 703.	Рассекречено в 2018 году	Научно-исследовательский институт технологии и организации производства (НИАТ) Министерства авиационной промышленности СССР, Москва, 1920–
11.04.1978 г.	Производственно-технический паспорт НИАТ. Часть II. Состав оборудования по цехам и энергетике предприятий по состоянию на 1 января 1978 года	РГА в г.Самаре. Ф. Р-196. Оп. 1-6. Д. 704.	Рассекречено в 2018 году	Научно-исследовательский институт технологии и организации производства (НИАТ) Министерства авиационной промышленности СССР, Москва, 1920–
24.04.1978 г. – 17.05.1978 г.	Приказы и распоряжения начальника НИАТ	РГА в г.Самаре. Ф. Р-196. Оп. 1-6. Д. 708.	Рассекречено в 2018 году	Научно-исследовательский институт технологии и организации производства (НИАТ) Министерства авиационной промышленности СССР, Москва, 1920–
27.03.1978 г. – 17.11.1978 г.	Приказы и распоряжения начальника НИАТ	РГА в г.Самаре. Ф. Р-196. Оп. 1-6. Д. 709.	Рассекречено в 2018 году	Научно-исследовательский институт технологии и организации производства (НИАТ) Министерства авиационной промышленности СССР, Москва, 1920–
09.12.1977 г.	Тематический план научно-исследовательских и опытно-конструкторских работ на 1978 год. Часть 1.	РГА в г.Самаре. Ф. Р-196. Оп. 1-6. Д. 710.	Рассекречено в 2018 году	Научно-исследовательский институт технологии и организации производства (НИАТ) Министерства авиационной промышленности СССР, Москва, 1920–
09.12.1977 г.	Тематический план научно-исследовательских и опытно-конструкторских работ на 1978 год. Часть II.	РГА в г.Самаре. Ф. Р-196. Оп. 1-6. Д. 711.	Рассекречено в 2018 году	Научно-исследовательский институт технологии и организации производства (НИАТ) Министерства авиационной промышленности СССР, Москва, 1920–
09.12.1977 г.	Приложение к тематическому плану научно-исследовательских и опытно-конструкторских работ на 1978 год. План освоения и внедрения техпроцесса на опытном оборудовании, изготовленном заводами по технической документации НИАТ на 1978 год	РГА в г.Самаре. Ф. Р-196. Оп. 1-6. Д. 712.	Рассекречено в 2018 году	Научно-исследовательский институт технологии и организации производства (НИАТ) Министерства авиационной промышленности СССР, Москва, 1920–
27.02.1979 г.	Отчет о научно-технической и хозяйственной деятельности института за 1978 год	РГА в г.Самаре. Ф. Р-196. Оп. 1-6. Д. 713.	Рассекречено в 2018 году	Научно-исследовательский институт технологии и организации производства (НИАТ) Министерства авиационной промышленности СССР, Москва, 1920–
02.01.1978 г. – 21.12.1978 г.	Годовые контрольные цифры, планы по труду, лимиты института, представленные на утверждение в Министерство авиационной промышленности и утвержденные, ведомости изменения тематического плана	РГА в г.Самаре. Ф. Р-196. Оп. 1-6. Д. 714.	Рассекречено в 2018 году	Научно-исследовательский институт технологии и организации производства (НИАТ) Министерства авиационной промышленности СССР, Москва, 1920–
19.01.1979 г.	Годовой отчет по основной деятельности за 1978 год	РГА в г.Самаре. Ф. Р-196. Оп. 1-6. Д. 715.	Рассекречено в 2018 году	Научно-исследовательский институт технологии и организации производства (НИАТ) Министерства авиационной промышленности СССР, Москва, 1920–
15.01.1979 г.	Годовой отчет по капвложениям	РГА в г.Самаре. Ф. Р-196. Оп. 1-6. Д. 716.	Рассекречено в 2018 году	Научно-исследовательский институт технологии и организации производства (НИАТ) Министерства авиационной промышленности СССР, Москва, 1920–
04.01.1977 г. – 29.09.1978 г.	Приказы и распоряжения ВАК, копии приказов НИАТ, имеющие отношение к деятельности специализированных Советов института	РГА в г.Самаре. Ф. Р-196. Оп. 1-6. Д. 717.	Рассекречено в 2018 году	Научно-исследовательский институт технологии и организации производства (НИАТ) Министерства авиационной промышленности СССР, Москва, 1920–
1978 г.	Производственно-технический паспорт НИАТ. Часть I. Общие данные по предприятию по состоянию на 1 января 1979 года	РГА в г.Самаре. Ф. Р-196. Оп. 1-6. Д. 718.	Рассекречено в 2018 году	Научно-исследовательский институт технологии и организации производства (НИАТ) Министерства авиационной промышленности СССР, Москва, 1920–
1978 г.	Производственно-технический паспорт НИАТ Часть II. Состав оборудования по цехам и энергетика предприятия по состоянию на 1 января 1979 года	РГА в г.Самаре. Ф. Р-196. Оп. 1-6. Д. 719.	Рассекречено в 2018 году	Научно-исследовательский институт технологии и организации производства (НИАТ) Министерства авиационной промышленности СССР, Москва, 1920–
04.01.1978 г. – 14.11.1979 г.	Циркуляры ЦК профсоюза, квартальные отчеты, расчетные ведомости по соцстраху	РГА в г.Самаре. Ф. Р-196. Оп. 1-6. Д. 720.	Рассекречено в 2018 году	Научно-исследовательский институт технологии и организации производства (НИАТ) Министерства авиационной промышленности СССР, Москва, 1920–
02.03.1979 г. – 07.12.1979 г.	Приказы и распоряжения начальника НИАТ	РГА в г.Самаре. Ф. Р-196. Оп. 1-6. Д. 726.	Рассекречено в 2018 году	Научно-исследовательский институт технологии и организации производства (НИАТ) Министерства авиационной промышленности СССР, Москва, 1920–
26.01.1979 г. – 07.12.1979 г.	Приказы и распоряжения начальника НИАТ	РГА в г.Самаре. Ф. Р-196. Оп. 1-6. Д. 727.	Рассекречено в 2018 году	Научно-исследовательский институт технологии и организации производства (НИАТ) Министерства авиационной промышленности СССР, Москва, 1920–
18.12.1978 г.	Тематический план научно-исследовательских и опытно-конструкторских работ на 1979 год. Часть I. Целевые темы	РГА в г.Самаре. Ф. Р-196. Оп. 1-6. Д. 728.	Рассекречено в 2018 году	Научно-исследовательский институт технологии и организации производства (НИАТ) Министерства авиационной промышленности СССР, Москва, 1920–
18.12.1978 г.	Тематический план научно-исследовательских и опытно-конструкторских работ на 1979 год. Часть II. Групповые темы	РГА в г.Самаре. Ф. Р-196. Оп. 1-6. Д. 729.	Рассекречено в 2018 году	Научно-исследовательский институт технологии и организации производства (НИАТ) Министерства авиационной промышленности СССР, Москва, 1920–
25.11.1978 г.	План освоения и внедрения техпроцесса на опытном оборудовании, изготовленном заводами по техническим заданиям НИАТ на 1979 год	РГА в г.Самаре. Ф. Р-196. Оп. 1-6. Д. 730.	Рассекречено в 2018 году	Научно-исследовательский институт технологии и организации производства (НИАТ) Министерства авиационной промышленности СССР, Москва, 1920–
28.02.1980 г.	Отчет о научно-технической и хозяйственной деятельности института за 1979 год	РГА в г.Самаре. Ф. Р-196. Оп. 1-6. Д. 731.	Рассекречено в 2018 году	Научно-исследовательский институт технологии и организации производства (НИАТ) Министерства авиационной промышленности СССР, Москва, 1920–
19.01.1979 г. – 28.12.1979 г.	Годовые контрольные цифры, планы по труду, лимиты института, представленные на утверждение в Министерство авиационной промышленности и утвержденные ведомости изменения тематического плана	РГА в г.Самаре. Ф. Р-196. Оп. 1-6. Д. 732.	Рассекречено в 2018 году	Научно-исследовательский институт технологии и организации производства (НИАТ) Министерства авиационной промышленности СССР, Москва, 1920–
21.01.1980 г.	Годовой отчет по основной деятельности научно-исследовательской организации за 1979 год	РГА в г.Самаре. Ф. Р-196. Оп. 1-6. Д. 733.	Рассекречено в 2018 году	Научно-исследовательский институт технологии и организации производства (НИАТ) Министерства авиационной промышленности СССР, Москва, 1920–
18.01.1980 г.	Годовой отчет по капитальному вложению за 1979 год	РГА в г.Самаре. Ф. Р-196. Оп. 1-6. Д. 734.	Рассекречено в 2018 году	Научно-исследовательский институт технологии и организации производства (НИАТ) Министерства авиационной промышленности СССР, Москва, 1920–
09.04.1980 г.	Производственно-технический паспорт НИАТ. Часть I. Общие данные по предприятию на 1 января 1980 года	РГА в г.Самаре. Ф. Р-196. Оп. 1-6. Д. 735.	Рассекречено в 2018 году	Научно-исследовательский институт технологии и организации производства (НИАТ) Министерства авиационной промышленности СССР, Москва, 1920–
09.04.1980 г.	Производственно-технический паспорт НИАТ. Часть II. Состав оборудования по цехам и энергетика предприятия по состоянию на 1 января 1980 года	РГА в г.Самаре. Ф. Р-196. Оп. 1-6. Д. 736.	Рассекречено в 2018 году	Научно-исследовательский институт технологии и организации производства (НИАТ) Министерства авиационной промышленности СССР, Москва, 1920–
16.01.1979 г. – 10.11.1979 г.	Циркуляры ЦК профсоюза, квартальные отчеты, расчетные ведомости и сметы по соцстраху	РГА в г.Самаре. Ф. Р-196. Оп. 1-6. Д. 737.	Рассекречено в 2018 году	Научно-исследовательский институт технологии и организации производства (НИАТ) Министерства авиационной промышленности СССР, Москва, 1920–
31.03.1980 г. – 17.07.1980 г.	Приказы и распоряжения начальника НИАТ	РГА в г.Самаре. Ф. Р-196. Оп. 1-6. Д. 740.	Рассекречено в 2018 году	Научно-исследовательский институт технологии и организации производства (НИАТ) Министерства авиационной промышленности СССР, Москва, 1920–
16.01.1980 г. – 29.12.1980 г.	Приказы и распоряжения начальника НИАТ	РГА в г.Самаре. Ф. Р-196. Оп. 1-6. Д. 741.	Рассекречено в 2018 году	Научно-исследовательский институт технологии и организации производства (НИАТ) Министерства авиационной промышленности СССР, Москва, 1920–
28.12.1979 г.	Тематический план научно-исследовательских и опытно-конструкторских работ на 1980 год. Часть I. Целевые темы	РГА в г.Самаре. Ф. Р-196. Оп. 1-6. Д. 742.	Рассекречено в 2018 году	Научно-исследовательский институт технологии и организации производства (НИАТ) Министерства авиационной промышленности СССР, Москва, 1920–
28.12.1979 г.	Тематический план научно-исследовательских и опытно-конструкторских работ на 1980 год. Часть II. Групповые темы	РГА в г.Самаре. Ф. Р-196. Оп. 1-6. Д. 743.	Рассекречено в 2018 году	Научно-исследовательский институт технологии и организации производства (НИАТ) Министерства авиационной промышленности СССР, Москва, 1920–
14.05.1980 г.	Тематический план научно-исследовательских и опытно-конструкторских работ на 1980 год. Часть I.	РГА в г.Самаре. Ф. Р-196. Оп. 1-6. Д. 744.	Рассекречено в 2018 году	Научно-исследовательский институт технологии и организации производства (НИАТ) Министерства авиационной промышленности СССР, Москва, 1920–
14.05.1980 г.	Тематический план научно-исследовательских и опытно-конструкторских работ на 1980 год. Часть II.	РГА в г.Самаре. Ф. Р-196. Оп. 1-6. Д. 745.	Рассекречено в 2018 году	Научно-исследовательский институт технологии и организации производства (НИАТ) Министерства авиационной промышленности СССР, Москва, 1920–
14.05.1980 г.	Тематический план научно-исследовательских и опытно-конструкторских работ на 1980 год. Часть III.	РГА в г.Самаре. Ф. Р-196. Оп. 1-6. Д. 746.	Рассекречено в 2018 году	Научно-исследовательский институт технологии и организации производства (НИАТ) Министерства авиационной промышленности СССР, Москва, 1920–
14.05.1980 г.	Тематический план научно-исследовательских и опытно-конструкторских работ на 1980 год. Часть IV.	РГА в г.Самаре. Ф. Р-196. Оп. 1-6. Д. 747.	Рассекречено в 2018 году	Научно-исследовательский институт технологии и организации производства (НИАТ) Министерства авиационной промышленности СССР, Москва, 1920–
02.11.1979 г.	План освоения и внедрения техпроцессов на опытном оборудовании, изготовленном заводами ГТУ по техническим заданиям и документации НИАТ на 1980 год	РГА в г.Самаре. Ф. Р-196. Оп. 1-6. Д. 748.	Рассекречено в 2018 году	Научно-исследовательский институт технологии и организации производства (НИАТ) Министерства авиационной промышленности СССР, Москва, 1920–
27.02.1981 г.	Отчет о научно-технической и хозяйственной деятельности института за 1980 год	РГА в г.Самаре. Ф. Р-196. Оп. 1-6. Д. 749.	Рассекречено в 2018 году	Научно-исследовательский институт технологии и организации производства (НИАТ) Министерства авиационной промышленности СССР, Москва, 1920–
23.01.1980 г. – 27.11.1980 г.	Сводные и квартальные технические отчеты по научно-исследовательским работам (ф.67-ОП)	РГА в г.Самаре. Ф. Р-196. Оп. 1-6. Д. 750.	Рассекречено в 2018 году	Научно-исследовательский институт технологии и организации производства (НИАТ) Министерства авиационной промышленности СССР, Москва, 1920–
23.01.1980 г. – 10.11.1980 г.	Акты по законченным и прекращенным работам (ф.7)	РГА в г.Самаре. Ф. Р-196. Оп. 1-6. Д. 751.	Рассекречено в 2018 году	Научно-исследовательский институт технологии и организации производства (НИАТ) Министерства авиационной промышленности СССР, Москва, 1920–
23.01.1980 г. – 17.12.1980 г.	Годовые контрольные цифры, планы по труду, лимиты института, утвержденные Министерством авиационной промышленности. Ведомости изменения тематического плана	РГА в г.Самаре. Ф. Р-196. Оп. 1-6. Д. 752.	Рассекречено в 2018 году	Научно-исследовательский институт технологии и организации производства (НИАТ) Министерства авиационной промышленности СССР, Москва, 1920–
25.03.1980 г. – 03.12.1980 г.	Выписка из тематического плана работ, подлежащих премированию по новой технике и расчеты по премиям	РГА в г.Самаре. Ф. Р-196. Оп. 1-6. Д. 753.	Рассекречено в 2018 году	Научно-исследовательский институт технологии и организации производства (НИАТ) Министерства авиационной промышленности СССР, Москва, 1920–
22.01.1981 г.	Годовой отчет по основной деятельности за 1980 год	РГА в г.Самаре. Ф. Р-196. Оп. 1-6. Д. 754.	Рассекречено в 2018 году	Научно-исследовательский институт технологии и организации производства (НИАТ) Министерства авиационной промышленности СССР, Москва, 1920–
16.01.1981 г.	Годовой отчет по капитальным вложениям за 1980 год	РГА в г.Самаре. Ф. Р-196. Оп. 1-6. Д. 755.	Рассекречено в 2018 году	Научно-исследовательский институт технологии и организации производства (НИАТ) Министерства авиационной промышленности СССР, Москва, 1920–
10.01.1980 г. – 23.12.1980 г.	Финансовые планы, нормативы, планы финансирования капвложений (ф.5) и годовые справки о средствах, полученных и внесенных на финансирование капвложений (ф.106)	РГА в г.Самаре. Ф. Р-196. Оп. 1-6. Д. 756.	Рассекречено в 2018 году	Научно-исследовательский институт технологии и организации производства (НИАТ) Министерства авиационной промышленности СССР, Москва, 1920–
14.04.1981 г.	Производственно-технический паспорт НИАТ. Часть I. Общие данные по состоянию на 1 января 1981 года	РГА в г.Самаре. Ф. Р-196. Оп. 1-6. Д. 757.	Рассекречено в 2018 году	Научно-исследовательский институт технологии и организации производства (НИАТ) Министерства авиационной промышленности СССР, Москва, 1920–
14.04.1981 г.	Производственно-технический паспорт НИАТ. Часть II. Состав оборудования по цехам и энергетика по состоянию на 1 января 1981 года	РГА в г.Самаре. Ф. Р-196. Оп. 1-6. Д. 758.	Рассекречено в 2018 году	Научно-исследовательский институт технологии и организации производства (НИАТ) Министерства авиационной промышленности СССР, Москва, 1920–
08.01.1980 г.	Циркуляры ЦК профсоюза, квартальные отчеты, расчетные ведомости и сметы по соцстраху	РГА в г.Самаре. Ф. Р-196. Оп. 1-6. Д. 759.	Рассекречено в 2018 году	Научно-исследовательский институт технологии и организации производства (НИАТ) Министерства авиационной промышленности СССР, Москва, 1920–
11.02.1981 г. – 08.12.1981 г.	Приказы и распоряжения начальника НИАТ	РГА в г.Самаре. Ф. Р-196. Оп. 1-6. Д. 763.	Рассекречено в 2018 году	Научно-исследовательский институт технологии и организации производства (НИАТ) Министерства авиационной промышленности СССР, Москва, 1920–
07.01.1981 г. – 28.12.1981 г.	Приказы и распоряжения начальника НИАТ	РГА в г.Самаре. Ф. Р-196. Оп. 1-6. Д. 764.	Рассекречено в 2018 году	Научно-исследовательский институт технологии и организации производства (НИАТ) Министерства авиационной промышленности СССР, Москва, 1920–
10.12.1980 г.	Тематический план научно-исследовательских и опытно-конструкторских работ на 1981 год. Часть I. Целевые темы	РГА в г.Самаре. Ф. Р-196. Оп. 1-6. Д. 765.	Рассекречено в 2018 году	Научно-исследовательский институт технологии и организации производства (НИАТ) Министерства авиационной промышленности СССР, Москва, 1920–
10.12.1980 г.	Тематический план научно-исследовательских и опытно-конструкторских работ на 1981 год. Часть II. Групповые темы	РГА в г.Самаре. Ф. Р-196. Оп. 1-6. Д. 766.	Рассекречено в 2018 году	Научно-исследовательский институт технологии и организации производства (НИАТ) Министерства авиационной промышленности СССР, Москва, 1920–
10.04.1981 г.	Тематический план научно-исследовательских и опытно-конструкторских работ на 1981 год. Часть I.	РГА в г.Самаре. Ф. Р-196. Оп. 1-6. Д. 767.	Рассекречено в 2018 году	Научно-исследовательский институт технологии и организации производства (НИАТ) Министерства авиационной промышленности СССР, Москва, 1920–
10.04.1981 г.	Тематический план научно-исследовательских и опытно-конструкторских работ на 1981 год. Часть II.	РГА в г.Самаре. Ф. Р-196. Оп. 1-6. Д. 768.	Рассекречено в 2018 году	Научно-исследовательский институт технологии и организации производства (НИАТ) Министерства авиационной промышленности СССР, Москва, 1920–
13.04.1981 г.	Тематический план научно-исследовательских и опытно-конструкторских работ на 1981 год. Часть III.	РГА в г.Самаре. Ф. Р-196. Оп. 1-6. Д. 769.	Рассекречено в 2018 году	Научно-исследовательский институт технологии и организации производства (НИАТ) Министерства авиационной промышленности СССР, Москва, 1920–
13.04.1981 г.	Тематический план научно-исследовательских и опытно-конструкторских работ на 1981 год. Часть IV.	РГА в г.Самаре. Ф. Р-196. Оп. 1-6. Д. 770.	Рассекречено в 2018 году	Научно-исследовательский институт технологии и организации производства (НИАТ) Министерства авиационной промышленности СССР, Москва, 1920–
02.12.1981 г.	План освоения и внедрения техпроцессов на опытном оборудовании, изготовленном заводами по техническим заданиям и документации НИАТ на 1981 год	РГА в г.Самаре. Ф. Р-196. Оп. 1-6. Д. 771.	Рассекречено в 2018 году	Научно-исследовательский институт технологии и организации производства (НИАТ) Министерства авиационной промышленности СССР, Москва, 1920–
01.03.1982 г.	Отчет о научно-технической и хозяйственной деятельности института за 1981 год	РГА в г.Самаре. Ф. Р-196. Оп. 1-6. Д. 772.	Рассекречено в 2018 году	Научно-исследовательский институт технологии и организации производства (НИАТ) Министерства авиационной промышленности СССР, Москва, 1920–
22.01.1981 г. – 22.11.1981 г.	Сводные квартальные технические отчеты по научно-исследовательским работам (ф. 67-ОП)	РГА в г.Самаре. Ф. Р-196. Оп. 1-6. Д. 773.	Рассекречено в 2018 году	Научно-исследовательский институт технологии и организации производства (НИАТ) Министерства авиационной промышленности СССР, Москва, 1920–
27.01.1981 г. – 21.12.1981 г.	Акты по законченным и прекращенным работам (ф. 7)	РГА в г.Самаре. Ф. Р-196. Оп. 1-6. Д. 774.	Рассекречено в 2018 году	Научно-исследовательский институт технологии и организации производства (НИАТ) Министерства авиационной промышленности СССР, Москва, 1920–
28.01.1981 г. – 11.12.1981 г.	Годовые контрольные цифры, планы по труду, лимиты института, утвержденные Министерством авиационной промышленности. Ведомости изменения тематического плана.	РГА в г.Самаре. Ф. Р-196. Оп. 1-6. Д. 775.	Рассекречено в 2018 году	Научно-исследовательский институт технологии и организации производства (НИАТ) Министерства авиационной промышленности СССР, Москва, 1920–
11.02.1981 г. – 23.12.1981 г.	Выписка из тематического плана работ, подлежащих премированию по новой технике и расчеты по премиям	РГА в г.Самаре. Ф. Р-196. Оп. 1-6. Д. 776.	Рассекречено в 2018 году	Научно-исследовательский институт технологии и организации производства (НИАТ) Министерства авиационной промышленности СССР, Москва, 1920–
21.01.1982 г.	Годовой отчет по основной деятельности за 1981 год	РГА в г.Самаре. Ф. Р-196. Оп. 1-6. Д. 777.	Рассекречено в 2018 году	Научно-исследовательский институт технологии и организации производства (НИАТ) Министерства авиационной промышленности СССР, Москва, 1920–
15.01.1982 г.	Годовой отчет по капитальным вложениям за 1981 год	РГА в г.Самаре. Ф. Р-196. Оп. 1-6. Д. 778.	Рассекречено в 2018 году	Научно-исследовательский институт технологии и организации производства (НИАТ) Министерства авиационной промышленности СССР, Москва, 1920–
04.01.1981 г. – 12.11.1981 г.	Финансовые планы, нормативы, планы финансирования капвложений (ф.5) и годовые справки о средствах, полученных и внесенных на финансирование капвложений (ф. 106)	РГА в г.Самаре. Ф. Р-196. Оп. 1-6. Д. 779.	Рассекречено в 2018 году	Научно-исследовательский институт технологии и организации производства (НИАТ) Министерства авиационной промышленности СССР, Москва, 1920–
22.03.1982 г.	Производственно-технический паспорт НИАТ. Часть I. Общие данные по состоянию на 1 января 1982 года	РГА в г.Самаре. Ф. Р-196. Оп. 1-6. Д. 780.	Рассекречено в 2018 году	Научно-исследовательский институт технологии и организации производства (НИАТ) Министерства авиационной промышленности СССР, Москва, 1920–
22.03.1982 г.	Производственно-технический паспорт НИАТ. Часть II. Состав оборудования по цехам и энергетика предприятий по состоянию на 1 января 1982 года	РГА в г.Самаре. Ф. Р-196. Оп. 1-6. Д. 781.	Рассекречено в 2018 году	Научно-исследовательский институт технологии и организации производства (НИАТ) Министерства авиационной промышленности СССР, Москва, 1920–
1954 г.	Изыскание высокопроизводительной технологии сварки, плавящихся электродом алюминиевых сплавов в защитной среде нейтральных газов	РГА в г.Самаре. Ф. Р-196. Оп. 2-1. Д. 1.	Рассекречено в 2018 году	Научно-исследовательский институт технологии и организации производства (НИАТ) Министерства авиационной промышленности СССР, Москва, 1920–
1956 г.	Технический отчет по работе «Разработка технологии автоматической аргонодуговой сварки, проектирование и изготовление сварочных установок для дистанционной сварки неповоротных стыков труб из нержавеющей стали»	РГА в г.Самаре. Ф. Р-196. Оп. 2-1. Д. 2.	Рассекречено в 2018 году	Научно-исследовательский институт технологии и организации производства (НИАТ) Министерства авиационной промышленности СССР, Москва, 1920–
1959 г.	Технический отчет. Изыскание технологии, разработка проекта и изготовление оборудования для роликовой сварки редких металлов в вакууме	РГА в г.Самаре. Ф. Р-196. Оп. 2-1. Д. 3.	Рассекречено в 2018 году	Научно-исследовательский институт технологии и организации производства (НИАТ) Министерства авиационной промышленности СССР, Москва, 1920–
1959 г.	Технический отчет. Изыскание технологии, разработка проектов и изготовление оборудования для сварки электронным лучом редких металлов.	РГА в г.Самаре. Ф. Р-196. Оп. 2-1. Д. 4.	Рассекречено в 2018 году	Научно-исследовательский институт технологии и организации производства (НИАТ) Министерства авиационной промышленности СССР, Москва, 1920–
1960 г.	Технический отчет по работе № 100-82 «Изыскание и разработка технологии роликовой сварки в вакууме новых металлов, разработка и изготовление установки (УКС) для сварки тепловыделяющих элементов»	РГА в г.Самаре. Ф. Р-196. Оп. 2-1. Д. 5.	Рассекречено в 2018 году	Научно-исследовательский институт технологии и организации производства (НИАТ) Министерства авиационной промышленности СССР, Москва, 1920–
1960 г.	Технический отчет по работе № 100-31 «Изыскание и разработка технологии электронно-лучевой сварки новых материалов, разработка и изготовление установки (УЗЛС) для сварки тепловыделяющих элементов» и по работе № 100-33 «Изыскание и разработка технологии сварки в контролируемой атмосфере новых материалов, разработка и изготовление установки (УСУ) для сварки тепловыделяющих элементов»	РГА в г.Самаре. Ф. Р-196. Оп. 2-1. Д. 6.	Рассекречено в 2018 году	Научно-исследовательский институт технологии и организации производства (НИАТ) Министерства авиационной промышленности СССР, Москва, 1920–
1961 г.	Технический отчет по работе № 064-01 «Изыскание и разработка технологии, проектирование и изготовление оборудования для сварки электронным лучом тепловыделяющих элементов»	РГА в г.Самаре. Ф. Р-196. Оп. 2-1. Д. 7.	Рассекречено в 2018 году	Научно-исследовательский институт технологии и организации производства (НИАТ) Министерства авиационной промышленности СССР, Москва, 1920–
1962 г.	Технический отчет по работе № 001-05 «Разработка и совершенствование технологии электронно-лучевой сварки, проектирование и изготовление установки для сварки тепловыделяющих элементов»	РГА в г.Самаре. Ф. Р-196. Оп. 2-1. Д. 8.	Рассекречено в 2018 году	Научно-исследовательский институт технологии и организации производства (НИАТ) Министерства авиационной промышленности СССР, Москва, 1920–
1962 г.	Технический отчет по работе № 051-06 «Разработка технологических рекомендаций по термической обработке деталей теплового узла из сплавов на основе ниобия и молибдена	РГА в г.Самаре. Ф. Р-196. Оп. 2-1. Д. 9.	Рассекречено в 2018 году	Научно-исследовательский институт технологии и организации производства (НИАТ) Министерства авиационной промышленности СССР, Москва, 1920–
1962 г.	Работа № 51-06 «Разработка технологических рекомендаций по термической обработке деталей теплового узла из сплавов на основе ниобия и молибдена». Технические рекомендации	РГА в г.Самаре. Ф. Р-196. Оп. 2-1. Д. 10.	Рассекречено в 2018 году	Научно-исследовательский институт технологии и организации производства (НИАТ) Министерства авиационной промышленности СССР, Москва, 1920–
1962 г.	Технический отчет по теме 182.01/09442 «Анализ технического уровня и разработка перспективной технологии крупносерийного производства изделий АП-200Р и КСНД-2». Часть II.	РГА в г.Самаре. Ф. Р-196. Оп. 2-1. Д. 11.	Рассекречено в 2018 году	Научно-исследовательский институт технологии и организации производства (НИАТ) Министерства авиационной промышленности СССР, Москва, 1920–
1963 г.	Технический отчет по работе 162-02 «Анализ конструктивно-технологических характеристик и разработка технологических директивных материалов для серийного производства изделия «60». Корректировка директивных технологических материалов по измененным чертежам.	РГА в г.Самаре. Ф. Р-196. Оп. 2-1. Д. 12.	Рассекречено в 2018 году	Научно-исследовательский институт технологии и организации производства (НИАТ) Министерства авиационной промышленности СССР, Москва, 1920–
1963 г.	Технологический отчет по работе № 053-31 «Изыскание и разработка проекта, изготовление электронно-лучевой сварочной установки (ЭЛУ-7) с непрерывной подачей изделий без нарушения вакуума, и разработка технологии сварки»	РГА в г.Самаре. Ф. Р-196. Оп. 2-1. Д. 13.	Рассекречено в 2018 году	Научно-исследовательский институт технологии и организации производства (НИАТ) Министерства авиационной промышленности СССР, Москва, 1920–
1964 г.	Технический отчет по работе 023-17 «Проведение заводских и примерочно-стыковочных испытаний комплекса наземного технологического оборудования для подготовки изделия «УС-А» на технической позиции полигона	РГА в г.Самаре. Ф. Р-196. Оп. 2-1. Д. 14.	Рассекречено в 2018 году	Научно-исследовательский институт технологии и организации производства (НИАТ) Министерства авиационной промышленности СССР, Москва, 1920–
1964 г.	Сравнительная оценка весовых и мощностных характеристик гидросистем сверхзвуковых самолетов (обзор)	РГА в г.Самаре. Ф. Р-196. Оп. 2-1. Д. 15.	Рассекречено в 2018 году	Научно-исследовательский институт технологии и организации производства (НИАТ) Министерства авиационной промышленности СССР, Москва, 1920–
1964 г.	Технический отчет по работе № 022-42 «Проведение заводских примерочно-стыковочных испытаний комплекса наземного технологического оборудования для подготовки объектов ИIБ и ИIIБ»	РГА в г.Самаре. Ф. Р-196. Оп. 2-1. Д. 16.	Рассекречено в 2018 году	Научно-исследовательский институт технологии и организации производства (НИАТ) Министерства авиационной промышленности СССР, Москва, 1920–
1964 г.	Технический отчет и технологические задания на проектирование по работе № 053-40 «Разработка технического задания на проектирование гамма-аппарата для контроля качества сварных соединений патрубков Ø 350х55 мм применительно к условиям ремонта заказа 667А	РГА в г.Самаре. Ф. Р-196. Оп. 2-1. Д. 17.	Рассекречено в 2018 году	Научно-исследовательский институт технологии и организации производства (НИАТ) Министерства авиационной промышленности СССР, Москва, 1920–
1964 г.	Анализ причин неисправностей гидропневмосистем; рекомендации и мероприятия по их предупреждению	РГА в г.Самаре. Ф. Р-196. Оп. 2-1. Д. 18.	Рассекречено в 2018 году	Научно-исследовательский институт технологии и организации производства (НИАТ) Министерства авиационной промышленности СССР, Москва, 1920–
1964 г.	Технический отчет по работе 235-18. Исследование причин производственных дефектов при монтаже и отказов при эксплуатации гидропневмосистем самолетов-истребителей и разработка мероприятий по их предупреждению	РГА в г.Самаре. Ф. Р-196. Оп. 2-1. Д. 19.	Рассекречено в 2018 году	Научно-исследовательский институт технологии и организации производства (НИАТ) Министерства авиационной промышленности СССР, Москва, 1920–
1964 г.	Технический отчет на работу № 27-19. Разработка прогрессивного технологического процесса комплексной механизации изготовления баков «0» и «I» изделия 1Ф.	РГА в г.Самаре. Ф. Р-196. Оп. 2-1. Д. 20.	Рассекречено в 2018 году	Научно-исследовательский институт технологии и организации производства (НИАТ) Министерства авиационной промышленности СССР, Москва, 1920–
1964 г.	Технический отчет. Сравнительный технико-экономический анализ производства крыльев ракеты В860П сварной конструкции из деталей титановых сплавов и клапанов – из штампованных панелей сплава В.М65-1	РГА в г.Самаре. Ф. Р-196. Оп. 2-1. Д. 21.	Рассекречено в 2018 году	Научно-исследовательский институт технологии и организации производства (НИАТ) Министерства авиационной промышленности СССР, Москва, 1920–
1964 г.	Технический отчет (объяснительная записка по работе 099-24). Разработка основных направлений и важнейших мероприятий по комплексной механизации производственных процессов на 1963–1970 годы	РГА в г.Самаре. Ф. Р-196. Оп. 2-1. Д. 22.	Рассекречено в 2018 году	Научно-исследовательский институт технологии и организации производства (НИАТ) Министерства авиационной промышленности СССР, Москва, 1920–
1964 г.	Технический отчет по теме 122.03. Разработка технологии, проектирование и изготовление оборудования (установка ЗЛУ-11) для электронно-лучевой сварки камер сгорания»	РГА в г.Самаре. Ф. Р-196. Оп. 2-1. Д. 23.	Рассекречено в 2018 году	Научно-исследовательский институт технологии и организации производства (НИАТ) Министерства авиационной промышленности СССР, Москва, 1920–
1964 г.	Технический отчет по работе № 224-24. Разработка нормативов расхода жаропрочных сплавов при изготовлении отливок литьем под вакуумом.	РГА в г.Самаре. Ф. Р-196. Оп. 2-1. Д. 24.	Рассекречено в 2018 году	Научно-исследовательский институт технологии и организации производства (НИАТ) Министерства авиационной промышленности СССР, Москва, 1920–
1965 г.	Реферат «Анализ неисправностей и отказов авиационной техники»	РГА в г.Самаре. Ф. Р-196. Оп. 2-1. Д. 25.	Рассекречено в 2018 году	Научно-исследовательский институт технологии и организации производства (НИАТ) Министерства авиационной промышленности СССР, Москва, 1920–
1965 г.	Директивные технологические материалы создания изделия «Т-4» на этапе эскизного проекта. Книга 2	РГА в г.Самаре. Ф. Р-196. Оп. 2-1. Д. 26.	Рассекречено в 2018 году	Научно-исследовательский институт технологии и организации производства (НИАТ) Министерства авиационной промышленности СССР, Москва, 1920–
1965 г.	Технический отчет по работе № 130.98. Разработка исходных технологических материалов по созданию комплексно-механизированного участка изготовления электрожгутов	РГА в г.Самаре. Ф. Р-196. Оп. 2-1. Д. 27.	Рассекречено в 2018 году	Научно-исследовательский институт технологии и организации производства (НИАТ) Министерства авиационной промышленности СССР, Москва, 1920–
1965 г.	Приложение к техническому отчету по работе Ю6-108 «Определение основных направлений и мероприятий по повышению надежности изделий легкого класса»	РГА в г.Самаре. Ф. Р-196. Оп. 2-1. Д. 28.	Рассекречено в 2018 году	Научно-исследовательский институт технологии и организации производства (НИАТ) Министерства авиационной промышленности СССР, Москва, 1920–
1965 г.	Разработка плана совершенствования организации и повышения технического уровня подготовки производства серийных заводов промышленности в области технологической оснастки и новых технологических процессов ее изготовления	РГА в г.Самаре. Ф. Р-196. Оп. 2-1. Д. 29.	Рассекречено в 2018 году	Научно-исследовательский институт технологии и организации производства (НИАТ) Министерства авиационной промышленности СССР, Москва, 1920–
1965 г.	Технический отчет по работе № 235-44 «Анализ причин неисправностей гидропневмосистем самолетов легкого типа, и разработка рекомендаций по предупреждению производственных дефектов	РГА в г.Самаре. Ф. Р-196. Оп. 2-1. Д. 30.	Рассекречено в 2018 году	Научно-исследовательский институт технологии и организации производства (НИАТ) Министерства авиационной промышленности СССР, Москва, 1920–
1965 г.	Исходные материалы для проектирования специализированных заводов инструмента и оснастки	РГА в г.Самаре. Ф. Р-196. Оп. 2-1. Д. 31.	Рассекречено в 2018 году	Научно-исследовательский институт технологии и организации производства (НИАТ) Министерства авиационной промышленности СССР, Москва, 1920–
1965 г.	Предложения по изготовлению нормализованного инструмента на серийных заводах промышленности	РГА в г.Самаре. Ф. Р-196. Оп. 2-1. Д. 32.	Рассекречено в 2018 году	Научно-исследовательский институт технологии и организации производства (НИАТ) Министерства авиационной промышленности СССР, Москва, 1920–
1965 г.	Работа № 190-45. Разработка плана мероприятий по совершенствованию организации технологической подготовки производства серийных заводов самолетостроения	РГА в г.Самаре. Ф. Р-196. Оп. 2-1. Д. 33.	Рассекречено в 2018 году	Научно-исследовательский институт технологии и организации производства (НИАТ) Министерства авиационной промышленности СССР, Москва, 1920–
1965 г.	Предложения по организации специализированного производства бортового инструмента.	РГА в г.Самаре. Ф. Р-196. Оп. 2-1. Д. 34.	Рассекречено в 2018 году	Научно-исследовательский институт технологии и организации производства (НИАТ) Министерства авиационной промышленности СССР, Москва, 1920–
1965 г.	Предложения по организации специализированного производства бортового инструмента	РГА в г.Самаре. Ф. Р-196. Оп. 2-1. Д. 35.	Рассекречено в 2018 году	Научно-исследовательский институт технологии и организации производства (НИАТ) Министерства авиационной промышленности СССР, Москва, 1920–
1965 г.	Технический отчет по определению трудоемкости специзделий	РГА в г.Самаре. Ф. Р-196. Оп. 2-1. Д. 36.	Рассекречено в 2018 году	Научно-исследовательский институт технологии и организации производства (НИАТ) Министерства авиационной промышленности СССР, Москва, 1920–
1968 г.	Технический отчет по работе № 117-03. Изыскание возможности применения стеклотканевой поляризационной решетки на изделии «КА-13»	РГА в г.Самаре. Ф. Р-196. Оп. 2-1. Д. 38.	Рассекречено в 2018 году	Научно-исследовательский институт технологии и организации производства (НИАТ) Министерства авиационной промышленности СССР, Москва, 1920–
1964 г.	Комплекс наземного оборудования системы «225». Техническая позиция 5Ж-65. Аванпроект. Том IX. Часть III.	РГА в г.Самаре. Ф. Р-196. Оп. 2-1. Д. 39.	Рассекречено в 2018 году	Научно-исследовательский институт технологии и организации производства (НИАТ) Министерства авиационной промышленности СССР, Москва, 1920–
1964 г.	Комплекс наземного оборудования системы «225». Техническая позиция 5Ж-65. Аванпроект. Том IX. Часть II	РГА в г.Самаре. Ф. Р-196. Оп. 2-1. Д. 40.	Рассекречено в 2018 году	Научно-исследовательский институт технологии и организации производства (НИАТ) Министерства авиационной промышленности СССР, Москва, 1920–
1964 г.	Комплекс наземного оборудования системы «225». Техническая позиция 5Ж65. Аванпроект. Том IX. Часть II	РГА в г.Самаре. Ф. Р-196. Оп. 2-1. Д. 41.	Рассекречено в 2018 году	Научно-исследовательский институт технологии и организации производства (НИАТ) Министерства авиационной промышленности СССР, Москва, 1920–
1964 г.	Комплекс наземного оборудования системы «225». Техническая позиция 5Ж65. Аванпроект. Том IX. Часть I	РГА в г.Самаре. Ф. Р-196. Оп. 2-1. Д. 42.	Рассекречено в 2018 году	Научно-исследовательский институт технологии и организации производства (НИАТ) Министерства авиационной промышленности СССР, Москва, 1920–
1965 г.	Комплекс наземного оборудования системы «225». Техническая позиция 5Ж65. Аванпроект. Том IX. Часть I	РГА в г.Самаре. Ф. Р-196. Оп. 2-1. Д. 43.	Рассекречено в 2018 году	Научно-исследовательский институт технологии и организации производства (НИАТ) Министерства авиационной промышленности СССР, Москва, 1920–
1965 г.	Разработка трехстепенного динамического стенда СЗ-1200Б для отработки и проверки прицельно навигационных комплексов бомбометания (эскизный проект)	РГА в г.Самаре. Ф. Р-196. Оп. 2-1. Д. 44.	Рассекречено в 2018 году	Научно-исследовательский институт технологии и организации производства (НИАТ) Министерства авиационной промышленности СССР, Москва, 1920–
1959 г.	Диссертация на соискание ученой степени кандидата технических наук аспиранта т. Ненашева М.И. «Исследование возможностей повышения надежности работы бортовой аппаратуры зенитных управляемых ракет и уменьшения срока обеспечения ракетами огневых позиций»	РГА в г.Самаре. Ф. Р-196. Оп. 2-1. Д. 45.	Рассекречено в 2018 году	Научно-исследовательский институт технологии и организации производства (НИАТ) Министерства авиационной промышленности СССР, Москва, 1920–
1959 г.	Диссертация на соискание ученой степени кандидата технических наук аспиранта т. Таршиша М.С. «Исследование методов измерения пропускной способности форсунок реактивных двигателей»	РГА в г.Самаре. Ф. Р-196. Оп. 2-1. Д. 46.	Рассекречено в 2018 году	Научно-исследовательский институт технологии и организации производства (НИАТ) Министерства авиационной промышленности СССР, Москва, 1920–
1961 г.	Диссертация на соискание ученой степени кандидата технических наук аспиранта т. Митревича К.С. «Исследование эффективности процесса шлифования сталей и жаропрочных сплавов абразивными лентами»	РГА в г.Самаре. Ф. Р-196. Оп. 2-1. Д. 47.	Рассекречено в 2018 году	Научно-исследовательский институт технологии и организации производства (НИАТ) Министерства авиационной промышленности СССР, Москва, 1920–
1964 г.	Диссертация на соискание ученой степени кандидата технических наук аспиранта т. Богдашевского А.В. «Исследование в области сварки полимерных пленок»	РГА в г.Самаре. Ф. Р-196. Оп. 2-1. Д. 48.	Рассекречено в 2018 году	Научно-исследовательский институт технологии и организации производства (НИАТ) Министерства авиационной промышленности СССР, Москва, 1920–
1964 г.	Диссертация на соискание ученой степени кандидата технических наук аспиранта т. Горшкова А.И. «Исследование причин пористости и методов ее предупреждения при дуговой сварке титана и его сплавов»	РГА в г.Самаре. Ф. Р-196. Оп. 2-1. Д. 49.	Рассекречено в 2018 году	Научно-исследовательский институт технологии и организации производства (НИАТ) Министерства авиационной промышленности СССР, Москва, 1920–
1964 г.	Диссертация на соискание ученой степени кандидата технических наук аспиранта т. Ильевского И.И. «Исследование, разработка и внедрение в промышленность новой высокопроизводительной технологии пайки крупногабаритных волноводов»	РГА в г.Самаре. Ф. Р-196. Оп. 2-1. Д. 50.	Рассекречено в 2018 году	Научно-исследовательский институт технологии и организации производства (НИАТ) Министерства авиационной промышленности СССР, Москва, 1920–
1964 г.	Дополнение к диссертации т. Кузнецова Л. Технико-экономическое обоснование выбора и применения агрегатных станков (в условиях мелкосерийного производства)	РГА в г.Самаре. Ф. Р-196. Оп. 2-1. Д. 51.	Рассекречено в 2018 году	Научно-исследовательский институт технологии и организации производства (НИАТ) Министерства авиационной промышленности СССР, Москва, 1920–
1964 г.	Автореферат диссертации на соискание ученой степени кандидата экономических наук т. Кузнецова Л. «Технико-экономическое обоснование выбора и применение агрегатных станков (в условиях мелкосерийного производства)	РГА в г.Самаре. Ф. Р-196. Оп. 2-1. Д. 52.	Рассекречено в 2018 году	Научно-исследовательский институт технологии и организации производства (НИАТ) Министерства авиационной промышленности СССР, Москва, 1920–
1964 г.	Диссертация на соискание ученой степени кандидата технических наук т. Луцкого В.Е. «Исследование формообразования сферических оболочек способом локальной деформации»	РГА в г.Самаре. Ф. Р-196. Оп. 2-1. Д. 53.	Рассекречено в 2018 году	Научно-исследовательский институт технологии и организации производства (НИАТ) Министерства авиационной промышленности СССР, Москва, 1920–
1964 г.	Диссертация на соискание ученой степени кандидата технических наук аспиранта т. Фокина Н.К. «Методы проектирования следящих приводов моделирующих стендов»	РГА в г.Самаре. Ф. Р-196. Оп. 2-1. Д. 54.	Рассекречено в 2018 году	Научно-исследовательский институт технологии и организации производства (НИАТ) Министерства авиационной промышленности СССР, Москва, 1920–
1964 г.	Диссертация на соискание ученой степени кандидата технических наук аспиранта т. Фомичева В.В. «Исследование точности взаимного расположения периодически повторяющихся поверхностей деталей двигателей при их механической обработке»	РГА в г.Самаре. Ф. Р-196. Оп. 2-1. Д. 55.	Рассекречено в 2018 году	Научно-исследовательский институт технологии и организации производства (НИАТ) Министерства авиационной промышленности СССР, Москва, 1920–
1964 г.	Диссертация на соискание ученой степени кандидата технических наук т. Челяндинова Л.М. «Изыскание и разработка технологии приготовления литейных форм на основе графита для фасонного литья титана и тугоплавких металлов»	РГА в г.Самаре. Ф. Р-196. Оп. 2-1. Д. 56.	Рассекречено в 2018 году	Научно-исследовательский институт технологии и организации производства (НИАТ) Министерства авиационной промышленности СССР, Москва, 1920–
1964 г.	Диссертация на соискание ученой степени кандидата технических наук т. Ямницкого З.Н. «Обоснование параметров стендов, обеспечивающих воспроизведение сложных эксплуатационных вибраций при исследовании надежности ракет»	РГА в г.Самаре. Ф. Р-196. Оп. 2-1. Д. 57.	Рассекречено в 2018 году	Научно-исследовательский институт технологии и организации производства (НИАТ) Министерства авиационной промышленности СССР, Москва, 1920–
1965 г.	Диссертация на соискание ученой степени кандидата технических наук т. Бычкова Е.П. «Исследование обрабатываемости резанием тугоплавких материалов на основе вольфрама и молибдена»	РГА в г.Самаре. Ф. Р-196. Оп. 2-1. Д. 58.	Рассекречено в 2018 году	Научно-исследовательский институт технологии и организации производства (НИАТ) Министерства авиационной промышленности СССР, Москва, 1920–
1965 г.	Диссертация на соискание ученой степени кандидата технических наук т. Глотова Е.Б. «Исследование влияния некоторых факторов на герметичность толстостенных корпусных отливок в кокиль из сплава АЛ-9».	РГА в г.Самаре. Ф. Р-196. Оп. 2-1. Д. 59.	Рассекречено в 2018 году	Научно-исследовательский институт технологии и организации производства (НИАТ) Министерства авиационной промышленности СССР, Москва, 1920–
1965 г.	Диссертация на соискание ученой степени кандидата технических наук т. Грибкова А.А. «Исследование влияния конструктивно-технологических факторов на надежность соединений трубопроводов по внутреннему корпусу»	РГА в г.Самаре. Ф. Р-196. Оп. 2-1. Д. 60.	Рассекречено в 2018 году	Научно-исследовательский институт технологии и организации производства (НИАТ) Министерства авиационной промышленности СССР, Москва, 1920–
1965 г.	Диссертация на соискание ученой степени кандидата технических наук аспиранта т. Зайцева Л.Я. «Исследование влияния технологических факторов на долговечность трубопроводов газотурбинных реактивных двигателей»	РГА в г.Самаре. Ф. Р-196. Оп. 2-1. Д. 61.	Рассекречено в 2018 году	Научно-исследовательский институт технологии и организации производства (НИАТ) Министерства авиационной промышленности СССР, Москва, 1920–
1965 г.	Диссертация на соискание ученой степени кандидата технических наук т. Колмановича Н. «Разработка и исследование испытательных стендов, моделирующих режим работы систем управления тормозами и колес самолета»	РГА в г.Самаре. Ф. Р-196. Оп. 2-1. Д. 63.	Рассекречено в 2018 году	Научно-исследовательский институт технологии и организации производства (НИАТ) Министерства авиационной промышленности СССР, Москва, 1920–
1965 г.	Диссертация на соискание ученой степени кандидата технических наук т. Осипова В.П. «Исследование технологических параметров процесса выдавливания тонкостенных конических оболочек на токарно-давильных станках с гидрокопировальным приводом»	РГА в г.Самаре. Ф. Р-196. Оп. 2-1. Д. 64.	Рассекречено в 2018 году	Научно-исследовательский институт технологии и организации производства (НИАТ) Министерства авиационной промышленности СССР, Москва, 1920–
1965 г.	Диссертация на соискание ученой степени кандидата технических наук т. Сотниковой К.Ф. «Исследование влияния жесткости системы при точении жаропрочных материалов из титановых сплавов на скорость резания и прочностные свойства»	РГА в г.Самаре. Ф. Р-196. Оп. 2-1. Д. 65.	Рассекречено в 2018 году	Научно-исследовательский институт технологии и организации производства (НИАТ) Министерства авиационной промышленности СССР, Москва, 1920–
1965 г.	Диссертация на соискание ученой степени кандидата технических наук т. Швеца Е.В. «Интенсификация технологических процессов обработки и самолетостроении»	РГА в г.Самаре. Ф. Р-196. Оп. 2-1. Д. 66.	Рассекречено в 2018 году	Научно-исследовательский институт технологии и организации производства (НИАТ) Министерства авиационной промышленности СССР, Москва, 1920–
1966 г.	Исследование влияния некоторых факторов процесса изготовления и испытания нежестких камер сгорания ЖРД на их геометрические параметры, определяющие положение ВТ (верхней точки)	РГА в г.Самаре. Ф. Р-196. Оп. 3-1. Д. 1.	Рассекречено в 2018 году	Научно-исследовательский институт технологии и организации производства (НИАТ) Министерства авиационной промышленности СССР, Москва, 1920–
1966 г.	Исследование методов организации поточного производства в агрегатно-сборочных цехах заводов летательных аппаратов	РГА в г.Самаре. Ф. Р-196. Оп. 3-1. Д. 2.	Рассекречено в 2018 году	Научно-исследовательский институт технологии и организации производства (НИАТ) Министерства авиационной промышленности СССР, Москва, 1920–
1966 г.	Исследование некоторых технологических особенностей сварки тонколистовых высокопрочных конструкционных сталей	РГА в г.Самаре. Ф. Р-196. Оп. 3-1. Д. 3.	Рассекречено в 2018 году	Научно-исследовательский институт технологии и организации производства (НИАТ) Министерства авиационной промышленности СССР, Москва, 1920–
1966 г.	Изыскание и разработка методов и средств создания автоматических линий для обработки лопаток авиационных двигателей	РГА в г.Самаре. Ф. Р-196. Оп. 3-1. Д. 4.	Рассекречено в 2018 году	Научно-исследовательский институт технологии и организации производства (НИАТ) Министерства авиационной промышленности СССР, Москва, 1920–
1966 г.	Исследование и синтез моделирующего стенда для испытания топливорегулирующей аппаратуры основного контура ТРД	РГА в г.Самаре. Ф. Р-196. Оп. 3-1. Д. 5.	Рассекречено в 2018 году	Научно-исследовательский институт технологии и организации производства (НИАТ) Министерства авиационной промышленности СССР, Москва, 1920–
1966 г.	Исследование установившихся и переходных режимов в механической части электропривода применительно к электроприводу поворотного стенда для автоматизированных испытаний летательных аппаратов	РГА в г.Самаре. Ф. Р-196. Оп. 3-1. Д. 6.	Рассекречено в 2018 году	Научно-исследовательский институт технологии и организации производства (НИАТ) Министерства авиационной промышленности СССР, Москва, 1920–
1966 г.	Постановка и методика решения задачи комплексной типизации агрегатно-сборочных работ летательных аппаратов	РГА в г.Самаре. Ф. Р-196. Оп. 3-1. Д. 7.	Рассекречено в 2018 году	Научно-исследовательский институт технологии и организации производства (НИАТ) Министерства авиационной промышленности СССР, Москва, 1920–
1967 г.	Исследование влияния конструктивно-технологических факторов на герметичность отсеков летательных аппаратов	РГА в г.Самаре. Ф. Р-196. Оп. 3-1. Д. 8.	Рассекречено в 2018 году	Научно-исследовательский институт технологии и организации производства (НИАТ) Министерства авиационной промышленности СССР, Москва, 1920–
1967 г.	Исследование процессов пропитки и отверждения при изготовлении крупногабаритных деталей летательных аппаратов из стеклопластиков	РГА в г.Самаре. Ф. Р-196. Оп. 3-1. Д. 9.	Рассекречено в 2018 году	Научно-исследовательский институт технологии и организации производства (НИАТ) Министерства авиационной промышленности СССР, Москва, 1920–
1867 г.	Изыскание и разработка оптимальных вариантов средств контроля гидравлического оборудования в КИС (контрольно-испытательных станциях) самолетостроительных заводов и исследование эффективности их применения	РГА в г.Самаре. Ф. Р-196. Оп. 3-1. Д. 10.	Рассекречено в 2018 году	Научно-исследовательский институт технологии и организации производства (НИАТ) Министерства авиационной промышленности СССР, Москва, 1920–
1968 г.	Исследование методов и выбор оптимальных вариантов оснащения производства самолетов станочными приспособлениями	РГА в г.Самаре. Ф. Р-196. Оп. 3-1. Д. 13.	Рассекречено в 2018 году	Научно-исследовательский институт технологии и организации производства (НИАТ) Министерства авиационной промышленности СССР, Москва, 1920–
1968 г.	Исследование и разработка ксерорадиографического метода дефектоскопии сварных конструкций ядерных реакторов	РГА в г.Самаре. Ф. Р-196. Оп. 3-1. Д. 14.	Рассекречено в 2018 году	Научно-исследовательский институт технологии и организации производства (НИАТ) Министерства авиационной промышленности СССР, Москва, 1920–
1968 г.	Исследование технологического процесса нанесения пенопластов на агрегаты летательных аппаратов напылением	РГА в г.Самаре. Ф. Р-196. Оп. 3-1. Д. 15.	Рассекречено в 2018 году	Научно-исследовательский институт технологии и организации производства (НИАТ) Министерства авиационной промышленности СССР, Москва, 1920–
1968 г.	Исследование точности процесса формообразования (калибровки) импульсивными нагрузками обечаек летательных аппаратов	РГА в г.Самаре. Ф. Р-196. Оп. 3-1. Д. 16.	Рассекречено в 2018 году	Научно-исследовательский институт технологии и организации производства (НИАТ) Министерства авиационной промышленности СССР, Москва, 1920–
1969 г.	Исследование самолетных следящих гидроприводов с дроссельными устройствами плоского поворотного типа	РГА в г.Самаре. Ф. Р-196. Оп. 3-1. Д. 18.	Рассекречено в 2018 году	Научно-исследовательский институт технологии и организации производства (НИАТ) Министерства авиационной промышленности СССР, Москва, 1920–
1969 г.	Производственные основы надежности самолетов	РГА в г.Самаре. Ф. Р-196. Оп. 3-1. Д. 19.	Рассекречено в 2018 году	Научно-исследовательский институт технологии и организации производства (НИАТ) Министерства авиационной промышленности СССР, Москва, 1920–
1970 г.	Исследование передаточных механизмов моделирующих стендов для испытаний систем управления летательных аппаратов	РГА в г.Самаре. Ф. Р-196. Оп. 3-1. Д. 20.	Рассекречено в 2018 году	Научно-исследовательский институт технологии и организации производства (НИАТ) Министерства авиационной промышленности СССР, Москва, 1920–
1970 г.	Основы теории проливочных стендов и повышение точности измерений при технологических испытаниях узлов и агрегатов ЖРД	РГА в г.Самаре. Ф. Р-196. Оп. 3-1. Д. 21.	Рассекречено в 2018 году	Научно-исследовательский институт технологии и организации производства (НИАТ) Министерства авиационной промышленности СССР, Москва, 1920–
1972 г.	Применение методов статистического моделирования в экономическом анализе	РГА в г.Самаре. Ф. Р-196. Оп. 3-1. Д. 24.	Рассекречено в 2018 году	Научно-исследовательский институт технологии и организации производства (НИАТ) Министерства авиационной промышленности СССР, Москва, 1920–
1973 г.	Основные вопросы оптимизации производственной структуры механических и механосборочных цехов двигателестроительных заводов	РГА в г.Самаре. Ф. Р-196. Оп. 3-1. Д. 25.	Рассекречено в 2018 году	Научно-исследовательский институт технологии и организации производства (НИАТ) Министерства авиационной промышленности СССР, Москва, 1920–
1974 г.	Исследование и совершенствование методов выбора рациональных форм организации производственных процессов (на примере механических цехов)	РГА в г.Самаре. Ф. Р-196. Оп. 3-1. Д. 26.	Рассекречено в 2018 году	Научно-исследовательский институт технологии и организации производства (НИАТ) Министерства авиационной промышленности СССР, Москва, 1920–
1975 г.	Вопросы совершенствования методологии планирования специализации и кооперирования производства (на примере авиационного двигателестроения)	РГА в г.Самаре. Ф. Р-196. Оп. 3-1. Д. 27.	Рассекречено в 2018 году	Научно-исследовательский институт технологии и организации производства (НИАТ) Министерства авиационной промышленности СССР, Москва, 1920–
1965 г.	Интенсификация технологических процессов обработки в самолетостроении	РГА в г.Самаре. Ф. Р-196. Оп. 3-1. Д. 28.	Рассекречено в 2018 году	Научно-исследовательский институт технологии и организации производства (НИАТ) Министерства авиационной промышленности СССР, Москва, 1920–
1967 г.	Вопросы экономического стимулирования авиационных предприятий в новых условиях хозяйствования	РГА в г.Самаре. Ф. Р-196. Оп. 3-1. Д. 29.	Рассекречено в 2018 году	Научно-исследовательский институт технологии и организации производства (НИАТ) Министерства авиационной промышленности СССР, Москва, 1920–
1970 г.	Исследование и разработка технологического процесса сборки пакета корпуса головной части ракеты из стеклопластиков	РГА в г.Самаре. Ф. Р-196. Оп. 3-1. Д. 30.	Рассекречено в 2018 году	Научно-исследовательский институт технологии и организации производства (НИАТ) Министерства авиационной промышленности СССР, Москва, 1920–
1973 г.	Оптимальная отладка силовой установки с ТРДФ (турбореактивным двигателем с форсажной камерой) серийного самолета	РГА в г.Самаре. Ф. Р-196. Оп. 3-1. Д. 31.	Рассекречено в 2018 году	Научно-исследовательский институт технологии и организации производства (НИАТ) Министерства авиационной промышленности СССР, Москва, 1920–
1975 г.	Индукционная термическая обработка облегченной авиационной брони	РГА в г.Самаре. Ф. Р-196. Оп. 3-1. Д. 32.	Рассекречено в 2018 году	Научно-исследовательский институт технологии и организации производства (НИАТ) Министерства авиационной промышленности СССР, Москва, 1920–
1975 г.	Изыскание и исследование гидравлических автоколебательных приводов для машин с пульсирующим приложением нагрузки	РГА в г.Самаре. Ф. Р-196. Оп. 3-1. Д. 34.	Рассекречено в 2018 году	Научно-исследовательский институт технологии и организации производства (НИАТ) Министерства авиационной промышленности СССР, Москва, 1920–
1977 г.	Отраслевая система оценки и прогнозирования затрат на создание новой техники	РГА в г.Самаре. Ф. Р-196. Оп. 3-1. Д. 35.	Рассекречено в 2018 году	Научно-исследовательский институт технологии и организации производства (НИАТ) Министерства авиационной промышленности СССР, Москва, 1920–
1978 г.	Исследование совмещенного процесса штамповки и закалки при изготовлении листовых деталей из высокопрочных нержавеющих сталей для летательных аппаратов	РГА в г.Самаре. Ф. Р-196. Оп. 3-1. Д. 36.	Рассекречено в 2018 году	Научно-исследовательский институт технологии и организации производства (НИАТ) Министерства авиационной промышленности СССР, Москва, 1920–
1978 г.	Исследование, разработка и внедрение методов, средств и технологии ультразвукового контроля сварных соединений силовых узлов планера и кольцевых заготовок двигателей	РГА в г.Самаре. Ф. Р-196. Оп. 3-1. Д. 37.	Рассекречено в 2018 году	Научно-исследовательский институт технологии и организации производства (НИАТ) Министерства авиационной промышленности СССР, Москва, 1920–
1978 г.	Исследование процесса формирования оптовых цен на большие технические системы	РГА в г.Самаре. Ф. Р-196. Оп. 3-1. Д. 38.	Рассекречено в 2018 году	Научно-исследовательский институт технологии и организации производства (НИАТ) Министерства авиационной промышленности СССР, Москва, 1920–
1979 г.	Исследование и разработка методов повышения свойств теплозащитных плазменных покрытий на инструменте для горячего формообразования металлических заготовок деталей авиационных двигателей и конструкций летательных аппаратов	РГА в г.Самаре. Ф. Р-196. Оп. 3-1. Д. 39.	Рассекречено в 2018 году	Научно-исследовательский институт технологии и организации производства (НИАТ) Министерства авиационной промышленности СССР, Москва, 1920–
1979 г.	Исследование и разработка процесса изготовления точных заготовок лопаток ГТД (газотурбинных двигателей) из титановых сплавов с припуском по перу под безразмерное полирование с применением штамповки в изотермических условиях	РГА в г.Самаре. Ф. Р-196. Оп. 3-1. Д. 40.	Рассекречено в 2018 году	Научно-исследовательский институт технологии и организации производства (НИАТ) Министерства авиационной промышленности СССР, Москва, 1920–
1979 г.	Разработка и исследование процесса формообразования полых цилиндрических деталей ракет с внутренним поперечным оребрением (штангоутами) из алюминиевых сплавов методом ротационного обжима на раскатных станах типа СРГ	РГА в г.Самаре. Ф. Р-196. Оп. 3-1. Д. 41.	Рассекречено в 2018 году	Научно-исследовательский институт технологии и организации производства (НИАТ) Министерства авиационной промышленности СССР, Москва, 1920–
1979 г.	Разработка и исследование электрореслогического метода крепления механообрабатываемых деталей летательных аппаратов в станочных приспособлениях	РГА в г.Самаре. Ф. Р-196. Оп. 3-1. Д. 42.	Рассекречено в 2018 году	Научно-исследовательский институт технологии и организации производства (НИАТ) Министерства авиационной промышленности СССР, Москва, 1920–
1980 г.	Разработка методов моделирования и автоматизированного программирования технологических процессов намотки авиационных конструкций из композиционных материалов на станках с ЧПУ	РГА в г.Самаре. Ф. Р-196. Оп. 3-1. Д. 45.	Рассекречено в 2018 году	Научно-исследовательский институт технологии и организации производства (НИАТ) Министерства авиационной промышленности СССР, Москва, 1920–
1980 г.	Исследование и разработка силовых и термомеханических параметров изотермической штамповки титановых сплавов в открытых штампах применительно к изготовлению деталей ГТД	РГА в г.Самаре. Ф. Р-196. Оп. 3-1. Д. 46.	Рассекречено в 2018 году	Научно-исследовательский институт технологии и организации производства (НИАТ) Министерства авиационной промышленности СССР, Москва, 1920–
1980 г.	Разработка процесса глубокой вытяжки с противодавлением жидкости полых листовых деталей авиационных двигателей и агрегатов	РГА в г.Самаре. Ф. Р-196. Оп. 3-1. Д. 47.	Рассекречено в 2018 году	Научно-исследовательский институт технологии и организации производства (НИАТ) Министерства авиационной промышленности СССР, Москва, 1920–
1981 г.	Разработка элементов системы автоматизации программирования, процессов нанесения покрытий на детали летательных аппаратов методом напыления с помощью многокоординатных роботов	РГА в г.Самаре. Ф. Р-196. Оп. 3-1. Д. 48.	Рассекречено в 2018 году	Научно-исследовательский институт технологии и организации производства (НИАТ) Министерства авиационной промышленности СССР, Москва, 1920–
1965 г.	Изделие 5Я27 (ракета). Предварительные исходные данные по изделию 5Я27 для разработки эскизного проекта технической и стартовой позиции системы С-225 (синька)	РГА в г.Самаре. Ф. Р-196. Оп. 5-2. Д. 1.	Рассекречено в 2018 году	Научно-исследовательский институт технологии и организации производства (НИАТ) Министерства авиационной промышленности СССР, Москва, 1920–
1965 г.	Изделие 5Я27 (ракета). Основные весовые и центровочные данные изделия 5Я27 (предварительные) (синька)	РГА в г.Самаре. Ф. Р-196. Оп. 5-2. Д. 2.	Рассекречено в 2018 году	Научно-исследовательский институт технологии и организации производства (НИАТ) Министерства авиационной промышленности СССР, Москва, 1920–
1965 г.	Изделие 5Я27 (ракета). Расчеты конструкций специального технологического оборудования (калька)	РГА в г.Самаре. Ф. Р-196. Оп. 5-2. Д. 3.	Рассекречено в 2018 году	Научно-исследовательский институт технологии и организации производства (НИАТ) Министерства авиационной промышленности СССР, Москва, 1920–
1965 г.	Изделие 5Я27. Расчет специального технологического оборудования технической позиции (калька)	РГА в г.Самаре. Ф. Р-196. Оп. 5-2. Д. 4.	Рассекречено в 2018 году	Научно-исследовательский институт технологии и организации производства (НИАТ) Министерства авиационной промышленности СССР, Москва, 1920–
1965 г.	Изделие 5Я27. Расчетная записка к эскизному проекту заправочной станции МС-99 (системы 225) (синька)	РГА в г.Самаре. Ф. Р-196. Оп. 5-2. Д. 5.	Рассекречено в 2018 году	Научно-исследовательский институт технологии и организации производства (НИАТ) Министерства авиационной промышленности СССР, Москва, 1920–
1965 г.	Изделие 5Я27. Комплекс наземного оборудования системы 225 (синька)	РГА в г.Самаре. Ф. Р-196. Оп. 5-2. Д. 6.	Рассекречено в 2018 году	Научно-исследовательский институт технологии и организации производства (НИАТ) Министерства авиационной промышленности СССР, Москва, 1920–
1965 г.	Изделие 5Я27. Протокол технического совещания по рассмотрению материалов эскизного проекта унифицированного изотермического вагона 15Т56 (синька)	РГА в г.Самаре. Ф. Р-196. Оп. 5-2. Д. 7.	Рассекречено в 2018 году	Научно-исследовательский институт технологии и организации производства (НИАТ) Министерства авиационной промышленности СССР, Москва, 1920–
1965 г.	Изделие 5Я27. Альбом чертежей технологического оборудования, используемого при применении термочехла для изделия 5Я27 (калька)	РГА в г.Самаре. Ф. Р-196. Оп. 5-2. Д. 8.	Рассекречено в 2018 году	Научно-исследовательский институт технологии и организации производства (НИАТ) Министерства авиационной промышленности СССР, Москва, 1920–
1965 г.	Изделие 5Я27. Альбом чертежей технологического сборочно-стыковочного и вспомогательного оборудования (калька)	РГА в г.Самаре. Ф. Р-196. Оп. 5-2. Д. 9.	Рассекречено в 2018 году	Научно-исследовательский институт технологии и организации производства (НИАТ) Министерства авиационной промышленности СССР, Москва, 1920–
1965 г.	Изделие 5Я27. Альбом чертежей укупорки и транспортных средств для изделия 5Я27 (калька)	РГА в г.Самаре. Ф. Р-196. Оп. 5-2. Д. 10.	Рассекречено в 2018 году	Научно-исследовательский институт технологии и организации производства (НИАТ) Министерства авиационной промышленности СССР, Москва, 1920–
1965 г.	Изделие 217 (ракета). Временные технические условия на изготовление, испытание и приемку устройства электрообогрева на тягаче ЗИЛ-157КВ (ПР-7МВ-12-000 ВТУ) (калька)	РГА в г.Самаре. Ф. Р-196. Оп. 5-2. Д. 11.	Рассекречено в 2018 году	Научно-исследовательский институт технологии и организации производства (НИАТ) Министерства авиационной промышленности СССР, Москва, 1920–
1965 г.	Изделие 217 (ракета). Краткое техническое описание и временная инструкция по эксплуатации ПР-7МВ-12-000 ТО и ИН (калька)	РГА в г.Самаре. Ф. Р-196. Оп. 5-2. Д. 12.	Рассекречено в 2018 году	Научно-исследовательский институт технологии и организации производства (НИАТ) Министерства авиационной промышленности СССР, Москва, 1920–
1959 г.	Изделие 2ТА. Рабочий проект транспортно-стыковочного автополуприцепа ТСПП (синька)	РГА в г.Самаре. Ф. Р-196. Оп. 5-2. Д. 13.	Рассекречено в 2018 году	Научно-исследовательский институт технологии и организации производства (НИАТ) Министерства авиационной промышленности СССР, Москва, 1920–
1959 г.	Изделие 2ТА. Инструкция по наладке и эксплуатации транспортно-стыковочного автополуприцепа 4ТII для изделия 2ТА (калька)	РГА в г.Самаре. Ф. Р-196. Оп. 5-2. Д. 14.	Рассекречено в 2018 году	Научно-исследовательский институт технологии и организации производства (НИАТ) Министерства авиационной промышленности СССР, Москва, 1920–
1959 г.	Изделие 2ТА. Краткое техническое описание транспортно-стыковочного полуприцепа для изделия типа В-1000 (калька)	РГА в г.Самаре. Ф. Р-196. Оп. 5-2. Д. 15.	Рассекречено в 2018 году	Научно-исследовательский институт технологии и организации производства (НИАТ) Министерства авиационной промышленности СССР, Москва, 1920–
1959 г.	Изделие 400. Рабочий проект установок 4П61 и 4Ю31. Расчет. Том I (синька)	РГА в г.Самаре. Ф. Р-196. Оп. 5-2. Д. 16.	Рассекречено в 2018 году	Научно-исследовательский институт технологии и организации производства (НИАТ) Министерства авиационной промышленности СССР, Москва, 1920–
1959 г.	Изделие 400. Рабочий проект установок 4П61 и 4Ю31. Расчет. Том II (синька)	РГА в г.Самаре. Ф. Р-196. Оп. 5-2. Д. 17.	Рассекречено в 2018 году	Научно-исследовательский институт технологии и организации производства (НИАТ) Министерства авиационной промышленности СССР, Москва, 1920–
1966 г.	Изделие 400. Расчет размерных цепей стыковки ППУ, ЗУ и изделия (калька)	РГА в г.Самаре. Ф. Р-196. Оп. 5-2. Д. 18.	Рассекречено в 2018 году	Научно-исследовательский институт технологии и организации производства (НИАТ) Министерства авиационной промышленности СССР, Москва, 1920–
1963 г.	Изделие 4с-М-1. Техническое описание и инструкция по эксплуатации ангарной тележки 4390 (синька)	РГА в г.Самаре. Ф. Р-196. Оп. 5-2. Д. 19.	Рассекречено в 2018 году	Научно-исследовательский институт технологии и организации производства (НИАТ) Министерства авиационной промышленности СССР, Москва, 1920–
1964 г.	Изделие 4с-М-1. Изменение технологического потока технического дивизиона комплекса С-125	РГА в г.Самаре. Ф. Р-196. Оп. 5-2. Д. 20.	Рассекречено в 2018 году	Научно-исследовательский институт технологии и организации производства (НИАТ) Министерства авиационной промышленности СССР, Москва, 1920–
1962 г.	Изделие 4с-М-1. Инструкция по эксплуатации агрегата 8Т392 (синька)	РГА в г.Самаре. Ф. Р-196. Оп. 5-2. Д. 21.	Рассекречено в 2018 году	Научно-исследовательский институт технологии и организации производства (НИАТ) Министерства авиационной промышленности СССР, Москва, 1920–
1965 г.	Изделие 4с-М-1. Ремонтные средства позиции (ТП)	РГА в г.Самаре. Ф. Р-196. Оп. 5-2. Д. 22.	Рассекречено в 2018 году	Научно-исследовательский институт технологии и организации производства (НИАТ) Министерства авиационной промышленности СССР, Москва, 1920–
1965 г.	Изделие 4с-М-1. Протокол совещания по рассмотрению эскизного проекта унифицированного изотермического вагона 15Т56 (синька)	РГА в г.Самаре. Ф. Р-196. Оп. 5-2. Д. 23.	Рассекречено в 2018 году	Научно-исследовательский институт технологии и организации производства (НИАТ) Министерства авиационной промышленности СССР, Москва, 1920–
1967 г.	Изделие 4с-М-1. Техническое описание и инструкция по эксплуатации перегрузочной тележки 5х90 (калька)	РГА в г.Самаре. Ф. Р-196. Оп. 5-2. Д. 24.	Рассекречено в 2018 году	Научно-исследовательский институт технологии и организации производства (НИАТ) Министерства авиационной промышленности СССР, Москва, 1920–
1963 г.	Изделие Е. Технологический процесс подготовки объекта УС-А на технической позиции в/ч 11284 (площадка 31 объект 353) (калька)	РГА в г.Самаре. Ф. Р-196. Оп. 5-2. Д. 25.	Рассекречено в 2018 году	Научно-исследовательский институт технологии и организации производства (НИАТ) Министерства авиационной промышленности СССР, Москва, 1920–
1964 г.	Изделие Е. Пояснительная записка к эскизному проекту опорно-поворотного стенда ШК-100 для комплексной проверки спецаппаратуры изделия «Е» (калька)	РГА в г.Самаре. Ф. Р-196. Оп. 5-2. Д. 26.	Рассекречено в 2018 году	Научно-исследовательский институт технологии и организации производства (НИАТ) Министерства авиационной промышленности СССР, Москва, 1920–
1966 г.	Изделие Е. Эскизный проект транспортно-кантовочной машины 6Е47 (синька)	РГА в г.Самаре. Ф. Р-196. Оп. 5-2. Д. 27.	Рассекречено в 2018 году	Научно-исследовательский институт технологии и организации производства (НИАТ) Министерства авиационной промышленности СССР, Москва, 1920–
1967 г.	Изделие Е. Техническое описание и инструкция по эксплуатации подставки с трапом 6ЕР88	РГА в г.Самаре. Ф. Р-196. Оп. 5-2. Д. 28.	Рассекречено в 2018 году	Научно-исследовательский институт технологии и организации производства (НИАТ) Министерства авиационной промышленности СССР, Москва, 1920–
1967 г.	Изделие Е. Техническое описание и инструкция по эксплуатации стыковочного стенда 8ТО208М (синька)	РГА в г.Самаре. Ф. Р-196. Оп. 5-2. Д. 29.	Рассекречено в 2018 году	Научно-исследовательский институт технологии и организации производства (НИАТ) Министерства авиационной промышленности СССР, Москва, 1920–
1967 г.	Изделие Е. Техническое описание и инструкция по эксплуатации транспортно-кантовочной машины 6ЕР47 (калька)	РГА в г.Самаре. Ф. Р-196. Оп. 5-2. Д. 30.	Рассекречено в 2018 году	Научно-исследовательский институт технологии и организации производства (НИАТ) Министерства авиационной промышленности СССР, Москва, 1920–
1967 г.	Изделие Е. Технический отчет по работе № 6-4517-0602 «Испытание и внедрение разработанного стендового оборудования для изделия Е-Р»	РГА в г.Самаре. Ф. Р-196. Оп. 5-2. Д. 31.	Рассекречено в 2018 году	Научно-исследовательский институт технологии и организации производства (НИАТ) Министерства авиационной промышленности СССР, Москва, 1920–
1966 г.	Изделие Е. Технический отчет по работе № 6023-30 Опытная эксплуатация комплекса наземного технологического оборудования для изделия 2УС-А» на этапе ЛКИ	РГА в г.Самаре. Ф. Р-196. Оп. 5-2. Д. 32.	Рассекречено в 2018 году	Научно-исследовательский институт технологии и организации производства (НИАТ) Министерства авиационной промышленности СССР, Москва, 1920–
1969 г.	Изделие Е. Техническое описание и инструкция по эксплуатации подставки с трапом 6ЕР88Д (синька)	РГА в г.Самаре. Ф. Р-196. Оп. 5-2. Д. 33.	Рассекречено в 2018 году	Научно-исследовательский институт технологии и организации производства (НИАТ) Министерства авиационной промышленности СССР, Москва, 1920–
1968 г.	Моделирующие стенды. Зарубежные стенды для испытаний динамики полета самолетов	РГА в г.Самаре. Ф. Р-196. Оп. 5-2. Д. 34.	Рассекречено в 2018 году	Научно-исследовательский институт технологии и организации производства (НИАТ) Министерства авиационной промышленности СССР, Москва, 1920–
1966 г.	Моделирующие стенды. Эскизный проект шестистепенного механизма стенда имитатора полета СИП-61 (синька)	РГА в г.Самаре. Ф. Р-196. Оп. 5-2. Д. 35.	Рассекречено в 2018 году	Научно-исследовательский институт технологии и организации производства (НИАТ) Министерства авиационной промышленности СССР, Москва, 1920–
1967 г.	Моделирующие стенды. Пояснительная записка к рабочему проекту шестистепенного механизма стенда имитатора полета СИП-61 (калька)	РГА в г.Самаре. Ф. Р-196. Оп. 5-2. Д. 36.	Рассекречено в 2018 году	Научно-исследовательский институт технологии и организации производства (НИАТ) Министерства авиационной промышленности СССР, Москва, 1920–
1967 г.	Моделирующие стенды. Технический отчет по работе № 6-1302-0602 «Обзор и анализ технических характеристик динамических и поворотных стендов для испытания летательных аппаратов. Книга 1.	РГА в г.Самаре. Ф. Р-196. Оп. 5-2. Д. 37.	Рассекречено в 2018 году	Научно-исследовательский институт технологии и организации производства (НИАТ) Министерства авиационной промышленности СССР, Москва, 1920–
1963 г.	Моделирующие стенды. Техническое описание и инструкция по эксплуатации двухстепенного поворотного стенда 5Ф92	РГА в г.Самаре. Ф. Р-196. Оп. 5-2. Д. 38.	Рассекречено в 2018 году	Научно-исследовательский институт технологии и организации производства (НИАТ) Министерства авиационной промышленности СССР, Москва, 1920–
1964 г.	Изделие «И». Пояснительная записка к эскизному проекту двухстепенного передвижного стенда БК-100 для приборного отсека изделия «ИС».	РГА в г.Самаре. Ф. Р-196. Оп. 5-2. Д. 39.	Рассекречено в 2018 году	Научно-исследовательский институт технологии и организации производства (НИАТ) Министерства авиационной промышленности СССР, Москва, 1920–
1964 г.	Изделие «И». Технический отчет по работе 022.46 «Опытная эксплуатация комплекса наземного технологического оборудования для изделия И2Б	РГА в г.Самаре. Ф. Р-196. Оп. 5-2. Д. 40.	Рассекречено в 2018 году	Научно-исследовательский институт технологии и организации производства (НИАТ) Министерства авиационной промышленности СССР, Москва, 1920–
1964 г.	Изделие «И». Технический отчет по работе № 231-05 «Разработка рабочего проекта пространственной динамической модели для изделий «ИС»	РГА в г.Самаре. Ф. Р-196. Оп. 5-2. Д. 41.	Рассекречено в 2018 году	Научно-исследовательский институт технологии и организации производства (НИАТ) Министерства авиационной промышленности СССР, Москва, 1920–
1965 г.	Изделие «И». Эскизный проект комплекса наземного технологического оборудования для обслуживания изделия 5891 на технической позиции БСК	РГА в г.Самаре. Ф. Р-196. Оп. 5-2. Д. 42.	Рассекречено в 2018 году	Научно-исследовательский институт технологии и организации производства (НИАТ) Министерства авиационной промышленности СССР, Москва, 1920–
1965 г.	Изделие «И». Эскизный проект комплекса наземного технологического оборудования для изделия 5891. Книга II. Расчетные выписки.	РГА в г.Самаре. Ф. Р-196. Оп. 5-2. Д. 43.	Рассекречено в 2018 году	Научно-исследовательский институт технологии и организации производства (НИАТ) Министерства авиационной промышленности СССР, Москва, 1920–
1965 г.	Изделие «И». Отчет по обоснованию и реализации дополнительных технических требований к 2-х степенному поворотному стенду БК-100	РГА в г.Самаре. Ф. Р-196. Оп. 5-2. Д. 44.	Рассекречено в 2018 году	Научно-исследовательский институт технологии и организации производства (НИАТ) Министерства авиационной промышленности СССР, Москва, 1920–
1966 г.	Изделие «И». Технический отчет по работе № 022-57 «Эксплуатационное исследование узлов пространственной динамической модели для изделия «ИС»	РГА в г.Самаре. Ф. Р-196. Оп. 5-2. Д. 45.	Рассекречено в 2018 году	Научно-исследовательский институт технологии и организации производства (НИАТ) Министерства авиационной промышленности СССР, Москва, 1920–
1966 г.	Изделие «И». Предложения по доработке стенда 8ТО208	РГА в г.Самаре. Ф. Р-196. Оп. 5-2. Д. 46.	Рассекречено в 2018 году	Научно-исследовательский институт технологии и организации производства (НИАТ) Министерства авиационной промышленности СССР, Москва, 1920–
1965 г.	Изделие «И». Технический отчет по работе № 022-52 «Опытная эксплуатация и доводка комплекса наземного технологического оборудования на I и II этапах автономных испытаний	РГА в г.Самаре. Ф. Р-196. Оп. 5-2. Д. 47.	Рассекречено в 2018 году	Научно-исследовательский институт технологии и организации производства (НИАТ) Министерства авиационной промышленности СССР, Москва, 1920–
1965 г.	Изделие «И». Аннотация на работы по созданию наземного технологического оборудования для спутников «ИС»	РГА в г.Самаре. Ф. Р-196. Оп. 5-2. Д. 48.	Рассекречено в 2018 году	Научно-исследовательский институт технологии и организации производства (НИАТ) Министерства авиационной промышленности СССР, Москва, 1920–
1966 г.	Изделие «И». Технический отчет по работе № 022-59 «Опытная эксплуатация комплекса наземного технологического оборудования на этапе летно-конструкторских испытаний «И»	РГА в г.Самаре. Ф. Р-196. Оп. 5-2. Д. 49.	Рассекречено в 2018 году	Научно-исследовательский институт технологии и организации производства (НИАТ) Министерства авиационной промышленности СССР, Москва, 1920–
1967 г.	Изделие «И». Технические описания и инструкция по эксплуатации двухстепенного передвижного поворотного стенда БК-100.	РГА в г.Самаре. Ф. Р-196. Оп. 5-2. Д. 50.	Рассекречено в 2018 году	Научно-исследовательский институт технологии и организации производства (НИАТ) Министерства авиационной промышленности СССР, Москва, 1920–
1967 г.	Изделие «И». Технический отчет по работе № 6-4513-0602 «Испытания и внедрение оборудования 5Ф92, 8ТО208, 5Ф91, 5Ц74, ТБ-1, 5Ц86, 5Ц85, 5Ю87А, 5088Б для изделия «ИС»	РГА в г.Самаре. Ф. Р-196. Оп. 5-2. Д. 51.	Рассекречено в 2018 году	Научно-исследовательский институт технологии и организации производства (НИАТ) Министерства авиационной промышленности СССР, Москва, 1920–
1962 г.	Изделия К-40 и УК-40 (ракеты). Технический отчет «Разработка директивной технологической документации изделия «40»	РГА в г.Самаре. Ф. Р-196. Оп. 5-2. Д. 52.	Рассекречено в 2018 году	Научно-исследовательский институт технологии и организации производства (НИАТ) Министерства авиационной промышленности СССР, Москва, 1920–
1965 г.	Изделие К-40 и УК-40 (ракеты). Общие технические условия ракеты «К-40» и УК-40. ЛООО. ОТУ 8/1	РГА в г.Самаре. Ф. Р-196. Оп. 5-2. Д. 53.	Рассекречено в 2018 году	Научно-исследовательский институт технологии и организации производства (НИАТ) Министерства авиационной промышленности СССР, Москва, 1920–
1967 г.	Изделие К-40 и УК-40 (ракеты). Частные технические условия ЛТООО ЧТУ 8-2. Ракета К-40 с тепловой головкой самонаведения	РГА в г.Самаре. Ф. Р-196. Оп. 5-2. Д. 54.	Рассекречено в 2018 году	Научно-исследовательский институт технологии и организации производства (НИАТ) Министерства авиационной промышленности СССР, Москва, 1920–
1967 г.	Изделие К-40 и УК-40 (ракеты). Технико-экономическое обоснование и проектные соображения по организации сборочно-снаряжательных баз для изделий К-40	РГА в г.Самаре. Ф. Р-196. Оп. 5-2. Д. 55.	Рассекречено в 2018 году	Научно-исследовательский институт технологии и организации производства (НИАТ) Министерства авиационной промышленности СССР, Москва, 1920–
1967 г.	Изделие К-40 и УК-40 (ракеты). Технический отчет «Разработка технологических материалов снаряжения изделия К-40 в промышленности (часть II).	РГА в г.Самаре. Ф. Р-196. Оп. 5-2. Д. 56.	Рассекречено в 2018 году	Научно-исследовательский институт технологии и организации производства (НИАТ) Министерства авиационной промышленности СССР, Москва, 1920–
1968 г.	Изделие К-40 и УК-40 (ракеты). Частные технические условия ЛР0000 ЧТУ 8/20. Ракета К-40 с радиолокационной головкой самонаведения.	РГА в г.Самаре. Ф. Р-196. Оп. 5-2. Д. 57.	Рассекречено в 2018 году	Научно-исследовательский институт технологии и организации производства (НИАТ) Министерства авиационной промышленности СССР, Москва, 1920–
1962 г.	Изделие Р-3Р (ракета). Технические условия на ракету Р-3Р 310А-ТУ	РГА в г.Самаре. Ф. Р-196. Оп. 5-2. Д. 58.	Рассекречено в 2018 году	Научно-исследовательский институт технологии и организации производства (НИАТ) Министерства авиационной промышленности СССР, Москва, 1920–
1967 г.	Изделие Р-3Р (ракета). Самонаводящаяся авиационная ракета Р-3Р. Технические описание. Книга 1.	РГА в г.Самаре. Ф. Р-196. Оп. 5-2. Д. 59.	Рассекречено в 2018 году	Научно-исследовательский институт технологии и организации производства (НИАТ) Министерства авиационной промышленности СССР, Москва, 1920–
1967 г.	Изделие Р-3Р (ракета). Самонаводящаяся авиационная ракета Р-3Р. Технические описание. Книга 2.	РГА в г.Самаре. Ф. Р-196. Оп. 5-2. Д. 60.	Рассекречено в 2018 году	Научно-исследовательский институт технологии и организации производства (НИАТ) Министерства авиационной промышленности СССР, Москва, 1920–
1965 г.	Изделие 360. Технический отчет. Разработка директивных технологических материалов по изделию 36 для постановки его на серийное производство. Книга 1.	РГА в г.Самаре. Ф. Р-196. Оп. 5-2. Д. 61.	Рассекречено в 2018 году	Научно-исследовательский институт технологии и организации производства (НИАТ) Министерства авиационной промышленности СССР, Москва, 1920–
1968 г.	Изделие 360. Технический отчет. Разработка директивных материалов на серийное производство изделия 360. Книга 1.	РГА в г.Самаре. Ф. Р-196. Оп. 5-2. Д. 62.	Рассекречено в 2018 году	Научно-исследовательский институт технологии и организации производства (НИАТ) Министерства авиационной промышленности СССР, Москва, 1920–
1966 г.	Изделие 5В61 (ракета). Директивные технологические материалы производства 5В61	РГА в г.Самаре. Ф. Р-196. Оп. 5-2. Д. 63.	Рассекречено в 2018 году	Научно-исследовательский институт технологии и организации производства (НИАТ) Министерства авиационной промышленности СССР, Москва, 1920–
1966 г.	Изделие Х-66 (управляемая ракета). Управляемая авиационная ракета Х-66. Техническое описание 66-ТО	РГА в г.Самаре. Ф. Р-196. Оп. 5-2. Д. 64.	Рассекречено в 2018 году	Научно-исследовательский институт технологии и организации производства (НИАТ) Министерства авиационной промышленности СССР, Москва, 1920–
1966 г.	Изделие Х-66 (управляемая ракета). Технические условия на изготовление и приемку изделия Х-66 66.001ТУ	РГА в г.Самаре. Ф. Р-196. Оп. 5-2. Д. 65.	Рассекречено в 2018 году	Научно-исследовательский институт технологии и организации производства (НИАТ) Министерства авиационной промышленности СССР, Москва, 1920–
1966 г.	Изделие ЗМ9К (управляемая ракета). Технико-экономическое обоснование и проектные соображения по организации в промышленности сборочно-снаряжательной базы для ракеты ЗМ9К	РГА в г.Самаре. Ф. Р-196. Оп. 5-2. Д. 66.	Рассекречено в 2018 году	Научно-исследовательский институт технологии и организации производства (НИАТ) Министерства авиационной промышленности СССР, Москва, 1920–
1967 г.	Изделие ЗМ9К (управляемая ракета). Технологический процесс работ, выполняемых на арсеналах М.О. или снаряжательных базах промышленности при снаряжении ракет ЗМ9	РГА в г.Самаре. Ф. Р-196. Оп. 5-2. Д. 67.	Рассекречено в 2018 году	Научно-исследовательский институт технологии и организации производства (НИАТ) Министерства авиационной промышленности СССР, Москва, 1920–
1966 г.	Изделие 9М33 (ракета). Технический отчет. Внедрение разработанных директивных технологических процессов, создание и внедрение специализированного оборудования при постановке серийного производства изделия 9М33.	РГА в г.Самаре. Ф. Р-196. Оп. 5-2. Д. 68.	Рассекречено в 2018 году	Научно-исследовательский институт технологии и организации производства (НИАТ) Министерства авиационной промышленности СССР, Москва, 1920–
1967 г.	Изделие 9М33 (ракета). Предварительные исходные технологические материалы по снаряжению изделия 9М33. Книга 4	РГА в г.Самаре. Ф. Р-196. Оп. 5-2. Д. 69.	Рассекречено в 2018 году	Научно-исследовательский институт технологии и организации производства (НИАТ) Министерства авиационной промышленности СССР, Москва, 1920–
1967 г.	Изделие 9М33 (ракета). Технический отчет «Разработка директивных технологических материалов поставки изделий «6с», «9М33» и Д9ОС в снаряженном виде	РГА в г.Самаре. Ф. Р-196. Оп. 5-2. Д. 70.	Рассекречено в 2018 году	Научно-исследовательский институт технологии и организации производства (НИАТ) Министерства авиационной промышленности СССР, Москва, 1920–
1966 г.	Изделие 81-Р (ракета). Технический отчет. Отработка технологичности и разработка директивных технологических материалов для серийного производства изделия «81Р» (Вьюга)	РГА в г.Самаре. Ф. Р-196. Оп. 5-2. Д. 71.	Рассекречено в 2018 году	Научно-исследовательский институт технологии и организации производства (НИАТ) Министерства авиационной промышленности СССР, Москва, 1920–
1967 г.	Изделие 81-Р (ракета). Временные технические условия на изготовление, испытания и приемку изделия 81-Р 0000 ВТУ. Часть I. Требования к изготовлению, испытаниям и приемке изделия в целом. Требования к собранному изделию 81-Р. Книга 1.	РГА в г.Самаре. Ф. Р-196. Оп. 5-2. Д. 72.	Рассекречено в 2018 году	Научно-исследовательский институт технологии и организации производства (НИАТ) Министерства авиационной промышленности СССР, Москва, 1920–
1967 г.	Изделие 81-Р (ракета). Временные технические условия на изготовление, испытания и приемку изделия 81-Р 0000 ВТУ. Часть I. Требования к изготовлению, испытаниям и приемке изделия в целом. Требования к изделию неснаряженному 81Р 0000 Н. Книга 2	РГА в г.Самаре. Ф. Р-196. Оп. 5-2. Д. 73.	Рассекречено в 2018 году	Научно-исследовательский институт технологии и организации производства (НИАТ) Министерства авиационной промышленности СССР, Москва, 1920–
1967 г.	Изделие 81-Р (ракета). Технологические материалы по снаряжению изделия 81-Р. Предварительные исходные. Книга 3	РГА в г.Самаре. Ф. Р-196. Оп. 5-2. Д. 74.	Рассекречено в 2018 году	Научно-исследовательский институт технологии и организации производства (НИАТ) Министерства авиационной промышленности СССР, Москва, 1920–
1967 г.	Изделие 81-Р (ракета). Временные технические условия на изготовление, испытания и приемку изделия 81-Р 0000 ВТУ. Часть III. Общие и специальные технические требования к деталям и узлам. Двигатель. Книга 4	РГА в г.Самаре. Ф. Р-196. Оп. 5-2. Д. 75.	Рассекречено в 2018 году	Научно-исследовательский институт технологии и организации производства (НИАТ) Министерства авиационной промышленности СССР, Москва, 1920–
1967 г.	Изделие 81-Р (ракета). Временные технические условия на изготовление, испытания и приемку изделия 81-Р 0000 ВТУ. «Требования к системам изделия». Часть III, книга 1. Электрооборудование	РГА в г.Самаре. Ф. Р-196. Оп. 5-2. Д. 76.	Рассекречено в 2018 году	Научно-исследовательский институт технологии и организации производства (НИАТ) Министерства авиационной промышленности СССР, Москва, 1920–
1968 г.	Изделие 81-Р (ракета). Технологические рекомендации. Отстыковка эталона изделия 81-Р в совмещенном контрэталоне предприятия п/я М-5596 (калька)	РГА в г.Самаре. Ф. Р-196. Оп. 5-2. Д. 77.	Рассекречено в 2018 году	Научно-исследовательский институт технологии и организации производства (НИАТ) Министерства авиационной промышленности СССР, Москва, 1920–
1968 г.	Изделие 81-Р (ракета). Временные технические условия на изготовление, испытание и приемку изделия 81-Р. Часть III. Требования к системам изделия. Система управления 81 Р.0000 ВТУ. Книга II.	РГА в г.Самаре. Ф. Р-196. Оп. 5-2. Д. 78.	Рассекречено в 2018 году	Научно-исследовательский институт технологии и организации производства (НИАТ) Министерства авиационной промышленности СССР, Москва, 1920–
1967 г.	Изделие К-13Р (ракета). Технический отчет. Разработка технологических материалов снаряжения изделия К-13Р в промышленности (часть 1-я)	РГА в г.Самаре. Ф. Р-196. Оп. 5-2. Д. 79.	Рассекречено в 2018 году	Научно-исследовательский институт технологии и организации производства (НИАТ) Министерства авиационной промышленности СССР, Москва, 1920–
1967 г.	Изделие К-13Р (ракета). Технико-экономическое обоснование и проектные соображения по организации сборочно-снаряжательных баз для изделия К-13Р	РГА в г.Самаре. Ф. Р-196. Оп. 5-2. Д. 80.	Рассекречено в 2018 году	Научно-исследовательский институт технологии и организации производства (НИАТ) Министерства авиационной промышленности СССР, Москва, 1920–
1967 г.	Изделие У-33. Директивные технологические материалы для постановки изделия У-23 при крупносерийном производстве. Книга 2.	РГА в г.Самаре. Ф. Р-196. Оп. 5-2. Д. 81.	Рассекречено в 2018 году	Научно-исследовательский институт технологии и организации производства (НИАТ) Министерства авиационной промышленности СССР, Москва, 1920–
1967 г.	Изделие У-33. Основные направления по совершенствованию производства изделия У-23	РГА в г.Самаре. Ф. Р-196. Оп. 5-2. Д. 82.	Рассекречено в 2018 году	Научно-исследовательский институт технологии и организации производства (НИАТ) Министерства авиационной промышленности СССР, Москва, 1920–
1967 г.	Изделие 5В63 (ракета А-351). Конструктивно-технологическая характеристика изделия 5В63	РГА в г.Самаре. Ф. Р-196. Оп. 5-2. Д. 83.	Рассекречено в 2018 году	Научно-исследовательский институт технологии и организации производства (НИАТ) Министерства авиационной промышленности СССР, Москва, 1920–
1967 г.	Изделие 5В63 (ракета А-351). Директивные технологические материалы изделия 5В63	РГА в г.Самаре. Ф. Р-196. Оп. 5-2. Д. 84.	Рассекречено в 2018 году	Научно-исследовательский институт технологии и организации производства (НИАТ) Министерства авиационной промышленности СССР, Москва, 1920–
1967 г.	Изделие 5В63 (ракета А-351). Основные направления и мероприятия по снижению трудоемкости и собственных затрат производства изделия 5В63	РГА в г.Самаре. Ф. Р-196. Оп. 5-2. Д. 85.	Рассекречено в 2018 году	Научно-исследовательский институт технологии и организации производства (НИАТ) Министерства авиационной промышленности СССР, Москва, 1920–
1968 г.	Изделие ЗМ8 (ракета). Технический отчет «Разработка мероприятий по снижению трудоемкости и себестоимости серийного производства изделия ЗМ8, ЗЦ5 на предприятия п/я М-5921»	РГА в г.Самаре. Ф. Р-196. Оп. 5-2. Д. 86.	Рассекречено в 2018 году	Научно-исследовательский институт технологии и организации производства (НИАТ) Министерства авиационной промышленности СССР, Москва, 1920–
1969 г.	Изделие 46 (ракета). Директивные технологические материалы по постановке изделия 46 на серийное производство. Сводные технологические материалы. Книга 1.	РГА в г.Самаре. Ф. Р-196. Оп. 5-2. Д. 87.	Рассекречено в 2018 году	Научно-исследовательский институт технологии и организации производства (НИАТ) Министерства авиационной промышленности СССР, Москва, 1920–
1969 г.	Изделие 46 (ракета). Директивные технологические материалы. Разработка директивных технологических материалов по постановке изделия 46 на серийное производство. Конструктивно-технологические характеристики по сборочно-монтажным работам. КИС, расчеты по трудоемкости и себестоимости	РГА в г.Самаре. Ф. Р-196. Оп. 5-2. Д. 88.	Рассекречено в 2018 году	Научно-исследовательский институт технологии и организации производства (НИАТ) Министерства авиационной промышленности СССР, Москва, 1920–
1969 г.	Изделие 450. Технологические материалы по изделию 450 на стадии аванпроекта	РГА в г.Самаре. Ф. Р-196. Оп. 5-2. Д. 89.	Рассекречено в 2018 году	Научно-исследовательский институт технологии и организации производства (НИАТ) Министерства авиационной промышленности СССР, Москва, 1920–
1969 г.	Изделие 68. Директивные технологические материалы по постановке изделия 68 на серийное производство. Сводные технологические материалы. Книга № 1	РГА в г.Самаре. Ф. Р-196. Оп. 5-2. Д. 90.	Рассекречено в 2018 году	Научно-исследовательский институт технологии и организации производства (НИАТ) Министерства авиационной промышленности СССР, Москва, 1920–
1969 г.	Изделие 5Я27(ракета). Альбом директивных технологических материалов по изделию 5Я27. Книга 1.	РГА в г.Самаре. Ф. Р-196. Оп. 5-2. Д. 91.	Рассекречено в 2018 году	Научно-исследовательский институт технологии и организации производства (НИАТ) Министерства авиационной промышленности СССР, Москва, 1920–
1969 г.	Изделие 5Я23 (ракета). Директивные технологические материалы для серийного производства изделия 5Я23	РГА в г.Самаре. Ф. Р-196. Оп. 5-2. Д. 92.	Рассекречено в 2018 году	Научно-исследовательский институт технологии и организации производства (НИАТ) Министерства авиационной промышленности СССР, Москва, 1920–
1969 г.	Изделие 380. Директивные технологические материалы для серийного производства изделия 380. Сводные технологические материалы	РГА в г.Самаре. Ф. Р-196. Оп. 5-2. Д. 93.	Рассекречено в 2018 году	Научно-исследовательский институт технологии и организации производства (НИАТ) Министерства авиационной промышленности СССР, Москва, 1920–
1969 г.	Изделие 380. Технический отчет «Отработка технологичности и разработка директивных технологических материалов по изделию 380	РГА в г.Самаре. Ф. Р-196. Оп. 5-2. Д. 94.	Рассекречено в 2018 году	Научно-исследовательский институт технологии и организации производства (НИАТ) Министерства авиационной промышленности СССР, Москва, 1920–
1966 г.	Изделие Ан-22. Разработка комплексных мероприятий по повышению технического уровня и снижению трудоемкости серийного производства самолета Ан-22	РГА в г.Самаре. Ф. Р-196. Оп. 5-2. Д. 96.	Рассекречено в 2018 году	Научно-исследовательский институт технологии и организации производства (НИАТ) Министерства авиационной промышленности СССР, Москва, 1920–
1969 г.	Изделие Ан-22. Решение по снижению трудоемкости, сокращению цикла производства и снижению веса самолета Ан-22	РГА в г.Самаре. Ф. Р-196. Оп. 5-2. Д. 97.	Рассекречено в 2018 году	Научно-исследовательский институт технологии и организации производства (НИАТ) Министерства авиационной промышленности СССР, Москва, 1920–
1969 г.	Изделие Ан-22. Решение по снижению трудоемкости, сокращению цикла производства и снижению веса самолета Ан-22	РГА в г.Самаре. Ф. Р-196. Оп. 5-2. Д. 98.	Рассекречено в 2018 году	Научно-исследовательский институт технологии и организации производства (НИАТ) Министерства авиационной промышленности СССР, Москва, 1920–
1968 г.	Изделие Ан-26. Расчет трудоемкости самолета Ан-26 и динамика ее изменения	РГА в г.Самаре. Ф. Р-196. Оп. 5-2. Д. 99.	Рассекречено в 2018 году	Научно-исследовательский институт технологии и организации производства (НИАТ) Министерства авиационной промышленности СССР, Москва, 1920–
1972 г.	Изделие Ан-124. Тяжелый дальний военно-транспортный самолет Ан-124, эскизный проект. Книга 2. Техническое описание. Часть 1	РГА в г.Самаре. Ф. Р-196. Оп. 5-2. Д. 100.	Рассекречено в 2018 году	Научно-исследовательский институт технологии и организации производства (НИАТ) Министерства авиационной промышленности СССР, Москва, 1920–
1972 г.	Изделие Ан-124. Тяжелый дальний военно-транспортный самолет Ан-124. Эскизный проект. Приложение 1. Организационно-технические мероприятия по постройке опытной партии самолетов	РГА в г.Самаре. Ф. Р-196. Оп. 5-2. Д. 101.	Рассекречено в 2018 году	Научно-исследовательский институт технологии и организации производства (НИАТ) Министерства авиационной промышленности СССР, Москва, 1920–
1972 г.	Изделие Ан-124. Тяжелый дальний военно-транспортный самолет Ан-124. Эскизный проект. Приложение 4. Экономическое обоснование проекта	РГА в г.Самаре. Ф. Р-196. Оп. 5-2. Д. 102.	Рассекречено в 2018 году	Научно-исследовательский институт технологии и организации производства (НИАТ) Министерства авиационной промышленности СССР, Москва, 1920–
1965 г.	Изделие Миг-21ПФ. Сводные нормы расхода материалов (с запасными частями, инструментом и принадлежностями, поставляемыми заказчику). Самолет МИ-21ПФ	РГА в г.Самаре. Ф. Р-196. Оп. 5-2. Д. 105.	Рассекречено в 2018 году	Научно-исследовательский институт технологии и организации производства (НИАТ) Министерства авиационной промышленности СССР, Москва, 1920–
1966 г.	Изделие МИГ-23. Альбом директивных конструктивно-технологических материалов по самолету МИГ-23 с крылом изменяемой стреловидности. Книга 1.	РГА в г.Самаре. Ф. Р-196. Оп. 5-2. Д. 106.	Рассекречено в 2018 году	Научно-исследовательский институт технологии и организации производства (НИАТ) Министерства авиационной промышленности СССР, Москва, 1920–
1963 г.	Изделие Ил-76. Разработка предложений по повышению эффективности применения титановых полуфабрикатов в изделиях 144-57, ИЛ-76 и предложения по повышению эффективности применения титановых сплавов в изделиях 144-57 и ИЛ-76.	РГА в г.Самаре. Ф. Р-196. Оп. 5-2. Д. 108.	Рассекречено в 2018 году	Научно-исследовательский институт технологии и организации производства (НИАТ) Министерства авиационной промышленности СССР, Москва, 1920–
1964 г.	Изделие Т-4. Определение трудоемкости изготовления опытных образцов Т-4 и предложения по размещению их производства	РГА в г.Самаре. Ф. Р-196. Оп. 5-2. Д. 109.	Рассекречено в 2018 году	Научно-исследовательский институт технологии и организации производства (НИАТ) Министерства авиационной промышленности СССР, Москва, 1920–
1966 г.	Изделие Т-4. Сводные данные по самолету Т-4	РГА в г.Самаре. Ф. Р-196. Оп. 5-2. Д. 110.	Рассекречено в 2018 году	Научно-исследовательский институт технологии и организации производства (НИАТ) Министерства авиационной промышленности СССР, Москва, 1920–
1966 г.	Изделие Т-4. Заключение по технологичности самолета Т-4 на этапе рабочего проектирования	РГА в г.Самаре. Ф. Р-196. Оп. 5-2. Д. 111.	Рассекречено в 2018 году	Научно-исследовательский институт технологии и организации производства (НИАТ) Министерства авиационной промышленности СССР, Москва, 1920–
1971 г.	Изделие Т-4. Мероприятия по обеспечению производства самолета Т-4 на предприятия п/я А-1132	РГА в г.Самаре. Ф. Р-196. Оп. 5-2. Д. 112.	Рассекречено в 2018 году	Научно-исследовательский институт технологии и организации производства (НИАТ) Министерства авиационной промышленности СССР, Москва, 1920–
1964 г.	Изделие Су-6. Исследование причин производственных дефектов при монтаже и отказов при эксплуатации гидропневматических систем самолетов Су-9, Су-11 и ЯК-28П и разработка мероприятий по их предупреждению	РГА в г.Самаре. Ф. Р-196. Оп. 5-2. Д. 113.	Рассекречено в 2018 году	Научно-исследовательский институт технологии и организации производства (НИАТ) Министерства авиационной промышленности СССР, Москва, 1920–
1963 г.	Изделие Су-9. Летные исследования на самолете Су-9 № 0909 экспериментальных логических устройств, предназначенных для формирования сигналов при отказах некоторых систем силовой установки	РГА в г.Самаре. Ф. Р-196. Оп. 5-2. Д. 114.	Рассекречено в 2018 году	Научно-исследовательский институт технологии и организации производства (НИАТ) Министерства авиационной промышленности СССР, Москва, 1920–
1964 г.	Изделие Як-28. Исследование прочности при повторных и статических нагрузках клеесварных узлов и агрегатов самолета Як-28.	РГА в г.Самаре. Ф. Р-196. Оп. 5-2. Д. 115.	Рассекречено в 2018 году	Научно-исследовательский институт технологии и организации производства (НИАТ) Министерства авиационной промышленности СССР, Москва, 1920–
1966 г.	Изделие Як-28. Отчет по проведенному исследованию с целью определения причины возникновения пожара на двигателе РП АФ2-300 № 6321022 самолета Як-28 и № 4941004	РГА в г.Самаре. Ф. Р-196. Оп. 5-2. Д. 116.	Рассекречено в 2018 году	Научно-исследовательский институт технологии и организации производства (НИАТ) Министерства авиационной промышленности СССР, Москва, 1920–
1967 г.	Изделие ЯК-40. Комплексные мероприятия по обеспечению серийного производства и снижению трудоемкости и изготовления изделия Як-40	РГА в г.Самаре. Ф. Р-196. Оп. 5-2. Д. 117.	Рассекречено в 2018 году	Научно-исследовательский институт технологии и организации производства (НИАТ) Министерства авиационной промышленности СССР, Москва, 1920–
1964 г.	Изделие Як-40. Пояснительная записка к «Комплексным мероприятиям по снижению трудоемкости и себестоимости изготовления изделия ЯК-40 (без крыла)»	РГА в г.Самаре. Ф. Р-196. Оп. 5-2. Д. 118.	Рассекречено в 2018 году	Научно-исследовательский институт технологии и организации производства (НИАТ) Министерства авиационной промышленности СССР, Москва, 1920–
1972 г.	Изделие Як-40. План повышения технического уровня и снижения трудоемкости серийного производства изделия Як-40. Книга 2. Часть 2. Расчет себестоимости изделия, технико-экономические показатели о внедрении комплексных мероприятий	РГА в г.Самаре. Ф. Р-196. Оп. 5-2. Д. 119.	Рассекречено в 2018 году	Научно-исследовательский институт технологии и организации производства (НИАТ) Министерства авиационной промышленности СССР, Москва, 1920–
1969 г.	Изделие Як-36М. Отработка технологичности конструкции и разработка директивных технологических материалов для серийного производства самолета Як-36М	РГА в г.Самаре. Ф. Р-196. Оп. 5-2. Д. 120.	Рассекречено в 2018 году	Научно-исследовательский институт технологии и организации производства (НИАТ) Министерства авиационной промышленности СССР, Москва, 1920–
1968 г.	Изделие Е-155 (самолет). Проект комплексно-механизированных цехов № 9 и № 28 для сборки бакового отсека силовых рам и панелей самолета Е-155 «Пояснительная записка и расчет оснащения производства». Книга 1. Часть 1	РГА в г.Самаре. Ф. Р-196. Оп. 5-2. Д. 121.	Рассекречено в 2018 году	Научно-исследовательский институт технологии и организации производства (НИАТ) Министерства авиационной промышленности СССР, Москва, 1920–
1970 г.	Изделие М-20 (самолет). Отработка технологичности конструкции самолета М-20 на этапе аванпроекта	РГА в г.Самаре. Ф. Р-196. Оп. 5-2. Д. 122.	Рассекречено в 2018 году	Научно-исследовательский институт технологии и организации производства (НИАТ) Министерства авиационной промышленности СССР, Москва, 1920–
1970 г.	Изделие 40. Альбом директивных технологических материалов. Отработка технологичности и разработка директивных технологических материалов на изделие 40. Книга 1	РГА в г.Самаре. Ф. Р-196. Оп. 5-2. Д. 123.	Рассекречено в 2018 году	Научно-исследовательский институт технологии и организации производства (НИАТ) Министерства авиационной промышленности СССР, Москва, 1920–
1970 г.	Изделие 40. Отработка технологичности и разработка директивных технологических материалов на изделие 40. Книга 2.	РГА в г.Самаре. Ф. Р-196. Оп. 5-2. Д. 124.	Рассекречено в 2018 году	Научно-исследовательский институт технологии и организации производства (НИАТ) Министерства авиационной промышленности СССР, Москва, 1920–
1970 г.	Изделие 40. Отработка технологичности и разработка директивных технологических материалов на изделие 40. Книга 3.	РГА в г.Самаре. Ф. Р-196. Оп. 5-2. Д. 125.	Рассекречено в 2018 году	Научно-исследовательский институт технологии и организации производства (НИАТ) Министерства авиационной промышленности СССР, Москва, 1920–
1970 г.	Изделие 40. Директивные технологические материалы. Отработка технологичности и разработка директивных технологических материалов на изделие 40. Книга 4	РГА в г.Самаре. Ф. Р-196. Оп. 5-2. Д. 126.	Рассекречено в 2018 году	Научно-исследовательский институт технологии и организации производства (НИАТ) Министерства авиационной промышленности СССР, Москва, 1920–
1970 г.	Изделие 40. Технические задания на проектирование оборудования «Отработка технологичности и разработка директивных технологических материалов на изделие 40». Книга 5.	РГА в г.Самаре. Ф. Р-196. Оп. 5-2. Д. 127.	Рассекречено в 2018 году	Научно-исследовательский институт технологии и организации производства (НИАТ) Министерства авиационной промышленности СССР, Москва, 1920–
1970 г.	Изделие 40. Отработка технологичности и разработка директивных технологических материалов на изделие 40. Книга 6.	РГА в г.Самаре. Ф. Р-196. Оп. 5-2. Д. 128.	Рассекречено в 2018 году	Научно-исследовательский институт технологии и организации производства (НИАТ) Министерства авиационной промышленности СССР, Москва, 1920–
1972 г.	Изделие ЗМ 9М (ракета). Отработка технологичности и разработка директивных технологических материалов на изделие ЗМ 9М (ракета). Книга 1. Альбом директивных технологических материалов	РГА в г.Самаре. Ф. Р-196. Оп. 5-2. Д. 129.	Рассекречено в 2018 году	Научно-исследовательский институт технологии и организации производства (НИАТ) Министерства авиационной промышленности СССР, Москва, 1920–
1972 г.	Изделие ЗМ 9М (ракета). Отработка технологичности и разработка директивных технологических материалов на изделие ЗМ 9М. Книга 2.	РГА в г.Самаре. Ф. Р-196. Оп. 5-2. Д. 130.	Рассекречено в 2018 году	Научно-исследовательский институт технологии и организации производства (НИАТ) Министерства авиационной промышленности СССР, Москва, 1920–
1971 г.	Изделие 45. Технический отчет «Разработка предложений по снижению веса изделия 45 технологическими методами. 250.300	РГА в г.Самаре. Ф. Р-196. Оп. 5-2. Д. 131.	Рассекречено в 2018 году	Научно-исследовательский институт технологии и организации производства (НИАТ) Министерства авиационной промышленности СССР, Москва, 1920–
1972 г.	Изделие 74А. Технический отчет по работе: Проведение конструктивно-технологического анализа 74А с целью выявления новых технологических процессов 490.300	РГА в г.Самаре. Ф. Р-196. Оп. 5-2. Д. 132.	Рассекречено в 2018 году	Научно-исследовательский институт технологии и организации производства (НИАТ) Министерства авиационной промышленности СССР, Москва, 1920–
1972 г.	Изделие 360. Технический отчет. Отработка технологичности и разработка директивных технологических материалов серийного производства унифицированного контейнера для изделий 360. 237-300.	РГА в г.Самаре. Ф. Р-196. Оп. 5-2. Д. 133.	Рассекречено в 2018 году	Научно-исследовательский институт технологии и организации производства (НИАТ) Министерства авиационной промышленности СССР, Москва, 1920–
1971 г.	Изделие 51. Анализ конструктивно-технологических характеристик изделия 51, и разработка рекомендаций по повышению технологичности конструкций на этапе аванпроекта. Книга 1	РГА в г.Самаре. Ф. Р-196. Оп. 5-2. Д. 134.	Рассекречено в 2018 году	Научно-исследовательский институт технологии и организации производства (НИАТ) Министерства авиационной промышленности СССР, Москва, 1920–
1971 г.	Изделие 51. Анализ конструктивно-технологических характеристик изделия 51, и разработка рекомендаций по повышению технологичности конструкции на этапе аванпроекта	РГА в г.Самаре. Ф. Р-196. Оп. 5-2. Д. 135.	Рассекречено в 2018 году	Научно-исследовательский институт технологии и организации производства (НИАТ) Министерства авиационной промышленности СССР, Москва, 1920–
1970 г.	Изделие 76. Технологический анализ изделия 76, направленный на снижение веса конструкций	РГА в г.Самаре. Ф. Р-196. Оп. 5-2. Д. 136.	Рассекречено в 2018 году	Научно-исследовательский институт технологии и организации производства (НИАТ) Министерства авиационной промышленности СССР, Москва, 1920–
1973 г.	Изделие 76. Комплексные мероприятия по снижению трудоемкости и повышению технического уровня серийного производства изделия 76	РГА в г.Самаре. Ф. Р-196. Оп. 5-2. Д. 137.	Рассекречено в 2018 году	Научно-исследовательский институт технологии и организации производства (НИАТ) Министерства авиационной промышленности СССР, Москва, 1920–
1972 г.	Изделие 390. Технический отчет. «Конструктивно-технологический анализ изделия 390 и заключение о технологичности на стадии аванпроекта 253-300	РГА в г.Самаре. Ф. Р-196. Оп. 5-2. Д. 138.	Рассекречено в 2018 году	Научно-исследовательский институт технологии и организации производства (НИАТ) Министерства авиационной промышленности СССР, Москва, 1920–
1974 г.	Изделие 390. Технический отчет по работе: «Отработка технологичности и разработка технологических материалов на стадии эскизного проектирования изделия 390. 300-237	РГА в г.Самаре. Ф. Р-196. Оп. 5-2. Д. 139.	Рассекречено в 2018 году	Научно-исследовательский институт технологии и организации производства (НИАТ) Министерства авиационной промышленности СССР, Москва, 1920–
1972 г.	Изделие 5В29 (ракета). Директивные технологические материалы для серийного производства изделия 5В29.	РГА в г.Самаре. Ф. Р-196. Оп. 5-2. Д. 140.	Рассекречено в 2018 году	Научно-исследовательский институт технологии и организации производства (НИАТ) Министерства авиационной промышленности СССР, Москва, 1920–
1972 г.	Изделие 5В29 (ракета). Директивный технологический процесс на сборочно-монтажные работы изделия 5В29.	РГА в г.Самаре. Ф. Р-196. Оп. 5-2. Д. 141.	Рассекречено в 2018 году	Научно-исследовательский институт технологии и организации производства (НИАТ) Министерства авиационной промышленности СССР, Москва, 1920–
1972 г.	Изделие 5Я26 (ракета). Отработка технологичности и разработка директивных технологических материалов для серийного производства изделий 5Я26. Книга 1. Альбом директивных материалов	РГА в г.Самаре. Ф. Р-196. Оп. 5-2. Д. 142.	Рассекречено в 2018 году	Научно-исследовательский институт технологии и организации производства (НИАТ) Министерства авиационной промышленности СССР, Москва, 1920–
1972 г.	Изделие 5Я26 (ракета). Отработка технологичности и разработка директивных технологических материалов для серийного производства изделия 5Я26.	РГА в г.Самаре. Ф. Р-196. Оп. 5-2. Д. 143.	Рассекречено в 2018 году	Научно-исследовательский институт технологии и организации производства (НИАТ) Министерства авиационной промышленности СССР, Москва, 1920–
1970 г.	Изделие 36М (ракета). Сводные технологические материалы «Отработка технологичности и разработка директивных технологических материалов для постановки изделия 36М на серийное производство. Книга 4.	РГА в г.Самаре. Ф. Р-196. Оп. 5-2. Д. 144.	Рассекречено в 2018 году	Научно-исследовательский институт технологии и организации производства (НИАТ) Министерства авиационной промышленности СССР, Москва, 1920–
1970 г.	Изделие 83-Р. Директивные технологические материалы для серийного производства изделия 83-Р (Сводные технологические материалы)	РГА в г.Самаре. Ф. Р-196. Оп. 5-2. Д. 145.	Рассекречено в 2018 году	Научно-исследовательский институт технологии и организации производства (НИАТ) Министерства авиационной промышленности СССР, Москва, 1920–
1971 г.	Изделие ФА-51. Технический отчет «Отработка технологичности и разработка директивных технологических материалов для серийного производства изделия ФА-51. 250-300.»	РГА в г.Самаре. Ф. Р-196. Оп. 5-2. Д. 146.	Рассекречено в 2018 году	Научно-исследовательский институт технологии и организации производства (НИАТ) Министерства авиационной промышленности СССР, Москва, 1920–
1972 г.	Изделие ФА-51М. Технический отчет «Отработка технологичности и разработка директивных технологических материалов для серийного производства изделия ФА-51М. 238-300»	РГА в г.Самаре. Ф. Р-196. Оп. 5-2. Д. 147.	Рассекречено в 2018 году	Научно-исследовательский институт технологии и организации производства (НИАТ) Министерства авиационной промышленности СССР, Москва, 1920–
1971 г.	Изделие 27. Отработка технологичности и корректирование директивных технологических материалов на изделие 27 по измененной документации. 238-153. Книга 1 (альбом директивных технологических материалов)	РГА в г.Самаре. Ф. Р-196. Оп. 5-2. Д. 148.	Рассекречено в 2018 году	Научно-исследовательский институт технологии и организации производства (НИАТ) Министерства авиационной промышленности СССР, Москва, 1920–
1971 г.	Изделие 27. Отработка технологичности и корректирование директивных технологических материалов на изделие 27 по измененной документации. 238-153. Книга № 2.	РГА в г.Самаре. Ф. Р-196. Оп. 5-2. Д. 149.	Рассекречено в 2018 году	Научно-исследовательский институт технологии и организации производства (НИАТ) Министерства авиационной промышленности СССР, Москва, 1920–
1971 г.	Изделие 27. Отработка технологичности и корректирование директивных технологических материалов на изделие 27 по измененной документации. 238-153. Книга № 3.	РГА в г.Самаре. Ф. Р-196. Оп. 5-2. Д. 150.	Рассекречено в 2018 году	Научно-исследовательский институт технологии и организации производства (НИАТ) Министерства авиационной промышленности СССР, Москва, 1920–
1971 г.	Изделие 27. Отработка технологичности и корректирование директивных технологических материалов на изделие 27 по измененной документации. 238-153. Книга № 4.	РГА в г.Самаре. Ф. Р-196. Оп. 5-2. Д. 151.	Рассекречено в 2018 году	Научно-исследовательский институт технологии и организации производства (НИАТ) Министерства авиационной промышленности СССР, Москва, 1920–
1971 г.	Изделие 62. Отработка технологичности и разработка директивных технологических материалов для постановки изделия 62 на серийное производство. Книга 1 (Сводные технологические материалы). 238-300	РГА в г.Самаре. Ф. Р-196. Оп. 5-2. Д. 152.	Рассекречено в 2018 году	Научно-исследовательский институт технологии и организации производства (НИАТ) Министерства авиационной промышленности СССР, Москва, 1920–
1971 г.	Изделие 62. Директивные технологические материалы для постановки изделия 62 на серийное производство (Монтажно-сварочные работы). Книга 4. 238-300	РГА в г.Самаре. Ф. Р-196. Оп. 5-2. Д. 153.	Рассекречено в 2018 году	Научно-исследовательский институт технологии и организации производства (НИАТ) Министерства авиационной промышленности СССР, Москва, 1920–
1971 г.	Изделие 62. Директивные технологические материалы для изделия 62 на серийное производство. Книга 5. Технико-экономические показатели. 238-300	РГА в г.Самаре. Ф. Р-196. Оп. 5-2. Д. 154.	Рассекречено в 2018 году	Научно-исследовательский институт технологии и организации производства (НИАТ) Министерства авиационной промышленности СССР, Москва, 1920–
1979 г.	Изделие 62. Разработка директивных технологических материалов на досборку изделия 62. 68-1230	РГА в г.Самаре. Ф. Р-196. Оп. 5-2. Д. 155.	Рассекречено в 2018 году	Научно-исследовательский институт технологии и организации производства (НИАТ) Министерства авиационной промышленности СССР, Москва, 1920–
1972 г.	Изделие «Ока». Технический отчет. Отработка технологичности и разработка директивных технологических материалов для серийного производства изделия «Ока»	РГА в г.Самаре. Ф. Р-196. Оп. 5-2. Д. 156.	Рассекречено в 2018 году	Научно-исследовательский институт технологии и организации производства (НИАТ) Министерства авиационной промышленности СССР, Москва, 1920–
1977 г.	Изделие 62-М. Отработка технологичности и разработка технологических материалов по изделию 62М для крупносерийного производства на стадии рабочего проектирования. Книга 1 – Сводные технологические материалы. 154-238.	РГА в г.Самаре. Ф. Р-196. Оп. 5-2. Д. 157.	Рассекречено в 2018 году	Научно-исследовательский институт технологии и организации производства (НИАТ) Министерства авиационной промышленности СССР, Москва, 1920–
1977 г.	Изделие 62-М. Технологические материалы по изделию 62М для крупносерийного производства (литейные работы, горячая и холодная штамповка, стеклопластики, сварка, термообработка, сборка ДУ, теплозащита, герметизация), 154-238. Книга 2.	РГА в г.Самаре. Ф. Р-196. Оп. 5-2. Д. 158.	Рассекречено в 2018 году	Научно-исследовательский институт технологии и организации производства (НИАТ) Министерства авиационной промышленности СССР, Москва, 1920–
1977 г.	Изделие 62-М. Технологические материалы по изделию 62М для крупносерийного производства (окончательная сборка, монтажи, контроль и испытание, снаряжение, контроль геометрических параметров, взаимозаменяемость) 154-238. Книга 3.	РГА в г.Самаре. Ф. Р-196. Оп. 5-2. Д. 159.	Рассекречено в 2018 году	Научно-исследовательский институт технологии и организации производства (НИАТ) Министерства авиационной промышленности СССР, Москва, 1920–
1977 г.	Изделие 62-М. Рекомендации по повышению технологичности конструкций деталей и узлов изделия 62М	РГА в г.Самаре. Ф. Р-196. Оп. 5-2. Д. 160.	Рассекречено в 2018 году	Научно-исследовательский институт технологии и организации производства (НИАТ) Министерства авиационной промышленности СССР, Москва, 1920–
1977 г.	Изделие 62-М. Технический отчет «Отработка технологичности и разработка технологических материалов по изделию 62М для крупносерийного производства на стадии рабочего проектирования». 300-238.	РГА в г.Самаре. Ф. Р-196. Оп. 5-2. Д. 161.	Рассекречено в 2018 году	Научно-исследовательский институт технологии и организации производства (НИАТ) Министерства авиационной промышленности СССР, Москва, 1920–
1978 г.	Изделие 62-М. Технический отчет «Конструктивно-технологический анализ изделия 62М и заключение о технологичности на стадии присвоения технической документации литера «0»	РГА в г.Самаре. Ф. Р-196. Оп. 5-2. Д. 162.	Рассекречено в 2018 году	Научно-исследовательский институт технологии и организации производства (НИАТ) Министерства авиационной промышленности СССР, Москва, 1920–
1972 г.	Изделие 58 (ракета). Технический отчет. Отработка технологичности и разработка технологических материалов изделия 58 на стадии эскизного проектирования 238.300	РГА в г.Самаре. Ф. Р-196. Оп. 5-2. Д. 163.	Рассекречено в 2018 году	Научно-исследовательский институт технологии и организации производства (НИАТ) Министерства авиационной промышленности СССР, Москва, 1920–
1973 г.	Изделие 58 (ракета). Директивные технологические материалы для производства изделия X-50. Книга 1.	РГА в г.Самаре. Ф. Р-196. Оп. 5-2. Д. 164.	Рассекречено в 2018 году	Научно-исследовательский институт технологии и организации производства (НИАТ) Министерства авиационной промышленности СССР, Москва, 1920–
1973 г.	Изделие 64. Директивные технологические материалы на постановку изделия 64 в серийное производство (взаимозаменяемость и сборочные работы). Книга 3	РГА в г.Самаре. Ф. Р-196. Оп. 5-2. Д. 165.	Рассекречено в 2018 году	Научно-исследовательский институт технологии и организации производства (НИАТ) Министерства авиационной промышленности СССР, Москва, 1920–
1973 г.	Изделие 69. Технологические материалы и рекомендации по улучшению технологичности изделия 69 (сводные технологические материалы). Книга 1.	РГА в г.Самаре. Ф. Р-196. Оп. 5-2. Д. 166.	Рассекречено в 2018 году	Научно-исследовательский институт технологии и организации производства (НИАТ) Министерства авиационной промышленности СССР, Москва, 1920–
1976 г.	Изделие 69. Технический отчет: «Конструктивно-технологический анализ и заключение о технологичности изделия 69 на стадии рабочего проектирования (для серийного производства)»	РГА в г.Самаре. Ф. Р-196. Оп. 5-2. Д. 167.	Рассекречено в 2018 году	Научно-исследовательский институт технологии и организации производства (НИАТ) Министерства авиационной промышленности СССР, Москва, 1920–
1973 г.	Изделие А-925 (ракета). Директивные технологические материалы производства изделий 5174. Книга 2	РГА в г.Самаре. Ф. Р-196. Оп. 5-2. Д. 168.	Рассекречено в 2018 году	Научно-исследовательский институт технологии и организации производства (НИАТ) Министерства авиационной промышленности СССР, Москва, 1920–
1973 г.	Изделие А-925 (ракета). Директивные технологические материалы по постановке в серийное производство ракеты А-925	РГА в г.Самаре. Ф. Р-196. Оп. 5-2. Д. 169.	Рассекречено в 2018 году	Научно-исследовательский институт технологии и организации производства (НИАТ) Министерства авиационной промышленности СССР, Москва, 1920–
1973 г.	Изделие РУ-4. Технический отчет. Отработка технологичности и выявление технологических проблем на стадии аванпроекта изделия Ру-4. 237-300	РГА в г.Самаре. Ф. Р-196. Оп. 5-2. Д. 170.	Рассекречено в 2018 году	Научно-исследовательский институт технологии и организации производства (НИАТ) Министерства авиационной промышленности СССР, Москва, 1920–
1975 г.	Изделие РУ-4. Рекомендации и схема обеспечения взаимозаменяемости изделия РУ-4 в условиях серийного производства	РГА в г.Самаре. Ф. Р-196. Оп. 5-2. Д. 171.	Рассекречено в 2018 году	Научно-исследовательский институт технологии и организации производства (НИАТ) Министерства авиационной промышленности СССР, Москва, 1920–
1975 г.	Изделие РУ-4. Технический отчет. Отработка технологичности конструкции изделия РУ-4, и разработка технологических материалов для серийного производства на стадиях изготовления макетов и рабочего проектирования. 237-300	РГА в г.Самаре. Ф. Р-196. Оп. 5-2. Д. 172.	Рассекречено в 2018 году	Научно-исследовательский институт технологии и организации производства (НИАТ) Министерства авиационной промышленности СССР, Москва, 1920–
1973 г.	Отчет № 73-102-II. Методика полуавтоматического определения статистических характеристик маневрирования самолетов в процессе воздушного боя	РГА в г.Самаре. Ф. Р-220. Оп. 6-1. Д. 720.	Рассекречено в 2018 году	Ордена Красного Знамени Летно-исследовательский институт им. М.М. Громова Министерства авиационной промышленности СССР, г. Жуковский, Московская область, 1940–
1973 г.	Отчет № 73-75-II. Летные исследования акустического нагружения конструкции воздухозаборника самолета МиГ-25П	РГА в г.Самаре. Ф. Р-220. Оп. 6-1. Д. 721.	Рассекречено в 2018 году	Ордена Красного Знамени Летно-исследовательский институт им. М.М. Громова Министерства авиационной промышленности СССР, г. Жуковский, Московская область, 1940–
1973 г.	Отчет № 73-101-II. Летные испытания дренированного макета унифицированного подвесного агрегата заправки топливом в полете (изделие «Сахалин № 2) на самолете СУ № 15 № 00-01	РГА в г.Самаре. Ф. Р-220. Оп. 6-1. Д. 722.	Рассекречено в 2018 году	Ордена Красного Знамени Летно-исследовательский институт им. М.М. Громова Министерства авиационной промышленности СССР, г. Жуковский, Московская область, 1940–
1973 г.	Отчет № 73-103-II. Исследования характеристик продольной устойчивости и управляемости на летающей лаборатории с различным запасом статической устойчивости по перегрузке при интегральном законе системы дистанционного управления	РГА в г.Самаре. Ф. Р-220. Оп. 6-1. Д. 723.	Рассекречено в 2018 году	Ордена Красного Знамени Летно-исследовательский институт им. М.М. Громова Министерства авиационной промышленности СССР, г. Жуковский, Московская область, 1940–
1973 г.	Отчет № 73-105-II. Экспериментальное исследование взаимодействия колеса с грунтовой поверхностью на самолете МиГ-21	РГА в г.Самаре. Ф. Р-220. Оп. 6-1. Д. 724.	Рассекречено в 2018 году	Ордена Красного Знамени Летно-исследовательский институт им. М.М. Громова Министерства авиационной промышленности СССР, г. Жуковский, Московская область, 1940–
1973 г.	Отчет № 73-112-II. Летные исследования самолета Су-17 № 8501 с углами стреловидности крыла х = 63,45 и 30º на больших углах атаки при сваливании	РГА в г.Самаре. Ф. Р-220. Оп. 6-1. Д. 725.	Рассекречено в 2018 году	Ордена Красного Знамени Летно-исследовательский институт им. М.М. Громова Министерства авиационной промышленности СССР, г. Жуковский, Московская область, 1940–
1973 г.	Отчет № 73-118-II. Исследование особенностей применения автомата управления стреловидностью крыла (АУСК) при выполнении маневров воздушного боя	РГА в г.Самаре. Ф. Р-220. Оп. 6-1. Д. 726.	Рассекречено в 2018 году	Ордена Красного Знамени Летно-исследовательский институт им. М.М. Громова Министерства авиационной промышленности СССР, г. Жуковский, Московская область, 1940–
1973 г.	Отчет № 73-123-II. Летные исследования влияния неровностей поверхности на ламинаризацию обтекания модели фюзеляжа	РГА в г.Самаре. Ф. Р-220. Оп. 6-1. Д. 727.	Рассекречено в 2018 году	Ордена Красного Знамени Летно-исследовательский институт им. М.М. Громова Министерства авиационной промышленности СССР, г. Жуковский, Московская область, 1940–
1973 г.	Отчет № 73-162-II. По летным испытаниям опытной парашютно-тормозной системы ПТК-7БУ в однокупольном варианте на самолете Су-7Б № 2114	РГА в г.Самаре. Ф. Р-220. Оп. 6-1. Д. 728.	Рассекречено в 2018 году	Ордена Красного Знамени Летно-исследовательский институт им. М.М. Громова Министерства авиационной промышленности СССР, г. Жуковский, Московская область, 1940–
1973 г.	Отчет № 73-170-II. Результаты специальных летных испытаний по оценке характеристик сваливания и штопора самолета МиГ-25П с включенными демпферами	РГА в г.Самаре. Ф. Р-220. Оп. 6-1. Д. 729.	Рассекречено в 2018 году	Ордена Красного Знамени Летно-исследовательский институт им. М.М. Громова Министерства авиационной промышленности СССР, г. Жуковский, Московская область, 1940–
1973 г.	Отчет № 73-189-II. Исследование области допустимых измерений тяги и угла атаки СВВП (самолетов вертикального взлета и посадки) при заходе на посадку по прямолинейной траектории	РГА в г.Самаре. Ф. Р-220. Оп. 6-1. Д. 730.	Рассекречено в 2018 году	Ордена Красного Знамени Летно-исследовательский институт им. М.М. Громова Министерства авиационной промышленности СССР, г. Жуковский, Московская область, 1940–
1973 г.	Отчет № 73-201-II. Летные испытания дренированного макета унифицированного подвесного агрегата заправки топливом в полете (изделие «Сахалин» № 2) на самолете ИЛ-38 № 10106	РГА в г.Самаре. Ф. Р-220. Оп. 6-1. Д. 731.	Рассекречено в 2018 году	Ордена Красного Знамени Летно-исследовательский институт им. М.М. Громова Министерства авиационной промышленности СССР, г. Жуковский, Московская область, 1940–
1973 г.	Отчет № 73-231-II. Летные исследования на сверхзвуковых скоростях полета особенностей пилотирования самолета, путевая устойчивость которого обеспечивается автоматом АП-53	РГА в г.Самаре. Ф. Р-220. Оп. 6-1. Д. 732.	Рассекречено в 2018 году	Ордена Красного Знамени Летно-исследовательский институт им. М.М. Громова Министерства авиационной промышленности СССР, г. Жуковский, Московская область, 1940–
1973 г.	Отчет № 73-278-II. Исследование разброса взлетно-посадочных характеристик самолетов МиГ-23М и МиГ-21Р	РГА в г.Самаре. Ф. Р-220. Оп. 6-1. Д. 733.	Рассекречено в 2018 году	Ордена Красного Знамени Летно-исследовательский институт им. М.М. Громова Министерства авиационной промышленности СССР, г. Жуковский, Московская область, 1940–
1973 г.	Отчет № 73-279-II. Исследование некоторых вопросов динамики полета вертолета при отказе двигателей	РГА в г.Самаре. Ф. Р-220. Оп. 6-1. Д. 734.	Рассекречено в 2018 году	Ордена Красного Знамени Летно-исследовательский институт им. М.М. Громова Министерства авиационной промышленности СССР, г. Жуковский, Московская область, 1940–
1973 г.	Отчет № 73-282-II. Летные исследования на летающей лаборатории по улучшению характеристик путевой устойчивости и управляемости самолета МиГ-23Б на малых скоростях полета	РГА в г.Самаре. Ф. Р-220. Оп. 6-1. Д. 735.	Рассекречено в 2018 году	Ордена Красного Знамени Летно-исследовательский институт им. М.М. Громова Министерства авиационной промышленности СССР, г. Жуковский, Московская область, 1940–
1973 г.	Отчет № 73-296-II. Летные испытания электрогидравлической системы управления (ЭГСУ) на летающей лаборатории Су-11 и 312	РГА в г.Самаре. Ф. Р-220. Оп. 6-1. Д. 736.	Рассекречено в 2018 году	Ордена Красного Знамени Летно-исследовательский институт им. М.М. Громова Министерства авиационной промышленности СССР, г. Жуковский, Московская область, 1940–
1973 г.	Отчет № 73-299-II. Летные испытания самолета МиГ-23 и 404 с модернизированным двигателем Р27Ф2М-300 по определению основных летных характеристик	РГА в г.Самаре. Ф. Р-220. Оп. 6-1. Д. 737.	Рассекречено в 2018 году	Ордена Красного Знамени Летно-исследовательский институт им. М.М. Громова Министерства авиационной промышленности СССР, г. Жуковский, Московская область, 1940–
1973 г.	Отчет № 73-314-II. Заключение п/я В-8759 по результатам заводских испытаний опытного транспортно-десантного самолета Ил-76	РГА в г.Самаре. Ф. Р-220. Оп. 6-1. Д. 738.	Рассекречено в 2018 году	Ордена Красного Знамени Летно-исследовательский институт им. М.М. Громова Министерства авиационной промышленности СССР, г. Жуковский, Московская область, 1940–
1973 г.	Отчет № 73-326-II. Летные исследования по оценке и выбору характеристик продольной устойчивости и управляемости на летающей лаборатории Су-11 № 312	РГА в г.Самаре. Ф. Р-220. Оп. 6-1. Д. 739.	Рассекречено в 2018 году	Ордена Красного Знамени Летно-исследовательский институт им. М.М. Громова Министерства авиационной промышленности СССР, г. Жуковский, Московская область, 1940–
1973 г.	Отчет № 73-334-II. Типовая система измерений для исследования воздушного боя	РГА в г.Самаре. Ф. Р-220. Оп. 6-1. Д. 740.	Рассекречено в 2018 году	Ордена Красного Знамени Летно-исследовательский институт им. М.М. Громова Министерства авиационной промышленности СССР, г. Жуковский, Московская область, 1940–
1973 г.	Отчет № 73-335-II. Летные исследования самолета Су-17 № 8501 с симметричным расположением ПВД (приемников воздушного давления) на больших углах атаки при наличии подвесок вооружения на борту	РГА в г.Самаре. Ф. Р-220. Оп. 6-1. Д. 741.	Рассекречено в 2018 году	Ордена Красного Знамени Летно-исследовательский институт им. М.М. Громова Министерства авиационной промышленности СССР, г. Жуковский, Московская область, 1940–
1973 г.	Отчет № 73-347-II. Предложения по развитию и совершенствованию моделирующего комплекса «Сфера» для исследования воздушного боя	РГА в г.Самаре. Ф. Р-220. Оп. 6-1. Д. 742.	Рассекречено в 2018 году	Ордена Красного Знамени Летно-исследовательский институт им. М.М. Громова Министерства авиационной промышленности СССР, г. Жуковский, Московская область, 1940–
1973 г.	Отчет № 73-361-II. Технико-экономический анализ научно-производственной деятельности отделения № 2 за два первых года (1971-1972 годы) 9-ой пятилетки	РГА в г.Самаре. Ф. Р-220. Оп. 6-1. Д. 743.	Рассекречено в 2018 году	Ордена Красного Знамени Летно-исследовательский институт им. М.М. Громова Министерства авиационной промышленности СССР, г. Жуковский, Московская область, 1940–
1973 г.	Отчет № 73-370-II. Летные исследования законов стабилизации высоты полета с одновременным разворотом по курсу для системы автоматического управления САУ-23 (выполнены на летающей лаборатории СУ-11 № 316)	РГА в г.Самаре. Ф. Р-220. Оп. 6-1. Д. 744.	Рассекречено в 2018 году	Ордена Красного Знамени Летно-исследовательский институт им. М.М. Громова Министерства авиационной промышленности СССР, г. Жуковский, Московская область, 1940–
1973 г.	Отчет № 73-371-II. Результаты исследования поведения самолета Су-17ТМ (на базе серийного самолета Су-15 № 1115337) на больших углах атаки и в штопоре	РГА в г.Самаре. Ф. Р-220. Оп. 6-1. Д. 745.	Рассекречено в 2018 году	Ордена Красного Знамени Летно-исследовательский институт им. М.М. Громова Министерства авиационной промышленности СССР, г. Жуковский, Московская область, 1940–
1973 г.	Отчет № 73-377-II. Моделирование законов автоматического управления при стабилизации высоты, исследуемых на самолете - летающей лаборатории Су-11ЛЛ № 316	РГА в г.Самаре. Ф. Р-220. Оп. 6-1. Д. 746.	Рассекречено в 2018 году	Ордена Красного Знамени Летно-исследовательский институт им. М.М. Громова Министерства авиационной промышленности СССР, г. Жуковский, Московская область, 1940–
1973 г.	Отчет № 73-441-II. Расширение маневренных возможностей истребителя на сверхзвуковых скоростях полета с помощью переднего горизонтального оперения	РГА в г.Самаре. Ф. Р-220. Оп. 6-1. Д. 747.	Рассекречено в 2018 году	Ордена Красного Знамени Летно-исследовательский институт им. М.М. Громова Министерства авиационной промышленности СССР, г. Жуковский, Московская область, 1940–
1973 г.	Отчет № 73-520-II. Результаты летных испытаний по оценке влияния автомата устойчивости пути АП-53 на характеристики сваливания самолета Су-9	РГА в г.Самаре. Ф. Р-220. Оп. 6-1. Д. 748.	Рассекречено в 2018 году	Ордена Красного Знамени Летно-исследовательский институт им. М.М. Громова Министерства авиационной промышленности СССР, г. Жуковский, Московская область, 1940–
1973 г.	Отчет № 73-526-II. Летные испытания самолета МиГ-23М № 1907 с двигателем Р29-300 № 633 по определению характеристик дальности с ракетами Х-23	РГА в г.Самаре. Ф. Р-220. Оп. 6-1. Д. 749.	Рассекречено в 2018 году	Ордена Красного Знамени Летно-исследовательский институт им. М.М. Громова Министерства авиационной промышленности СССР, г. Жуковский, Московская область, 1940–
1973 г.	Отчет № 73-542-II. Результаты летных испытаний по определению несущих свойств самолета 100Л-4 с учетом влияния близости земли	РГА в г.Самаре. Ф. Р-220. Оп. 6-1. Д. 750.	Рассекречено в 2018 году	Ордена Красного Знамени Летно-исследовательский институт им. М.М. Громова Министерства авиационной промышленности СССР, г. Жуковский, Московская область, 1940–
1973 г.	Отчет № 73-552-II. По теоретической оценке минимально безопасного автоматического катапультирования летчика на кресле КЯ-1 из самолета Як-36М при аварии на режимах взлета и посадки	РГА в г.Самаре. Ф. Р-220. Оп. 6-1. Д. 751.	Рассекречено в 2018 году	Ордена Красного Знамени Летно-исследовательский институт им. М.М. Громова Министерства авиационной промышленности СССР, г. Жуковский, Московская область, 1940–
1973 г.	Отчет № 73-565-II. Летные исследования Су-7 № 8501 с симметрично расположенными ПВД (приемниками воздушного давления) при углах стреловидности крыла 63, 45 и 30% на режимах сваливания и штопора	РГА в г.Самаре. Ф. Р-220. Оп. 6-1. Д. 752.	Рассекречено в 2018 году	Ордена Красного Знамени Летно-исследовательский институт им. М.М. Громова Министерства авиационной промышленности СССР, г. Жуковский, Московская область, 1940–
1973 г.	Отчет № 73-578-II. Летные исследования законов стабилизации высоты полета с одновременным разворотом по курсу для систем автоматического управления САУ-23 с блоком коррекции сигнала высоты	РГА в г.Самаре. Ф. Р-220. Оп. 6-1. Д. 753.	Рассекречено в 2018 году	Ордена Красного Знамени Летно-исследовательский институт им. М.М. Громова Министерства авиационной промышленности СССР, г. Жуковский, Московская область, 1940–
1973 г.	Отчет № 73-580-II. Летные исследования самолета Су-7У № 0408 с дестабилизатором по определению аэродинамических коэффициентов и характеристик устойчивости на сверхзвуковых скоростях полета	РГА в г.Самаре. Ф. Р-220. Оп. 6-1. Д. 754.	Рассекречено в 2018 году	Ордена Красного Знамени Летно-исследовательский институт им. М.М. Громова Министерства авиационной промышленности СССР, г. Жуковский, Московская область, 1940–
1973 г.	Отчет № 73-640-II. Результаты специальных летных исследований по оценке характеристик сваливания и штопора самолета МиГ-23Б	РГА в г.Самаре. Ф. Р-220. Оп. 6-1. Д. 755.	Рассекречено в 2018 году	Ордена Красного Знамени Летно-исследовательский институт им. М.М. Громова Министерства авиационной промышленности СССР, г. Жуковский, Московская область, 1940–
1973 г.	Отчет № 73-642-II. Результаты предварительных летных исследований по определению аэродинамических характеристик самолета МиГ-25 № 0101 при расчете Р1 тяги по штатным замерам и Р4	РГА в г.Самаре. Ф. Р-220. Оп. 6-1. Д. 756.	Рассекречено в 2018 году	Ордена Красного Знамени Летно-исследовательский институт им. М.М. Громова Министерства авиационной промышленности СССР, г. Жуковский, Московская область, 1940–
1973 г.	Отчет № 73-643-II. Летные исследования по оценке влияния минимального диаметра сопла внешнего контура и регулировка крейсерского режима работы двигателя Р29-300 на километровые расходы топлива самолета МиГ-23М	РГА в г.Самаре. Ф. Р-220. Оп. 6-1. Д. 757.	Рассекречено в 2018 году	Ордена Красного Знамени Летно-исследовательский институт им. М.М. Громова Министерства авиационной промышленности СССР, г. Жуковский, Московская область, 1940–
1973 г.	Отчет № 73-652-II. По результатам специальных испытаний на ракетном стенде РД-2500 унифицированной катапультной установки К-36Д (часть 1)	РГА в г.Самаре. Ф. Р-220. Оп. 6-1. Д. 758.	Рассекречено в 2018 году	Ордена Красного Знамени Летно-исследовательский институт им. М.М. Громова Министерства авиационной промышленности СССР, г. Жуковский, Московская область, 1940–
1973 г.	Отчет № 73-654-II. Результаты заводских летных испытаний самолета МиГ-21УС по определению аэродинамических нагрузок, действующих на фонари кабины	РГА в г.Самаре. Ф. Р-220. Оп. 6-1. Д. 759.	Рассекречено в 2018 году	Ордена Красного Знамени Летно-исследовательский институт им. М.М. Громова Министерства авиационной промышленности СССР, г. Жуковский, Московская область, 1940–
1973 г.	Отчет № 73-700-II. Исследование области допустимых изменений тяги и угла атаки СВВП (самолетов вертикального взлета и посадки) при заходе на посадку с постоянной вертикальной скоростью	РГА в г.Самаре. Ф. Р-220. Оп. 6-1. Д. 760.	Рассекречено в 2018 году	Ордена Красного Знамени Летно-исследовательский институт им. М.М. Громова Министерства авиационной промышленности СССР, г. Жуковский, Московская область, 1940–
1973 г.	Отчет № 73-726-II. Оценка разброса взлетно-посадочных характеристик самолетов Су-15 и Су-15М	РГА в г.Самаре. Ф. Р-220. Оп. 6-1. Д. 761.	Рассекречено в 2018 году	Ордена Красного Знамени Летно-исследовательский институт им. М.М. Громова Министерства авиационной промышленности СССР, г. Жуковский, Московская область, 1940–
1973 г.	Отчет № 73-747-II. Результаты летных исследований сваливания и штопора самолета МиГ-23УБ с крылом III редакции при угле стреловидности крыла 45º	РГА в г.Самаре. Ф. Р-220. Оп. 6-1. Д. 762.	Рассекречено в 2018 году	Ордена Красного Знамени Летно-исследовательский институт им. М.М. Громова Министерства авиационной промышленности СССР, г. Жуковский, Московская область, 1940–
1973 г.	Отчет № 73-751-II. Летные исследования по определению области допустимых передаточных чисел системы автоматической стабилизации и оценки характеристик продольной устойчивости и управляемости на летающей лаборатории Су-11 № 312	РГА в г.Самаре. Ф. Р-220. Оп. 6-1. Д. 763.	Рассекречено в 2018 году	Ордена Красного Знамени Летно-исследовательский институт им. М.М. Громова Министерства авиационной промышленности СССР, г. Жуковский, Московская область, 1940–
1973 г.	Отчет № 73-754-II. Летные исследования типовых маневров воздушного боя	РГА в г.Самаре. Ф. Р-220. Оп. 6-1. Д. 764.	Рассекречено в 2018 году	Ордена Красного Знамени Летно-исследовательский институт им. М.М. Громова Министерства авиационной промышленности СССР, г. Жуковский, Московская область, 1940–
1973 г.	Отчет № 73-763-II. Результаты летных испытаний на самолете Ан-12 макетного образца радиоизотопного дальномера «Ладога-1» (первый этап)	РГА в г.Самаре. Ф. Р-220. Оп. 6-1. Д. 765.	Рассекречено в 2018 году	Ордена Красного Знамени Летно-исследовательский институт им. М.М. Громова Министерства авиационной промышленности СССР, г. Жуковский, Московская область, 1940–
1973 г.	Отчет № 73-781-II. Предварительные исследования особенностей боевого маневрирования легкового фронтового истребителя МиГ-29	РГА в г.Самаре. Ф. Р-220. Оп. 6-1. Д. 766.	Рассекречено в 2018 году	Ордена Красного Знамени Летно-исследовательский институт им. М.М. Громова Министерства авиационной промышленности СССР, г. Жуковский, Московская область, 1940–
1973 г.	Отчет № 73-785-II. Определение зависимости коэффициента подъемной силы от угла атаки летающей лаборатории 100 ЛДУ на дозвуковых скоростях полета	РГА в г.Самаре. Ф. Р-220. Оп. 6-1. Д. 767.	Рассекречено в 2018 году	Ордена Красного Знамени Летно-исследовательский институт им. М.М. Громова Министерства авиационной промышленности СССР, г. Жуковский, Московская область, 1940–
1973 г.	Отчет № 73-787-II. Летающая лаборатория на базе самолета Су-17 № 8501 для исследования особенностей обтекания крыла с изменяемой в полете стреловидностью	РГА в г.Самаре. Ф. Р-220. Оп. 6-1. Д. 768.	Рассекречено в 2018 году	Ордена Красного Знамени Летно-исследовательский институт им. М.М. Громова Министерства авиационной промышленности СССР, г. Жуковский, Московская область, 1940–
1973 г.	Отчет № 73-788-II. Обобщенные характеристики маневренности самолетов МиГ-23 и Миг-23М	РГА в г.Самаре. Ф. Р-220. Оп. 6-1. Д. 769.	Рассекречено в 2018 году	Ордена Красного Знамени Летно-исследовательский институт им. М.М. Громова Министерства авиационной промышленности СССР, г. Жуковский, Московская область, 1940–
1973 г.	Отчет № 73-789-II. Летные исследования пространственного воздушного боя самолетов-истребителей МиГ-21 из положения «полет на встречных курсах» при начальной разности высот и скоростей полета	РГА в г.Самаре. Ф. Р-220. Оп. 6-1. Д. 770.	Рассекречено в 2018 году	Ордена Красного Знамени Летно-исследовательский институт им. М.М. Громова Министерства авиационной промышленности СССР, г. Жуковский, Московская область, 1940–
1973 г.	Отчет № 73-790-II. Методика автоматизированного определения относительного положения самолетов в процессе воздушного боя	РГА в г.Самаре. Ф. Р-220. Оп. 6-1. Д. 771.	Рассекречено в 2018 году	Ордена Красного Знамени Летно-исследовательский институт им. М.М. Громова Министерства авиационной промышленности СССР, г. Жуковский, Московская область, 1940–
1973 г.	Отчет № 73-793-II. Об испытаниях модифицированного самолета Су-15К № 0104 с острой передней кромкой крыла (1 этап)	РГА в г.Самаре. Ф. Р-220. Оп. 6-1. Д. 772.	Рассекречено в 2018 году	Ордена Красного Знамени Летно-исследовательский институт им. М.М. Громова Министерства авиационной промышленности СССР, г. Жуковский, Московская область, 1940–
1973 г.	Акт № 73-8-II-03/773105-051. По результатам специальных испытаний на вертолете Ми-4 по исследованию процесса разделения манекена с катапультными креслами К-5МН и К-7МН	РГА в г.Самаре. Ф. Р-220. Оп. 6-1. Д. 773.	Рассекречено в 2018 году	Ордена Красного Знамени Летно-исследовательский институт им. М.М. Громова Министерства авиационной промышленности СССР, г. Жуковский, Московская область, 1940–
1973 г.	Акт № 73-126-II. По результатам летных исследований вибраций вертикального оперения самолета МиГ-23 № 402 при выпуске тормозных щитков в расширенном диапазоне скоростей полета	РГА в г.Самаре. Ф. Р-220. Оп. 6-1. Д. 774.	Рассекречено в 2018 году	Ордена Красного Знамени Летно-исследовательский институт им. М.М. Громова Министерства авиационной промышленности СССР, г. Жуковский, Московская область, 1940–
1973 г.	Акт № 73-568-II. По результатам специальных летных испытаний самолета МиГ-23УБ по сбросу фонаря	РГА в г.Самаре. Ф. Р-220. Оп. 6-1. Д. 775.	Рассекречено в 2018 году	Ордена Красного Знамени Летно-исследовательский институт им. М.М. Громова Министерства авиационной промышленности СССР, г. Жуковский, Московская область, 1940–
1973 г.	Акт № 73-805-II. По результатам летных испытаний на самолете Ту-22 специального стабилизирующего парашют, предназначенного для применения в системе спасения экипажей с помощью тянущей ракеты	РГА в г.Самаре. Ф. Р-220. Оп. 6-1. Д. 776.	Рассекречено в 2018 году	Ордена Красного Знамени Летно-исследовательский институт им. М.М. Громова Министерства авиационной промышленности СССР, г. Жуковский, Московская область, 1940–
1973 г.	Методика № 73-571-II. Временная методика летных испытаний самолета ВВП (вертикального взлета и посадки) Як-36М на режимах вертикального взлета, вертикальной посадки, висения и на переходных режимах. Раздел 1. Общие положения. Объем, последовательность испытаний и особенности пилотирования	РГА в г.Самаре. Ф. Р-220. Оп. 6-1. Д. 777.	Рассекречено в 2018 году	Ордена Красного Знамени Летно-исследовательский институт им. М.М. Громова Министерства авиационной промышленности СССР, г. Жуковский, Московская область, 1940–
1973 г.	Отчет № 73-6-III. Летные исследования опытного турбореактивного двигателя Р15БФ2-300 № 65-07М 6 сборки и его системы регулирования на летающей лаборатории МиГ-25Р № 020401 (1 этап)	РГА в г.Самаре. Ф. Р-220. Оп. 6-1. Д. 778.	Рассекречено в 2018 году	Ордена Красного Знамени Летно-исследовательский институт им. М.М. Громова Министерства авиационной промышленности СССР, г. Жуковский, Московская область, 1940–
1973 г.	Отчет № 73-62-III. Летные испытания на самолете ТЛ-4И с двигателями Ал-21ФЗ системы аварийного слива топлива	РГА в г.Самаре. Ф. Р-220. Оп. 6-1. Д. 779.	Рассекречено в 2018 году	Ордена Красного Знамени Летно-исследовательский институт им. М.М. Громова Министерства авиационной промышленности СССР, г. Жуковский, Московская область, 1940–
1973 г.	Отчет № 73-66-III. Исследование на установке 34433, моделирующей в условиях невесомости, создаваемых на летающей лаборатории Ту-104А № 42396, работу системы обеспечения запуска изделия 11 А52	РГА в г.Самаре. Ф. Р-220. Оп. 6-1. Д. 780.	Рассекречено в 2018 году	Ордена Красного Знамени Летно-исследовательский институт им. М.М. Громова Министерства авиационной промышленности СССР, г. Жуковский, Московская область, 1940–
1973 г.	Отчет № 73-73-II. Летные исследования по определению влияния установки разделительных перегородок в воздухосборнике и уменьшения его верхней щеки на выбор параметра замкнутого регулирования расширенных воздухозаборников самолета Су-15	РГА в г.Самаре. Ф. Р-220. Оп. 6-1. Д. 781.	Рассекречено в 2018 году	Ордена Красного Знамени Летно-исследовательский институт им. М.М. Громова Министерства авиационной промышленности СССР, г. Жуковский, Московская область, 1940–
1973 г.	Отчет № 73-89-III. Летные исследования характеристик сверхзвуковых воздухозаборников самолета Су-15 БИС № 0315306 с двигателями Р25-300 при их работе на режиме полного форсажа и дроссельных режимах	РГА в г.Самаре. Ф. Р-220. Оп. 6-1. Д. 782.	Рассекречено в 2018 году	Ордена Красного Знамени Летно-исследовательский институт им. М.М. Громова Министерства авиационной промышленности СССР, г. Жуковский, Московская область, 1940–
1973 г.	Отчет № 73-104-III. Летные исследования топливной системы установки самолета МиГ-23 М № 1907 с двигателем Р29-300 № 618	РГА в г.Самаре. Ф. Р-220. Оп. 6-1. Д. 783.	Рассекречено в 2018 году	Ордена Красного Знамени Летно-исследовательский институт им. М.М. Громова Министерства авиационной промышленности СССР, г. Жуковский, Московская область, 1940–
1973 г.	Отчет № 73-114-III. Летные исследования двигателя Ал-21-ФЗ № 89-07 с гидромеханической и электрогидравлической (РНА-89) системами регулирования направляющих аппаратов компрессора на летающей лаборатории Ту-16 № 410	РГА в г.Самаре. Ф. Р-220. Оп. 6-1. Д. 784.	Рассекречено в 2018 году	Ордена Красного Знамени Летно-исследовательский институт им. М.М. Громова Министерства авиационной промышленности СССР, г. Жуковский, Московская область, 1940–
1973 г.	Отчет № 73-122-III. Исследование силовой установки учебного самолета вертикального взлета, и посадка Як-36У при установке его на стенде сил и моментов	РГА в г.Самаре. Ф. Р-220. Оп. 6-1. Д. 785.	Рассекречено в 2018 году	Ордена Красного Знамени Летно-исследовательский институт им. М.М. Громова Министерства авиационной промышленности СССР, г. Жуковский, Московская область, 1940–
1973 г.	Отчет № 73-127-III. Летные исследования ускоренного запуска ГТД (газотурбинного двигателя) типа Р11Ф2С-300, Р13-300, Р15ВФ2-300 и АЛ-21Ф на самолетах МиГ-21 №№ 908, 30СК16, 02413, Су-15ЛЛ № 402, МиГ-25Р № 401 и Ту-16 ЛЛ № 410 с целью оценки возможностей расширения диапазона запуска двигателей по высоте и скорости полета (тематическая работа № 4000328)	РГА в г.Самаре. Ф. Р-220. Оп. 6-1. Д. 786.	Рассекречено в 2018 году	Ордена Красного Знамени Летно-исследовательский институт им. М.М. Громова Министерства авиационной промышленности СССР, г. Жуковский, Московская область, 1940–
1973 г.	Отчет № 73-139-III. По летным испытаниям двигателя Р27Ф2М-300 I серии № 57 на самолете МиГ-23 № 404	РГА в г.Самаре. Ф. Р-220. Оп. 6-1. Д. 787.	Рассекречено в 2018 году	Ордена Красного Знамени Летно-исследовательский институт им. М.М. Громова Министерства авиационной промышленности СССР, г. Жуковский, Московская область, 1940–
1973 г.	Отчет № 73-146-III. Летные испытания самолета МиГ-23М № 1907 с двигателем Р29-300 № 618 по проверке мероприятий, направленных на улучшение работы топливорегулирующей аппаратуры на установившихся и переходных режимах двигателя	РГА в г.Самаре. Ф. Р-220. Оп. 6-1. Д. 788.	Рассекречено в 2018 году	Ордена Красного Знамени Летно-исследовательский институт им. М.М. Громова Министерства авиационной промышленности СССР, г. Жуковский, Московская область, 1940–
1973 г.	Отчет № 73-157-III. Летные испытания топливной и масляной систем силовой установки самолета МиГ-23 № 404 с двигателем Р27Ф2М-300 1 серия	РГА в г.Самаре. Ф. Р-220. Оп. 6-1. Д. 789.	Рассекречено в 2018 году	Ордена Красного Знамени Летно-исследовательский институт им. М.М. Громова Министерства авиационной промышленности СССР, г. Жуковский, Московская область, 1940–
1973 г.	Отчет № 73-164-III. Исследования вибрационного нагружения рабочих лопаток первых ступеней компрессора ТРДФ (турбореактивного двигателя с форсажной камерой) при его работе с двумя боковыми плоскими воздухосборниками на сверхзвуковом самолете	РГА в г.Самаре. Ф. Р-220. Оп. 6-1. Д. 790.	Рассекречено в 2018 году	Ордена Красного Знамени Летно-исследовательский институт им. М.М. Громова Министерства авиационной промышленности СССР, г. Жуковский, Московская область, 1940–
1973 г.	Отчет № 73-175-III. Проверка ускоренного розжига форсажной камеры при приемистости с оборотов малого газа и с оборотов НАР (нормальный активный режим) двигателя Р11ФЗ-300 № Т71223021 на самолете МиГ-21Р № 030 СК16	РГА в г.Самаре. Ф. Р-220. Оп. 6-1. Д. 791.	Рассекречено в 2018 году	Ордена Красного Знамени Летно-исследовательский институт им. М.М. Громова Министерства авиационной промышленности СССР, г. Жуковский, Московская область, 1940–
1973 г.	Отчет № 73-178-III. Летные исследования по оценке эффективности уменьшения верхней щеки и установки аэродинамических гребней в воздухозаборниках самолета Су-15 № 1315340	РГА в г.Самаре. Ф. Р-220. Оп. 6-1. Д. 792.	Рассекречено в 2018 году	Ордена Красного Знамени Летно-исследовательский институт им. М.М. Громова Министерства авиационной промышленности СССР, г. Жуковский, Московская область, 1940–
1973 г.	Отчет № 73-191-III. Летные испытания системы дренажа и наддува элементов топливной системы самолета Як-36	РГА в г.Самаре. Ф. Р-220. Оп. 6-1. Д. 793.	Рассекречено в 2018 году	Ордена Красного Знамени Летно-исследовательский институт им. М.М. Громова Министерства авиационной промышленности СССР, г. Жуковский, Московская область, 1940–
1973 г.	Отчет № 73-212-III. Летные испытания двигателя Р13Ф-300 № 03 с модифицированной топливо-регулирующей автоматикой на самолете МиГ-21М № 2413	РГА в г.Самаре. Ф. Р-220. Оп. 6-1. Д. 794.	Рассекречено в 2018 году	Ордена Красного Знамени Летно-исследовательский институт им. М.М. Громова Министерства авиационной промышленности СССР, г. Жуковский, Московская область, 1940–
1973 г.	Отчет № 73-250-III. Летные исследования характеристик сверхзвукового сопла двигателя Ал-21ФЗ № 8917 на летающей лаборатории Ту-16ЛЛ при дозвуковых скоростях полета	РГА в г.Самаре. Ф. Р-220. Оп. 6-1. Д. 795.	Рассекречено в 2018 году	Ордена Красного Знамени Летно-исследовательский институт им. М.М. Громова Министерства авиационной промышленности СССР, г. Жуковский, Московская область, 1940–
1973 г.	Отчет № 73-251-III. Летные испытания по определению эффективности режимов теплового встряхивания компонента бака «0» блока Д2, проведенные на установке «Сокол-Д» в условиях, близких к невесомости, на летающей лаборатории ТУ-104А № 42396	РГА в г.Самаре. Ф. Р-220. Оп. 6-1. Д. 796.	Рассекречено в 2018 году	Ордена Красного Знамени Летно-исследовательский институт им. М.М. Громова Министерства авиационной промышленности СССР, г. Жуковский, Московская область, 1940–
1973 г.	Отчет № 73-252-III. По летным исследованиям устойчивости работы силовой установки самолета МиГ-21ПФ № 0908 при включениях экспериментальной системы противозаглохания двигателя КС-11А в обеспечение расширения зоны пусков ракет К-13М на самолетах типа МиГ-21	РГА в г.Самаре. Ф. Р-220. Оп. 6-1. Д. 797.	Рассекречено в 2018 году	Ордена Красного Знамени Летно-исследовательский институт им. М.М. Громова Министерства авиационной промышленности СССР, г. Жуковский, Московская область, 1940–
1973 г.	Отчет № 73-259-III. Летные исследования газодинамической устойчивости работы двигателя Р13-300 № 23 с моделированным насосом-регулятором НР-54Ф на самолете Су-15 ЛЛ № 402	РГА в г.Самаре. Ф. Р-220. Оп. 6-1. Д. 798.	Рассекречено в 2018 году	Ордена Красного Знамени Летно-исследовательский институт им. М.М. Громова Министерства авиационной промышленности СССР, г. Жуковский, Московская область, 1940–
1973 г.	Отчет № 73-260-III. Летные исследования на установке 32963 динамики жидкости и газа в модели бака «О» блока «Д» изделия 11А52 в условиях работы системы обеспечения запуска на летающей лаборатории Ту-104 № 42396	РГА в г.Самаре. Ф. Р-220. Оп. 6-1. Д. 799.	Рассекречено в 2018 году	Ордена Красного Знамени Летно-исследовательский институт им. М.М. Громова Министерства авиационной промышленности СССР, г. Жуковский, Московская область, 1940–
1973 г.	Отчет № 73-293-III. Испытания и доводка масляных систем силовых установок сверхзвуковых самолетов	РГА в г.Самаре. Ф. Р-220. Оп. 6-1. Д. 800.	Рассекречено в 2018 году	Ордена Красного Знамени Летно-исследовательский институт им. М.М. Громова Министерства авиационной промышленности СССР, г. Жуковский, Московская область, 1940–
1973 г.	Отчет № 73-295-III. Летные исследования по определению характеристик различных вариантов эжектора силовой установки самолета МиГ-21Р с двигателем Р113-300	РГА в г.Самаре. Ф. Р-220. Оп. 6-1. Д. 801.	Рассекречено в 2018 году	Ордена Красного Знамени Летно-исследовательский институт им. М.М. Громова Министерства авиационной промышленности СССР, г. Жуковский, Московская область, 1940–
1973 г.	Отчет № 73-325-III. Исследования газодинамической устойчивости ДТРД (двухконтурный турбореактивный двигатель) и ДТРДФ (двухконтурный турбореактивный двигатель с форсажной камерой) в условиях полета	РГА в г.Самаре. Ф. Р-220. Оп. 6-1. Д. 802.	Рассекречено в 2018 году	Ордена Красного Знамени Летно-исследовательский институт им. М.М. Громова Министерства авиационной промышленности СССР, г. Жуковский, Московская область, 1940–
1973 г.	Отчет № 73-357-III. Определение летно-технических характеристик самолета МиГ-21Р № 030СК16 и основных характеристик его силовой установки с модифицированным двигателем РIIФЗ-300 № Т71223021 и модифицированными хвостовыми эжекторами	РГА в г.Самаре. Ф. Р-220. Оп. 6-1. Д. 803.	Рассекречено в 2018 году	Ордена Красного Знамени Летно-исследовательский институт им. М.М. Громова Министерства авиационной промышленности СССР, г. Жуковский, Московская область, 1940–
1973 г.	Отчет № 73-373-III. Летные исследования характеристик устойчивой работы форсажной камеры двигателя Ал-21Ф-3 на летающей лаборатории Ту-16	РГА в г.Самаре. Ф. Р-220. Оп. 6-1. Д. 804.	Рассекречено в 2018 году	Ордена Красного Знамени Летно-исследовательский институт им. М.М. Громова Министерства авиационной промышленности СССР, г. Жуковский, Московская область, 1940–
1973 г.	Отчет № 73-378-III. Летные исследования сигнализатора горения в форсажной камере двигателя Р15ВФ2-300 № 65-07М на летающей лаборатории МиГ-25Р № 020401	РГА в г.Самаре. Ф. Р-220. Оп. 6-1. Д. 805.	Рассекречено в 2018 году	Ордена Красного Знамени Летно-исследовательский институт им. М.М. Громова Министерства авиационной промышленности СССР, г. Жуковский, Московская область, 1940–
1973 г.	Отчет № 73-387-III. Исследование газодинамической устойчивости двигателей НК-8-2 на режимах разбега самолета Ту-154 № 85003 с открытыми внутренними интерцепторами крыла	РГА в г.Самаре. Ф. Р-220. Оп. 6-1. Д. 806.	Рассекречено в 2018 году	Ордена Красного Знамени Летно-исследовательский институт им. М.М. Громова Министерства авиационной промышленности СССР, г. Жуковский, Московская область, 1940–
1973 г.	Отчет № 73-395-III. Летные исследования на самолете МиГ-25Р № 020М02 двигателя Р15Б-300 для проверки температурных режимов работы стенок опытной форсажной камеры	РГА в г.Самаре. Ф. Р-220. Оп. 6-1. Д. 807.	Рассекречено в 2018 году	Ордена Красного Знамени Летно-исследовательский институт им. М.М. Громова Министерства авиационной промышленности СССР, г. Жуковский, Московская область, 1940–
1973 г.	Отчет № 73-405-III. Наземные исследования вибрационных напряжений в рабочих лопатках I-V ступеней РНД (редукторов низкого давления) двигателя Р278-300 на самолете Як-36М-I с измененным воздухозаборником	РГА в г.Самаре. Ф. Р-220. Оп. 6-1. Д. 808.	Рассекречено в 2018 году	Ордена Красного Знамени Летно-исследовательский институт им. М.М. Громова Министерства авиационной промышленности СССР, г. Жуковский, Московская область, 1940–
1973 г.	Отчет № 73-406-III. Летные исследования гидротурбоприводного топливного насоса ГТН-7 на летающей лаборатории Ту-16 № 501	РГА в г.Самаре. Ф. Р-220. Оп. 6-1. Д. 809.	Рассекречено в 2018 году	Ордена Красного Знамени Летно-исследовательский институт им. М.М. Громова Министерства авиационной промышленности СССР, г. Жуковский, Московская область, 1940–
1973 г.	Отчет № 73-434-III. Летные испытания топливной системы опытного двигателя Р-27В-300 на летающей лаборатории Ту-16 № 1002	РГА в г.Самаре. Ф. Р-220. Оп. 6-1. Д. 810.	Рассекречено в 2018 году	Ордена Красного Знамени Летно-исследовательский институт им. М.М. Громова Министерства авиационной промышленности СССР, г. Жуковский, Московская область, 1940–
1973 г.	Отчет № 73-455-III. Летные испытания подъемно-маршевого двигателя Р278-300 № 49-14 на самолете Як-36М-1 с модифицированным воздухозаборником	РГА в г.Самаре. Ф. Р-220. Оп. 6-1. Д. 811.	Рассекречено в 2018 году	Ордена Красного Знамени Летно-исследовательский институт им. М.М. Громова Министерства авиационной промышленности СССР, г. Жуковский, Московская область, 1940–
1973 г.	Отчет № 73-458-III. Летные исследования для определения характеристик форсажной камеры двигателя Ал-21Ф-3 № Б7231015 на предельно-допустимых эксплуатационных режимах полета самолета Су-17М № 5304	РГА в г.Самаре. Ф. Р-220. Оп. 6-1. Д. 812.	Рассекречено в 2018 году	Ордена Красного Знамени Летно-исследовательский институт им. М.М. Громова Министерства авиационной промышленности СССР, г. Жуковский, Московская область, 1940–
1973 г.	Отчет № 73-463-III. Летные испытания подъемно-маршевого двигателя Р27В-300 № 06 6-й сборки с увеличенным отбором воздуха в компоновке самолета ВВП (вертикального взлета и посадки) Як-36М на летающей лаборатории Ту-16 № 1002	РГА в г.Самаре. Ф. Р-220. Оп. 6-1. Д. 813.	Рассекречено в 2018 году	Ордена Красного Знамени Летно-исследовательский институт им. М.М. Громова Министерства авиационной промышленности СССР, г. Жуковский, Московская область, 1940–
1973 г.	Отчет № 73-467-III. Летные испытания топливной и масляной систем силовой установки самолета МиГ-23 № 404 с двигателем Р27Ф2М-300 1 серии в условиях повышенной начальной температуры топлива	РГА в г.Самаре. Ф. Р-220. Оп. 6-1. Д. 814.	Рассекречено в 2018 году	Ордена Красного Знамени Летно-исследовательский институт им. М.М. Громова Министерства авиационной промышленности СССР, г. Жуковский, Московская область, 1940–
1973 г.	Отчет № 73-519-III. Летные исследования возможности сокращения времени приемистости двигателя Р29-300 самолета МиГ-23М	РГА в г.Самаре. Ф. Р-220. Оп. 6-1. Д. 815.	Рассекречено в 2018 году	Ордена Красного Знамени Летно-исследовательский институт им. М.М. Громова Министерства авиационной промышленности СССР, г. Жуковский, Московская область, 1940–
1973 г.	Отчет № 73-534-III. Летные испытания по проверке надежности запуска двигателя РIIФ2С 300 № Т7531218 с модифицированным кислородным редуктором 2130 АМ на самолете Су-15ЛЛ № 402	РГА в г.Самаре. Ф. Р-220. Оп. 6-1. Д. 816.	Рассекречено в 2018 году	Ордена Красного Знамени Летно-исследовательский институт им. М.М. Громова Министерства авиационной промышленности СССР, г. Жуковский, Московская область, 1940–
1973 г.	Отчет № 73-550-III. Летные испытания силовой установки самолета МиГ-23 № 404 с двигателем Р27Ф2М-300 № 57 (1 серия)	РГА в г.Самаре. Ф. Р-220. Оп. 6-1. Д. 817.	Рассекречено в 2018 году	Ордена Красного Знамени Летно-исследовательский институт им. М.М. Громова Министерства авиационной промышленности СССР, г. Жуковский, Московская область, 1940–
1973 г.	Отчет № 73-589-III. Летные испытания подъемно-маршевого двигателя Р27В-300 № 06 шестой сборки в компоновке самолета ВВП Як-36М на летающей лаборатории Ту-16 № 1002	РГА в г.Самаре. Ф. Р-220. Оп. 6-1. Д. 818.	Рассекречено в 2018 году	Ордена Красного Знамени Летно-исследовательский институт им. М.М. Громова Министерства авиационной промышленности СССР, г. Жуковский, Московская область, 1940–
1973 г.	Отчет № 73-636-III. Исследование температурных условий на входе в подъемно-маршевый двигатель самолета Як-36М-1 с измененным воздухозаборником при установке его на стенде сил и моментов	РГА в г.Самаре. Ф. Р-220. Оп. 6-1. Д. 819.	Рассекречено в 2018 году	Ордена Красного Знамени Летно-исследовательский институт им. М.М. Громова Министерства авиационной промышленности СССР, г. Жуковский, Московская область, 1940–
1973 г.	Отчет № 73-647-III. Летные исследования газодинамической устойчивости силовой установки самолета МиГ-21ПФ № 908 при пусках ракет К-13М и Р-3С	РГА в г.Самаре. Ф. Р-220. Оп. 6-1. Д. 820.	Рассекречено в 2018 году	Ордена Красного Знамени Летно-исследовательский институт им. М.М. Громова Министерства авиационной промышленности СССР, г. Жуковский, Московская область, 1940–
1973 г.	Отчет № 73-688-III. Обобщенные результаты летных исследований, и доводка масляной системы и системы суфлирования двигателей Р27Ф2М-300 1 серии и Р29-300 на самолетах МиГ-23	РГА в г.Самаре. Ф. Р-220. Оп. 6-1. Д. 821.	Рассекречено в 2018 году	Ордена Красного Знамени Летно-исследовательский институт им. М.М. Громова Министерства авиационной промышленности СССР, г. Жуковский, Московская область, 1940–
1973 г.	Отчет № 73-796-III. Летные испытания подъемно-маршевого двигателя Р27В-300 № 06 шестой сборки при проверке его работы на переходных режимах ПМГ (полетный малый газ) – максимал-ПМГ	РГА в г.Самаре. Ф. Р-220. Оп. 6-1. Д. 822.	Рассекречено в 2018 году	Ордена Красного Знамени Летно-исследовательский институт им. М.М. Громова Министерства авиационной промышленности СССР, г. Жуковский, Московская область, 1940–
1973 г.	Отчет № 73-799-III. Определение летно-эксплуатационных характеристик модифицированного двигателя РIIФЗ-300 № 171223021 с расширенными топливными коллекторами форсажной камеры и летно-технических характеристик самолета МиГ-21Р № 030СК16 с серийными и модифицированными хвостовыми эжекторами	РГА в г.Самаре. Ф. Р-220. Оп. 6-1. Д. 823.	Рассекречено в 2018 году	Ордена Красного Знамени Летно-исследовательский институт им. М.М. Громова Министерства авиационной промышленности СССР, г. Жуковский, Московская область, 1940–
1973 г.	Акт № 73-29-I. Ввода в эксплуатацию датчиков в систему охраны спецпомещений на объекте	РГА в г.Самаре. Ф. Р-220. Оп. 6-1. Д. 824.	Рассекречено в 2018 году	Ордена Красного Знамени Летно-исследовательский институт им. М.М. Громова Министерства авиационной промышленности СССР, г. Жуковский, Московская область, 1940–
1973 г.	Акт № 73-125-III. Испытания образцов теплоизолирующих покрытий в камере расширения имитатора стрельбы с пушкой АМ-23 на стенде	РГА в г.Самаре. Ф. Р-220. Оп. 6-1. Д. 825.	Рассекречено в 2018 году	Ордена Красного Знамени Летно-исследовательский институт им. М.М. Громова Министерства авиационной промышленности СССР, г. Жуковский, Московская область, 1940–
1973 г.	Акт № 73-298-III. Результаты государственных совместных испытаний силовой установки самолета МиГ-23М с двигателем Р-29-300 (Этап Б)	РГА в г.Самаре. Ф. Р-220. Оп. 6-1. Д. 826.	Рассекречено в 2018 году	Ордена Красного Знамени Летно-исследовательский институт им. М.М. Громова Министерства авиационной промышленности СССР, г. Жуковский, Московская область, 1940–
1973 г.	Акт № 73-367-II/029/773105-006.772106-6. Результаты специальных совместных летных испытаний самолета Су-17 по аварийному сбросу фонаря и определению действующих на него аэродинамических нагрузок	РГА в г.Самаре. Ф. Р-220. Оп. 6-1. Д. 827.	Рассекречено в 2018 году	Ордена Красного Знамени Летно-исследовательский институт им. М.М. Громова Министерства авиационной промышленности СССР, г. Жуковский, Московская область, 1940–
1973 г.	Акт № 73-383-III. Летные испытания двигателя Р25-300 № 124025010 по определению границы помпажа и запасов газодинамической устойчивости в компоновке самолета МиГ-21БИС	РГА в г.Самаре. Ф. Р-220. Оп. 6-1. Д. 828.	Рассекречено в 2018 году	Ордена Красного Знамени Летно-исследовательский институт им. М.М. Громова Министерства авиационной промышленности СССР, г. Жуковский, Московская область, 1940–
1973 г.	Акт № 73-390-III. Летные испытания топливной системы самолета МиГ-21БИС № АЧ22 с двигателем Р25-300 № Р24025010	РГА в г.Самаре. Ф. Р-220. Оп. 6-1. Д. 829.	Рассекречено в 2018 году	Ордена Красного Знамени Летно-исследовательский институт им. М.М. Громова Министерства авиационной промышленности СССР, г. Жуковский, Московская область, 1940–
1973 г.	Акт № 73-420-III. Результаты летных испытаний самолета МиГ-23М № 1907 с двигателем Р29-300 № 629 по проверке работы двигателя с модифицированным центробежным суфлером маслосистемы и при аварийном выключении форсажа	РГА в г.Самаре. Ф. Р-220. Оп. 6-1. Д. 830.	Рассекречено в 2018 году	Ордена Красного Знамени Летно-исследовательский институт им. М.М. Громова Министерства авиационной промышленности СССР, г. Жуковский, Московская область, 1940–
1973 г.	Акт № 73-437-III. Летные испытания двигателя Р25-300 № Г24025010 по определению его эксплуатационных характеристик на переходных режимах с модифицированным насосом-регулятором НР-54Ф2 № 32 на самолете МиГ-21БИС № 500АЧ22	РГА в г.Самаре. Ф. Р-220. Оп. 6-1. Д. 831.	Рассекречено в 2018 году	Ордена Красного Знамени Летно-исследовательский институт им. М.М. Громова Министерства авиационной промышленности СССР, г. Жуковский, Московская область, 1940–
1973 г.	Отчет № 73-59-IV. Оценка состояния надежности (безотказности) самолетов МиГ-23 на этапе испытательных полетов в предприятии п/я В-8759 за 1972 год	РГА в г.Самаре. Ф. Р-220. Оп. 6-1. Д. 832.	Рассекречено в 2018 году	Ордена Красного Знамени Летно-исследовательский институт им. М.М. Громова Министерства авиационной промышленности СССР, г. Жуковский, Московская область, 1940–
1973 г.	Отчет № 73-64-IV. Экспериментальные исследования системы заправки топливом самолета Су-7У (1 этап)	РГА в г.Самаре. Ф. Р-220. Оп. 6-1. Д. 833.	Рассекречено в 2018 году	Ордена Красного Знамени Летно-исследовательский институт им. М.М. Громова Министерства авиационной промышленности СССР, г. Жуковский, Московская область, 1940–
1973 г.	Отчет № 73-154-IV. Анализ действующей и разрабатываемой нормативно-технической документации, определяющей качество и надежность техники	РГА в г.Самаре. Ф. Р-220. Оп. 6-1. Д. 834.	Рассекречено в 2018 году	Ордена Красного Знамени Летно-исследовательский институт им. М.М. Громова Министерства авиационной промышленности СССР, г. Жуковский, Московская область, 1940–
1973 г.	Отчет № 73-187-IV. Результаты систематизации и анализа материалов по предпосылкам к летным происшествиям и отказам, выявленным в полете при эксплуатации самолетов МиГ-25П (84) и МиГ-25Р (02) в частях ВВС в 1972 году	РГА в г.Самаре. Ф. Р-220. Оп. 6-1. Д. 835.	Рассекречено в 2018 году	Ордена Красного Знамени Летно-исследовательский институт им. М.М. Громова Министерства авиационной промышленности СССР, г. Жуковский, Московская область, 1940–
1973 г.	Отчет № 73-192-IV. Результаты систематизации и анализа материалов по предпосылкам к летным происшествиям и отказам, выявленным в полете при эксплуатации самолетов типа МиГ-21 в частях ВВС в 1972 году	РГА в г.Самаре. Ф. Р-220. Оп. 6-1. Д. 836.	Рассекречено в 2018 году	Ордена Красного Знамени Летно-исследовательский институт им. М.М. Громова Министерства авиационной промышленности СССР, г. Жуковский, Московская область, 1940–
1973 г.	Отчет № 73-196-IV. Результаты систематизации и анализа материалов по предпосылкам к летным происшествиям и отказам, выявленным в полете при эксплуатации самолетов МиГ-23 модификаций 2, 22, 51 в частях ВВС в 1972 году	РГА в г.Самаре. Ф. Р-220. Оп. 6-1. Д. 837.	Рассекречено в 2018 году	Ордена Красного Знамени Летно-исследовательский институт им. М.М. Громова Министерства авиационной промышленности СССР, г. Жуковский, Московская область, 1940–
1973 г.	Отчет № 73-207-IV. Состав контрольно-проверочной аппаратуры технического обслуживания станций связи самолетов-истребителей типа МиГ-21, МиГ-23 и МиГ-25	РГА в г.Самаре. Ф. Р-220. Оп. 6-1. Д. 838.	Рассекречено в 2018 году	Ордена Красного Знамени Летно-исследовательский институт им. М.М. Громова Министерства авиационной промышленности СССР, г. Жуковский, Московская область, 1940–
1973 г.	Отчет № 73-242-IV. Сравнительный анализ комплексов средств наземного обслуживания специального применения легких и средних боевых самолетов	РГА в г.Самаре. Ф. Р-220. Оп. 6-1. Д. 839.	Рассекречено в 2018 году	Ордена Красного Знамени Летно-исследовательский институт им. М.М. Громова Министерства авиационной промышленности СССР, г. Жуковский, Московская область, 1940–
1973 г.	Отчет № 73-249-IV. Инженерная методика оценки надежности изделий при испытаниях с учетом повышения надежности (проект)	РГА в г.Самаре. Ф. Р-220. Оп. 6-1. Д. 840.	Рассекречено в 2018 году	Ордена Красного Знамени Летно-исследовательский институт им. М.М. Громова Министерства авиационной промышленности СССР, г. Жуковский, Московская область, 1940–
1973 г.	Отчет № 73-274-IV. Летные испытания на самолете МиГ-23М № 1907 по оценке возможности определения некоторых режимов полета и режимов работы двигателя по информации системы САРПП-12Г	РГА в г.Самаре. Ф. Р-220. Оп. 6-1. Д. 842.	Рассекречено в 2018 году	Ордена Красного Знамени Летно-исследовательский институт им. М.М. Громова Министерства авиационной промышленности СССР, г. Жуковский, Московская область, 1940–
1973 г.	Отчет № 73-324-IV. Летные исследования на ЛЛ-МиГ-21УС № 0926 по оценке пилотирования самолета, оборудованного системой сигнализации угла атаки и перегрузки, в области аэродинамической тряски	РГА в г.Самаре. Ф. Р-220. Оп. 6-1. Д. 843.	Рассекречено в 2018 году	Ордена Красного Знамени Летно-исследовательский институт им. М.М. Громова Министерства авиационной промышленности СССР, г. Жуковский, Московская область, 1940–
1973 г.	Отчет № 73-327-IV. Систематизация и анализ летных происшествий и предпосылок к ним гражданских самолетов с ГТД (газотурбинными двигателями), происшедших на линиях гражданской авиации в 1972	РГА в г.Самаре. Ф. Р-220. Оп. 6-1. Д. 844.	Рассекречено в 2018 году	Ордена Красного Знамени Летно-исследовательский институт им. М.М. Громова Министерства авиационной промышленности СССР, г. Жуковский, Московская область, 1940–
1973 г.	Отчет № 73-363-IV. Оценка показателей эксплуатационной надежности изделий авиационной техники на ЭЦВМ (III этап)	РГА в г.Самаре. Ф. Р-220. Оп. 6-1. Д. 845.	Рассекречено в 2018 году	Ордена Красного Знамени Летно-исследовательский институт им. М.М. Громова Министерства авиационной промышленности СССР, г. Жуковский, Московская область, 1940–
1973 г.	Отчет № 73-369-IV. Результаты обобщения показателей надежности самолетов МиГ-25Р, МиГ-25П, МиГ-23(2), МиГ-23(22) и Су-17 за 1972 год	РГА в г.Самаре. Ф. Р-220. Оп. 6-1. Д. 846.	Рассекречено в 2018 году	Ордена Красного Знамени Летно-исследовательский институт им. М.М. Громова Министерства авиационной промышленности СССР, г. Жуковский, Московская область, 1940–
1973 г.	Отчет № 73-433-IV. Исследования системы заправки топливом самолета Су-7У с применением экспериментальных заправочных средств (2-й этап)	РГА в г.Самаре. Ф. Р-220. Оп. 6-1. Д. 847.	Рассекречено в 2018 году	Ордена Красного Знамени Летно-исследовательский институт им. М.М. Громова Министерства авиационной промышленности СССР, г. Жуковский, Московская область, 1940–
1973 г.	Отчет № 73-442-IV. Летные исследования на самолете МиГ-21 ПФМ № 9400М24 с двигателем Р-11Ф2С-300 № 1521377037 с целью выбора параметров работы силовой установки и режимов полета для контроля технического состояния систем газодинамического тракта	РГА в г.Самаре. Ф. Р-220. Оп. 6-1. Д. 848.	Рассекречено в 2018 году	Ордена Красного Знамени Летно-исследовательский институт им. М.М. Громова Министерства авиационной промышленности СССР, г. Жуковский, Московская область, 1940–
1973 г.	Отчет № 73-453-IV. Анализ требований и точностных характеристик элементов вычислителя текущего значения угла наклона траектории на участке выхода на высоту предпосадочного маневра	РГА в г.Самаре. Ф. Р-220. Оп. 6-1. Д. 849.	Рассекречено в 2018 году	Ордена Красного Знамени Летно-исследовательский институт им. М.М. Громова Министерства авиационной промышленности СССР, г. Жуковский, Московская область, 1940–
1973 г.	Отчет № 73-465-IV. Оценка состояния надежности (безотказности) самолетов МиГ-25П и МиГ-25 на этапе испытательных полетов в предприятии п/я В-8759 за II полугодие 1972 года и I полугодие 1973 года	РГА в г.Самаре. Ф. Р-220. Оп. 6-1. Д. 850.	Рассекречено в 2018 году	Ордена Красного Знамени Летно-исследовательский институт им. М.М. Громова Министерства авиационной промышленности СССР, г. Жуковский, Московская область, 1940–
1973 г.	Отчет № 73-599-IV. Материалы к оценке технического обслуживания станций связи легких и средних боевых самолетов и контрольно-проверочной аппаратуры, применяемой при их техническом обслуживании	РГА в г.Самаре. Ф. Р-220. Оп. 6-1. Д. 851.	Рассекречено в 2018 году	Ордена Красного Знамени Летно-исследовательский институт им. М.М. Громова Министерства авиационной промышленности СССР, г. Жуковский, Московская область, 1940–
1973 г.	Отчет № 73-609-IV. Исследования системы открытой заправки топливом изделия МиГ-23М с применением серийных и экспериментальных заправочных средств	РГА в г.Самаре. Ф. Р-220. Оп. 6-1. Д. 852.	Рассекречено в 2018 году	Ордена Красного Знамени Летно-исследовательский институт им. М.М. Громова Министерства авиационной промышленности СССР, г. Жуковский, Московская область, 1940–
1973 г.	Отчет № 73-628-IV. Результаты проведенных на самолете Су-15 № 1128 летных исследований по определению характеристику пилотирования на взлете и при посадке	РГА в г.Самаре. Ф. Р-220. Оп. 6-1. Д. 853.	Рассекречено в 2018 году	Ордена Красного Знамени Летно-исследовательский институт им. М.М. Громова Министерства авиационной промышленности СССР, г. Жуковский, Московская область, 1940–
1973 г.	Отчет № 73-629-IV. Систематизация и анализ статических сведений по аварийному покиданию самолетов при летных происшествиях за период 1970-1972 годы	РГА в г.Самаре. Ф. Р-220. Оп. 6-1. Д. 854.	Рассекречено в 2018 году	Ордена Красного Знамени Летно-исследовательский институт им. М.М. Громова Министерства авиационной промышленности СССР, г. Жуковский, Московская область, 1940–
1973 г.	Отчет № 73-680-IV. Летные исследования на самолете МиГ-25П по оценке возможности некоторых характеристик устойчивости, управляемости самолета на больших приборных скоростях полета по информации бортовой системы регистрации параметров полета К-9-51Б	РГА в г.Самаре. Ф. Р-220. Оп. 6-1. Д. 855.	Рассекречено в 2018 году	Ордена Красного Знамени Летно-исследовательский институт им. М.М. Громова Министерства авиационной промышленности СССР, г. Жуковский, Московская область, 1940–
1973 г.	Отчет № 73-698-IV. Предварительные результаты исследования по сравнению оценок надежности при испытаниях и эксплуатации	РГА в г.Самаре. Ф. Р-220. Оп. 6-1. Д. 856.	Рассекречено в 2018 году	Ордена Красного Знамени Летно-исследовательский институт им. М.М. Громова Министерства авиационной промышленности СССР, г. Жуковский, Московская область, 1940–
1973 г.	Отчет № 73-753-IV. Методика вычисления показателей эксплуатационной надежности изделий авиационной техники при помощи ЭЦВМ (IV этап)	РГА в г.Самаре. Ф. Р-220. Оп. 6-1. Д. 857.	Рассекречено в 2018 году	Ордена Красного Знамени Летно-исследовательский институт им. М.М. Громова Министерства авиационной промышленности СССР, г. Жуковский, Московская область, 1940–
1973 г.	Отчет № 73-795-IV. Сравнительный анализ комплексов средств наземного обслуживания специального применения самолетов истребительной и штурмовой авиации	РГА в г.Самаре. Ф. Р-220. Оп. 6-1. Д. 858.	Рассекречено в 2018 году	Ордена Красного Знамени Летно-исследовательский институт им. М.М. Громова Министерства авиационной промышленности СССР, г. Жуковский, Московская область, 1940–
1973 г.	Приложение к отчету № 73-795-4-IV. Сводный перечень средств наземного обслуживания специального применения самолетов истребительной и штурмовой авиации	РГА в г.Самаре. Ф. Р-220. Оп. 6-1. Д. 859.	Рассекречено в 2018 году	Ордена Красного Знамени Летно-исследовательский институт им. М.М. Громова Министерства авиационной промышленности СССР, г. Жуковский, Московская область, 1940–
1973 г.	Отчет № 73-806-IV. Алгоритмы экспресс-обработки информации бортового регистратора «Тестер-УЗЛ» на самолете МиГ-23Б	РГА в г.Самаре. Ф. Р-220. Оп. 6-1. Д. 860.	Рассекречено в 2018 году	Ордена Красного Знамени Летно-исследовательский институт им. М.М. Громова Министерства авиационной промышленности СССР, г. Жуковский, Московская область, 1940–
1973 г.	Акт № 73-81-IV. Автоматические регистрирующее устройство для объективного контроля полетов в зоне	РГА в г.Самаре. Ф. Р-220. Оп. 6-1. Д. 861.	Рассекречено в 2018 году	Ордена Красного Знамени Летно-исследовательский институт им. М.М. Громова Министерства авиационной промышленности СССР, г. Жуковский, Московская область, 1940–
1973 г.	Акт № 73-134-IV. Анализ причины летного происшествия самолета Як-28И № 03-05, происшедшего 19.12.1972 года	РГА в г.Самаре. Ф. Р-220. Оп. 6-1. Д. 862.	Рассекречено в 2018 году	Ордена Красного Знамени Летно-исследовательский институт им. М.М. Громова Министерства авиационной промышленности СССР, г. Жуковский, Московская область, 1940–
1973 г.	Отчет № 73-38-VII. Исследование по применению систем отображения при летных испытаниях самолетов Ил-76 и Т-6	РГА в г.Самаре. Ф. Р-220. Оп. 6-1. Д. 863.	Рассекречено в 2018 году	Ордена Красного Знамени Летно-исследовательский институт им. М.М. Громова Министерства авиационной промышленности СССР, г. Жуковский, Московская область, 1940–
1973 г.	Отчет № 73-90-VII. Программы расчета динамических параметров на вычислительном комплексе МО-9-УВ-М-220 по данным телеметрической и траекторной информации для ракет 5Я27 и 5В61	РГА в г.Самаре. Ф. Р-220. Оп. 6-1. Д. 864.	Рассекречено в 2018 году	Ордена Красного Знамени Летно-исследовательский институт им. М.М. Громова Министерства авиационной промышленности СССР, г. Жуковский, Московская область, 1940–
1973 г.	Отчет № 73-149-VII. Алгоритмы обработки магнитных записей боевой информации фазового пеленгатора «Висла-М»	РГА в г.Самаре. Ф. Р-220. Оп. 6-1. Д. 865.	Рассекречено в 2018 году	Ордена Красного Знамени Летно-исследовательский институт им. М.М. Громова Министерства авиационной промышленности СССР, г. Жуковский, Московская область, 1940–
1973 г.	Предложения № 73-171-VII. По повышению надежности и точности измерений промаха при испытаниях ракет «воздух-воздух» и «воздух-поверхность» в в/ч 15650	РГА в г.Самаре. Ф. Р-220. Оп. 6-1. Д. 866.	Рассекречено в 2018 году	Ордена Красного Знамени Летно-исследовательский институт им. М.М. Громова Министерства авиационной промышленности СССР, г. Жуковский, Московская область, 1940–
1973 г.	Отчет № 73-195-VII. Экспериментальное исследование операторов представления и обработки телеметрической информации для экспресс-анализа результатов испытаний	РГА в г.Самаре. Ф. Р-220. Оп. 6-1. Д. 867.	Рассекречено в 2018 году	Ордена Красного Знамени Летно-исследовательский институт им. М.М. Громова Министерства авиационной промышленности СССР, г. Жуковский, Московская область, 1940–
1973 г.	Отчет № 73-205-VII. Исследование бокового ракетодинамического маневра в космосе	РГА в г.Самаре. Ф. Р-220. Оп. 6-1. Д. 868.	Рассекречено в 2018 году	Ордена Красного Знамени Летно-исследовательский институт им. М.М. Громова Министерства авиационной промышленности СССР, г. Жуковский, Московская область, 1940–
1973 г.	Отчет № 73-218-VII. Исследование принципов построения беззапросных дальномерных методов измерения траектории, низко летающих объектов	РГА в г.Самаре. Ф. Р-220. Оп. 6-1. Д. 869.	Рассекречено в 2018 году	Ордена Красного Знамени Летно-исследовательский институт им. М.М. Громова Министерства авиационной промышленности СССР, г. Жуковский, Московская область, 1940–
1973 г.	Отчет № 73-236-VII. Оценка погрешностей определения параметров взаимного положения индукционного двухчастотного метода измерений	РГА в г.Самаре. Ф. Р-220. Оп. 6-1. Д. 870.	Рассекречено в 2018 году	Ордена Красного Знамени Летно-исследовательский институт им. М.М. Громова Министерства авиационной промышленности СССР, г. Жуковский, Московская область, 1940–
1973 г.	Отчет № 73-240-VII. Исследование систем с переменной структурой методом корневого годографа	РГА в г.Самаре. Ф. Р-220. Оп. 6-1. Д. 871.	Рассекречено в 2018 году	Ордена Красного Знамени Летно-исследовательский институт им. М.М. Громова Министерства авиационной промышленности СССР, г. Жуковский, Московская область, 1940–
1973 г.	Отчет № 73-243-VII. Методика определения траектории при использовании фазовых гиперболических измерительных систем	РГА в г.Самаре. Ф. Р-220. Оп. 6-1. Д. 872.	Рассекречено в 2018 году	Ордена Красного Знамени Летно-исследовательский институт им. М.М. Громова Министерства авиационной промышленности СССР, г. Жуковский, Московская область, 1940–
1973 г.	Отчет № 73-244-VII. Летные испытания системы ручного управления с одним управляющим параметром на летающей лаборатории Су-7У № 2509 на режиме снижения в замкнутом контуре ЛМК	РГА в г.Самаре. Ф. Р-220. Оп. 6-1. Д. 873.	Рассекречено в 2018 году	Ордена Красного Знамени Летно-исследовательский институт им. М.М. Громова Министерства авиационной промышленности СССР, г. Жуковский, Московская область, 1940–
1973 г.	Отчет № 73-262-VII. Алгоритм и программа определения характеристик аэродинамического момента в I и II плоскостях управления при пространственном движении для ракет 5Я27 и 5В55	РГА в г.Самаре. Ф. Р-220. Оп. 6-1. Д. 874.	Рассекречено в 2018 году	Ордена Красного Знамени Летно-исследовательский институт им. М.М. Громова Министерства авиационной промышленности СССР, г. Жуковский, Московская область, 1940–
1973 г.	Отчет № 73-281-VII. Предложения по принципам построения многопараметрической совмещенной системы измерения параметров взаимного положения ракеты и мишени и параметров траектории мишени на базе аппаратуры «Промах» для испытаний объектов на малых высотах	РГА в г.Самаре. Ф. Р-220. Оп. 6-1. Д. 875.	Рассекречено в 2018 году	Ордена Красного Знамени Летно-исследовательский институт им. М.М. Громова Министерства авиационной промышленности СССР, г. Жуковский, Московская область, 1940–
1973 г.	Отчет № 73-291-VII. Исследование системы телеуправления беспилотным самолетом на моделирующем комплексе «Вираж-1»	РГА в г.Самаре. Ф. Р-220. Оп. 6-1. Д. 876.	Рассекречено в 2018 году	Ордена Красного Знамени Летно-исследовательский институт им. М.М. Громова Министерства авиационной промышленности СССР, г. Жуковский, Московская область, 1940–
1973 г.	Отчет № 73-306-VII. Результаты исследования, доработки и испытаний бортовых и наземных накопителей, применяемых в радиометрической системе БР-44	РГА в г.Самаре. Ф. Р-220. Оп. 6-1. Д. 877.	Рассекречено в 2018 году	Ордена Красного Знамени Летно-исследовательский институт им. М.М. Громова Министерства авиационной промышленности СССР, г. Жуковский, Московская область, 1940–
1973 г.	Отчет № 73-318-VII. Методика наблюдений летающего объекта с помощью фотоастрономической установки ФАУ-3/25	РГА в г.Самаре. Ф. Р-220. Оп. 6-1. Д. 878.	Рассекречено в 2018 году	Ордена Красного Знамени Летно-исследовательский институт им. М.М. Громова Министерства авиационной промышленности СССР, г. Жуковский, Московская область, 1940–
1973 г.	Отчет № 73-351-VII. Разработка структуры и расчет основных параметров системы траекторных измерений комплекса «Звук» для определения координат низколетящих объектов, дрейфующих радиогидротелеметрических буев и плавсредств обеспечения	РГА в г.Самаре. Ф. Р-220. Оп. 6-1. Д. 879.	Рассекречено в 2018 году	Ордена Красного Знамени Летно-исследовательский институт им. М.М. Громова Министерства авиационной промышленности СССР, г. Жуковский, Московская область, 1940–
1973 г.	Отчет № 73-407-VII. Исследование алгоритма определения статистических характеристик параметров ФП (фильтров помехоподавляющих) «Висла» при работе по натурной информации	РГА в г.Самаре. Ф. Р-220. Оп. 6-1. Д. 880.	Рассекречено в 2018 году	Ордена Красного Знамени Летно-исследовательский институт им. М.М. Громова Министерства авиационной промышленности СССР, г. Жуковский, Московская область, 1940–
1973 г.	Отчет № 73-443-VII. Результаты летных исследований макета системы автоматического управления (I этап)	РГА в г.Самаре. Ф. Р-220. Оп. 6-1. Д. 881.	Рассекречено в 2018 году	Ордена Красного Знамени Летно-исследовательский институт им. М.М. Громова Министерства авиационной промышленности СССР, г. Жуковский, Московская область, 1940–
1973 г.	Отчет № 73-444-VII. Технические предложения по регистрации угловых положений приемных антенн ИС-1895 радиотелеметрической системы БРС-4	РГА в г.Самаре. Ф. Р-220. Оп. 6-1. Д. 882.	Рассекречено в 2018 году	Ордена Красного Знамени Летно-исследовательский институт им. М.М. Громова Министерства авиационной промышленности СССР, г. Жуковский, Московская область, 1940–
1973 г.	Отчет № 73-483-VII. Исследование устойчивости системы управления дальности полета орбитального самолета в атмосфере	РГА в г.Самаре. Ф. Р-220. Оп. 6-1. Д. 883.	Рассекречено в 2018 году	Ордена Красного Знамени Летно-исследовательский институт им. М.М. Громова Министерства авиационной промышленности СССР, г. Жуковский, Московская область, 1940–
1973 г.	Отчет № 73-500-VII. Оценка точностных характеристик измерительного комплекса района встречи в/ч 73570 в 1973 году (по теме IV-4-6-73 в/ч 73570)	РГА в г.Самаре. Ф. Р-220. Оп. 6-1. Д. 884.	Рассекречено в 2018 году	Ордена Красного Знамени Летно-исследовательский институт им. М.М. Громова Министерства авиационной промышленности СССР, г. Жуковский, Московская область, 1940–
1973 г.	Отчет № 73-598-VII. Летные испытания экспериментальной системы автоматической стабилизации бокового движения самолета Су-7У при разбеге и пробеге	РГА в г.Самаре. Ф. Р-220. Оп. 6-1. Д. 885.	Рассекречено в 2018 году	Ордена Красного Знамени Летно-исследовательский институт им. М.М. Громова Министерства авиационной промышленности СССР, г. Жуковский, Московская область, 1940–
1973 г.	Отчет № 73-608-VII. Оценка точности определения сглаженных значений координат и скоростей летящих объектов по данным траекторных измерений	РГА в г.Самаре. Ф. Р-220. Оп. 6-1. Д. 886.	Рассекречено в 2018 году	Ордена Красного Знамени Летно-исследовательский институт им. М.М. Громова Министерства авиационной промышленности СССР, г. Жуковский, Московская область, 1940–
1973 г.	Отчет № 73-611-VII. Исследование и оценка обзорных методов представления телеметрической информации по натурным результатам	РГА в г.Самаре. Ф. Р-220. Оп. 6-1. Д. 887.	Рассекречено в 2018 году	Ордена Красного Знамени Летно-исследовательский институт им. М.М. Громова Министерства авиационной промышленности СССР, г. Жуковский, Московская область, 1940–
1973 г.	Проект № 73-620-VII. Траекторных измерений для обеспечения испытаний РЛО (радиолокационного ответчика) системы С-300В	РГА в г.Самаре. Ф. Р-220. Оп. 6-1. Д. 888.	Рассекречено в 2018 году	Ордена Красного Знамени Летно-исследовательский институт им. М.М. Громова Министерства авиационной промышленности СССР, г. Жуковский, Московская область, 1940–
1973 г.	Отчет № 73-631-VII. По летным испытаниям комплектов лазерных измерителей угловой скорости ЛИУС на самолете Ан-24 № 804	РГА в г.Самаре. Ф. Р-220. Оп. 6-1. Д. 889.	Рассекречено в 2018 году	Ордена Красного Знамени Летно-исследовательский институт им. М.М. Громова Министерства авиационной промышленности СССР, г. Жуковский, Московская область, 1940–
1973 г.	Отчет № 73-632-VII. Теоретические исследования систем управления орбитальным самолетом, построенных по методу прогнозирования траектории	РГА в г.Самаре. Ф. Р-220. Оп. 6-1. Д. 890.	Рассекречено в 2018 году	Ордена Красного Знамени Летно-исследовательский институт им. М.М. Громова Министерства авиационной промышленности СССР, г. Жуковский, Московская область, 1940–
1973 г.	Отчет № 73-635-VII. Исследования параметров системы телеуправления беспилотным самолетом на моделирующем комплексе «Вираж-1»	РГА в г.Самаре. Ф. Р-220. Оп. 6-1. Д. 891.	Рассекречено в 2018 году	Ордена Красного Знамени Летно-исследовательский институт им. М.М. Громова Министерства авиационной промышленности СССР, г. Жуковский, Московская область, 1940–
1973 г.	Отчет № 73-650-VII. Алгоритм и программа определения характеристик аэродинамического момента в I и II плоскостях управления для симметричных ракет при отсутствии прямых измерений углов ориентации	РГА в г.Самаре. Ф. Р-220. Оп. 6-1. Д. 892.	Рассекречено в 2018 году	Ордена Красного Знамени Летно-исследовательский институт им. М.М. Громова Министерства авиационной промышленности СССР, г. Жуковский, Московская область, 1940–
1973 г.	Отчет № 73-676-VII. Разработка и ввод в опытную эксплуатацию системы автоматической передачи и обработки траекторной информации в ходе проведения летного эксперимента	РГА в г.Самаре. Ф. Р-220. Оп. 6-1. Д. 893.	Рассекречено в 2018 году	Ордена Красного Знамени Летно-исследовательский институт им. М.М. Громова Министерства авиационной промышленности СССР, г. Жуковский, Московская область, 1940–
1973 г.	Отчет № 73-694-VII. Результаты летных исследований макета системы автоматического управления беспилотным разведчиком (второй этап)	РГА в г.Самаре. Ф. Р-220. Оп. 6-1. Д. 894.	Рассекречено в 2018 году	Ордена Красного Знамени Летно-исследовательский институт им. М.М. Громова Министерства авиационной промышленности СССР, г. Жуковский, Московская область, 1940–
1973 г.	Отчет № 73-695-VII. По результатам государственных совместных летных испытаний опытных образцов бортовой системы определения параметров взаимного положения ракеты и мишени в районе их встречи (шифр «Промах») производства предприятия п/я В-8751 МРП (I этап)	РГА в г.Самаре. Ф. Р-220. Оп. 6-1. Д. 895.	Рассекречено в 2018 году	Ордена Красного Знамени Летно-исследовательский институт им. М.М. Громова Министерства авиационной промышленности СССР, г. Жуковский, Московская область, 1940–
1973 г.	Отчет № 73-718-VII. Методы применения самолетных измерительных пунктов при испытаниях авиационных комплексов вооружения	РГА в г.Самаре. Ф. Р-220. Оп. 6-1. Д. 896.	Рассекречено в 2018 году	Ордена Красного Знамени Летно-исследовательский институт им. М.М. Громова Министерства авиационной промышленности СССР, г. Жуковский, Московская область, 1940–
1973 г.	Отчет № 73-724-VII. Летные испытания макета системы автоматического управления в режимах набора высоты, снижения и маневров на самолете Су-7У № 2509	РГА в г.Самаре. Ф. Р-220. Оп. 6-1. Д. 897.	Рассекречено в 2018 году	Ордена Красного Знамени Летно-исследовательский институт им. М.М. Громова Министерства авиационной промышленности СССР, г. Жуковский, Московская область, 1940–
1973 г.	Отчет № 73-761-VII. Анализ летных исследований систем с переменной структурой при управлении короткопериодическим движением летательных аппаратов	РГА в г.Самаре. Ф. Р-220. Оп. 6-1. Д. 898.	Рассекречено в 2018 году	Ордена Красного Знамени Летно-исследовательский институт им. М.М. Громова Министерства авиационной промышленности СССР, г. Жуковский, Московская область, 1940–
1973 г.	Отчет № 73-783-VII. Автоматическое выделение орбитального самолета к месту посадки изменением углов атаки и крена	РГА в г.Самаре. Ф. Р-220. Оп. 6-1. Д. 899.	Рассекречено в 2018 году	Ордена Красного Знамени Летно-исследовательский институт им. М.М. Громова Министерства авиационной промышленности СССР, г. Жуковский, Московская область, 1940–
1973 г.	Акт № 73-302-VII. По результатам II этапа летных испытаний макета канала тангажа унифицированной системы управления для ракет-мишеней на самолете Су-7У № 2509	РГА в г.Самаре. Ф. Р-220. Оп. 6-1. Д. 900.	Рассекречено в 2018 году	Ордена Красного Знамени Летно-исследовательский институт им. М.М. Громова Министерства авиационной промышленности СССР, г. Жуковский, Московская область, 1940–
1973 г.	Акт № 73-213-VII. Летные испытания самолетного измерительного пункта Ил-18РТЛ № 401. II этап (сравнительная оценка работы штатных приемников Б-724 станций МА-9МКС и приемных устройств 9012 с существующим АФУ)	РГА в г.Самаре. Ф. Р-220. Оп. 6-1. Д. 901.	Рассекречено в 2018 году	Ордена Красного Знамени Летно-исследовательский институт им. М.М. Громова Министерства авиационной промышленности СССР, г. Жуковский, Московская область, 1940–
1973 г.	Акт № 73-497-VII. Летные испытания по отработке автоматических режимов набора высоты, снижения и маневров, выполняемых на самолете Су-7У № 2509	РГА в г.Самаре. Ф. Р-220. Оп. 6-1. Д. 902.	Рассекречено в 2018 году	Ордена Красного Знамени Летно-исследовательский институт им. М.М. Громова Министерства авиационной промышленности СССР, г. Жуковский, Московская область, 1940–
1973 г.	Акт № 73-697-VII. По результатам исследования теплозащитного покрытия типа ВШ-27Ф на плазменном стенде ВЧИ-63 (I этап)	РГА в г.Самаре. Ф. Р-220. Оп. 6-1. Д. 903.	Рассекречено в 2018 году	Ордена Красного Знамени Летно-исследовательский институт им. М.М. Громова Министерства авиационной промышленности СССР, г. Жуковский, Московская область, 1940–
1973 г.	Проект № 73-88-VII. Системы траекторный и радиотелеметрических измерений для автономных испытаний крылатой ракеты-мишени КСР-5НМ на полигоне в/ч 15650	РГА в г.Самаре. Ф. Р-220. Оп. 6-1. Д. 904.	Рассекречено в 2018 году	Ордена Красного Знамени Летно-исследовательский институт им. М.М. Громова Министерства авиационной промышленности СССР, г. Жуковский, Московская область, 1940–
1973 г.	Проект № 73-206-VII. Оборудования трассы полигона в/ч 34020 аппаратурой траекторных и радиотелеметрических измерений для обеспечения испытаний ЭРК 9К37	РГА в г.Самаре. Ф. Р-220. Оп. 6-1. Д. 905.	Рассекречено в 2018 году	Ордена Красного Знамени Летно-исследовательский институт им. М.М. Громова Министерства авиационной промышленности СССР, г. Жуковский, Московская область, 1940–
1973 г.	Дополнение к проекту № 73-469-VII. Траекторного измерительного комплекса для обеспечения испытаний ракеты «Точка-Р» на полигоне в/ч 15650	РГА в г.Самаре. Ф. Р-220. Оп. 6-1. Д. 906.	Рассекречено в 2018 году	Ордена Красного Знамени Летно-исследовательский институт им. М.М. Громова Министерства авиационной промышленности СССР, г. Жуковский, Московская область, 1940–
1973 г.	Программа № 73-20-VII. Испытаний самолетных измерительных пунктов Ид020РТ (проект)	РГА в г.Самаре. Ф. Р-220. Оп. 6-1. Д. 907.	Рассекречено в 2018 году	Ордена Красного Знамени Летно-исследовательский институт им. М.М. Громова Министерства авиационной промышленности СССР, г. Жуковский, Московская область, 1940–
1973 г.	№ 73-30-VII. Принцип построения аппаратуры и способы повышения надежности представления информации при экспресс-анализе результатов испытаний систем ПРО (противоракетной обороны) и ПСО (противосамолетной обороны)	РГА в г.Самаре. Ф. Р-220. Оп. 6-1. Д. 908.	Рассекречено в 2018 году	Ордена Красного Знамени Летно-исследовательский институт им. М.М. Громова Министерства авиационной промышленности СССР, г. Жуковский, Московская область, 1940–
1973 г.	Предложения № 73-255-VII. По оборудованию измерительной трассы полигона в/ч 34020 аппаратурой траекторных измерений для обеспечения испытаний РЛО (радиолокационного оборудования) системы С-300В	РГА в г.Самаре. Ф. Р-220. Оп. 6-1. Д. 909.	Рассекречено в 2018 году	Ордена Красного Знамени Летно-исследовательский институт им. М.М. Громова Министерства авиационной промышленности СССР, г. Жуковский, Московская область, 1940–
1973 г.	Предложение № 73-514-VII. По обеспечению испытаний экспериментальных образцов разведчика «Стриж» (изделия ВР-2)	РГА в г.Самаре. Ф. Р-220. Оп. 6-1. Д. 910.	Рассекречено в 2018 году	Ордена Красного Знамени Летно-исследовательский институт им. М.М. Громова Министерства авиационной промышленности СССР, г. Жуковский, Московская область, 1940–
1973 г.	Методика № 73-5-VII. Регистрации и дешифровки напряжения АРУ (автоматической регулировки усиления), регулировки и положения приемных антенн радиотелеметрических станций МА-9МК	РГА в г.Самаре. Ф. Р-220. Оп. 6-1. Д. 911.	Рассекречено в 2018 году	Ордена Красного Знамени Летно-исследовательский институт им. М.М. Громова Министерства авиационной промышленности СССР, г. Жуковский, Московская область, 1940–
1973 г.	Методика № 73-194-VII. Сравнительной оценки радиотелеметрических систем ВРС-4 «Орбита-ТМ» и РТС-9 при испытаниях ракеты 5Я26-31 в в/ч 03080	РГА в г.Самаре. Ф. Р-220. Оп. 6-1. Д. 912.	Рассекречено в 2018 году	Ордена Красного Знамени Летно-исследовательский институт им. М.М. Громова Министерства авиационной промышленности СССР, г. Жуковский, Московская область, 1940–
1973 г.	Методика № 73-418-VII. Определения углов атаки ракет 9МВ2 и 9МВ2М	РГА в г.Самаре. Ф. Р-220. Оп. 6-1. Д. 913.	Рассекречено в 2018 году	Ордена Красного Знамени Летно-исследовательский институт им. М.М. Громова Министерства авиационной промышленности СССР, г. Жуковский, Московская область, 1940–
1973 г.	Методика № 73-502-VII. Проведения летных испытаний макетного образца двухчастотной индукционной аппаратуры «Пролет»	РГА в г.Самаре. Ф. Р-220. Оп. 6-1. Д. 914.	Рассекречено в 2018 году	Ордена Красного Знамени Летно-исследовательский институт им. М.М. Громова Министерства авиационной промышленности СССР, г. Жуковский, Московская область, 1940–
1973 г.	№ 73-562-VII. Методика паспортизации траекторного измерительного комплекса в/ч 15650	РГА в г.Самаре. Ф. Р-220. Оп. 6-1. Д. 915.	Рассекречено в 2018 году	Ордена Красного Знамени Летно-исследовательский институт им. М.М. Громова Министерства авиационной промышленности СССР, г. Жуковский, Московская область, 1940–
1973 г.	Отчет № 73-50-VIII. Эскизный проект самолета Су-25 в части выбора состава и основных характеристик средств радиоэлектронного противодействия	РГА в г.Самаре. Ф. Р-220. Оп. 6-1. Д. 916.	Рассекречено в 2018 году	Ордена Красного Знамени Летно-исследовательский институт им. М.М. Громова Министерства авиационной промышленности СССР, г. Жуковский, Московская область, 1940–
1973 г.	Отчет № 73-174-VIII. Основные характеристики бортового оборудования авиационных средств поиска (тема «Глобус-К»)	РГА в г.Самаре. Ф. Р-220. Оп. 6-1. Д. 917.	Рассекречено в 2018 году	Ордена Красного Знамени Летно-исследовательский институт им. М.М. Громова Министерства авиационной промышленности СССР, г. Жуковский, Московская область, 1940–
1973 г.	Отчет № 73-216-VIII. По разработке бортовых антенно-фидерных устройств для телеметрической аппаратуры, устанавливаемой на ракетах «Х-29Л», «Х-29Т»	РГА в г.Самаре. Ф. Р-220. Оп. 6-1. Д. 918.	Рассекречено в 2018 году	Ордена Красного Знамени Летно-исследовательский институт им. М.М. Громова Министерства авиационной промышленности СССР, г. Жуковский, Московская область, 1940–
1973 г.	Отчет № 73-225-VIII. Результаты заводских наземных и летных испытаний аппаратуры «Береза-Л» на самолете Ан-12 № 0105	РГА в г.Самаре. Ф. Р-220. Оп. 6-1. Д. 919.	Рассекречено в 2018 году	Ордена Красного Знамени Летно-исследовательский институт им. М.М. Громова Министерства авиационной промышленности СССР, г. Жуковский, Московская область, 1940–
1973 г.	Отчет № 73-309-VIII. Оценка энергетики радиолиний МВ-ДМВ диапазона по вероятному критерию с использованием ЭВМ типа М-222	РГА в г.Самаре. Ф. Р-220. Оп. 6-1. Д. 921.	Рассекречено в 2018 году	Ордена Красного Знамени Летно-исследовательский институт им. М.М. Громова Министерства авиационной промышленности СССР, г. Жуковский, Московская область, 1940–
1973 г.	Отчет № 73-328-VIII. Совершенствование методов летных исследований и испытаний систем воздушной разведки и ударных систем «воздух-поверхность». Создание специальной мишенной обстановки и эталонированных тест-объектов	РГА в г.Самаре. Ф. Р-220. Оп. 6-1. Д. 922.	Рассекречено в 2018 году	Ордена Красного Знамени Летно-исследовательский институт им. М.М. Громова Министерства авиационной промышленности СССР, г. Жуковский, Московская область, 1940–
1973 г.	Отчет № 73-388-VIII. Исследование состояния электромагнитной совместимости бортового радиооборудования самолетов (вертолетов) ВЭС и МГА. I этап НИР «Путь»	РГА в г.Самаре. Ф. Р-220. Оп. 6-1. Д. 925.	Рассекречено в 2018 году	Ордена Красного Знамени Летно-исследовательский институт им. М.М. Громова Министерства авиационной промышленности СССР, г. Жуковский, Московская область, 1940–
1973 г.	Методика № 73-397-VIII. Летных исследований буксируемой радиолокационной ловушки на летающей лаборатории Су-7У (НИР «Буксир»)	РГА в г.Самаре. Ф. Р-220. Оп. 6-1. Д. 926.	Рассекречено в 2018 году	Ордена Красного Знамени Летно-исследовательский институт им. М.М. Громова Министерства авиационной промышленности СССР, г. Жуковский, Московская область, 1940–
1973 г.	Отчет № 73-409-VIII. Исследование возможностей создания бортового управляющего вычислителя базовых комплексов воздушной разведки БКР-1 и БКР-2	РГА в г.Самаре. Ф. Р-220. Оп. 6-1. Д. 927.	Рассекречено в 2018 году	Ордена Красного Знамени Летно-исследовательский институт им. М.М. Громова Министерства авиационной промышленности СССР, г. Жуковский, Московская область, 1940–
1973 г.	Отчет № 73-488-VIII. Алгоритмы наземной вторичной обработки радиогидроакустической информации бортовой вычислительной подсистемы «КН-П» системы «Коршун» дальнего противолодочного комплекса Ту-142М	РГА в г.Самаре. Ф. Р-220. Оп. 6-1. Д. 928.	Рассекречено в 2018 году	Ордена Красного Знамени Летно-исследовательский институт им. М.М. Громова Министерства авиационной промышленности СССР, г. Жуковский, Московская область, 1940–
1973 г.	Акт № 73-466-VIII. Отработка методики поиска и эвакуации спускаемых аппаратов комплексом поисково-эвакуационных автомашин (КПЭМ) и вертолетов	РГА в г.Самаре. Ф. Р-220. Оп. 6-1. Д. 929.	Рассекречено в 2018 году	Ордена Красного Знамени Летно-исследовательский институт им. М.М. Громова Министерства авиационной промышленности СССР, г. Жуковский, Московская область, 1940–
1973 г.	Отчет № 73-489-VIII. Разработка комплекса телеметрических антенн для самолетных измерительных пунктов (Ил-20РТ)	РГА в г.Самаре. Ф. Р-220. Оп. 6-1. Д. 930.	Рассекречено в 2018 году	Ордена Красного Знамени Летно-исследовательский институт им. М.М. Громова Министерства авиационной промышленности СССР, г. Жуковский, Московская область, 1940–
1973 г.	Отчет № 73-493-VIII. Определение характеристик обнаружения пусков ракет класса «воздух-воздух» и «земля-воздух» теплопеленгатора «Ромашка» и характеристики получения факелов двигателей ракет (НИР «Воздух», 2-й этап работы)	РГА в г.Самаре. Ф. Р-220. Оп. 6-1. Д. 931.	Рассекречено в 2018 году	Ордена Красного Знамени Летно-исследовательский институт им. М.М. Громова Министерства авиационной промышленности СССР, г. Жуковский, Московская область, 1940–
1973 г.	Отчет № 73-496-VIII. Оценка оптимальности алгоритмов вычисления координат РТС методом многократного пеленгования	РГА в г.Самаре. Ф. Р-220. Оп. 6-1. Д. 932.	Рассекречено в 2018 году	Ордена Красного Знамени Летно-исследовательский институт им. М.М. Громова Министерства авиационной промышленности СССР, г. Жуковский, Московская область, 1940–
1973 г.	Отчет № 73-505-VIII. По летным испытаниям радиосвязи самолета Ту-22М2 № 505, оборудованного радиостанциями Р-832М, КВ радиостанций Р-847Т, приемником Р-876ЭТ и магнитофоном МС-61Б	РГА в г.Самаре. Ф. Р-220. Оп. 6-1. Д. 933.	Рассекречено в 2018 году	Ордена Красного Знамени Летно-исследовательский институт им. М.М. Громова Министерства авиационной промышленности СССР, г. Жуковский, Московская область, 1940–
1973 г.	Отчет № 73-512-VIII. Исследования по обоснованию состава и структуры базового комплекса электронного оборудования вертолетов ПЛО (противолодочной обороны)	РГА в г.Самаре. Ф. Р-220. Оп. 6-1. Д. 934.	Рассекречено в 2018 году	Ордена Красного Знамени Летно-исследовательский институт им. М.М. Громова Министерства авиационной промышленности СССР, г. Жуковский, Московская область, 1940–
1973 г.	Отчет № 73-539-VIII. Результаты летных исследований ВКП (воздушного командного пункта) по теме «116», созданного на базе вертолета Ми-6 № 6009	РГА в г.Самаре. Ф. Р-220. Оп. 6-1. Д. 935.	Рассекречено в 2018 году	Ордена Красного Знамени Летно-исследовательский институт им. М.М. Громова Министерства авиационной промышленности СССР, г. Жуковский, Московская область, 1940–
1973 г.	Отчет № 73-567-VIII. Исследование электромагнитной обстановки при отработке ЭМС (электромагнитной совместимости) радиоэлектронных средств на вертолете Ми-6 № 6009 (тема 116)	РГА в г.Самаре. Ф. Р-220. Оп. 6-1. Д. 936.	Рассекречено в 2018 году	Ордена Красного Знамени Летно-исследовательский институт им. М.М. Громова Министерства авиационной промышленности СССР, г. Жуковский, Московская область, 1940–
1973 г.	Отчет № 73-645-VIII. По результатам анализа электромагнитной совместимости связного навигационного радиооборудования самолета Ил-86	РГА в г.Самаре. Ф. Р-220. Оп. 6-1. Д. 937.	Рассекречено в 2018 году	Ордена Красного Знамени Летно-исследовательский институт им. М.М. Громова Министерства авиационной промышленности СССР, г. Жуковский, Московская область, 1940–
1973 г.	Отчет № 73-658-VIII. Отработка рекомендаций по грозозащите и борьбе с электростатическими зарядами на самолете Як-36М	РГА в г.Самаре. Ф. Р-220. Оп. 6-1. Д. 938.	Рассекречено в 2018 году	Ордена Красного Знамени Летно-исследовательский институт им. М.М. Громова Министерства авиационной промышленности СССР, г. Жуковский, Московская область, 1940–
1973 г.	Отчет № 73-665-VIII. Летные исследования по определению дальности визуального обнаружения и опознавания наземных целей с малых высот	РГА в г.Самаре. Ф. Р-220. Оп. 6-1. Д. 939.	Рассекречено в 2018 году	Ордена Красного Знамени Летно-исследовательский институт им. М.М. Громова Министерства авиационной промышленности СССР, г. Жуковский, Московская область, 1940–
1973 г.	Отчет № 73-677-VIII. Летные исследования условий обнаружения и опознавания минного поля средствами аэрофоторазрядки (этап 1)	РГА в г.Самаре. Ф. Р-220. Оп. 6-1. Д. 940.	Рассекречено в 2018 году	Ордена Красного Знамени Летно-исследовательский институт им. М.М. Громова Министерства авиационной промышленности СССР, г. Жуковский, Московская область, 1940–
1973 г.	Отчет № 73-688-VIII. Результаты макетных исследований некоторых типов перспективных бортовых АФС (антенно-фидерных систем) КВ-СВ диапазонов	РГА в г.Самаре. Ф. Р-220. Оп. 6-1. Д. 941.	Рассекречено в 2018 году	Ордена Красного Знамени Летно-исследовательский институт им. М.М. Громова Министерства авиационной промышленности СССР, г. Жуковский, Московская область, 1940–
1973 г.	Отчет № 73-692-VIII. Исследование путей создания не выступающих самолетных коротковолновых антенн щелевого питания с повышенным сопротивлением излучения	РГА в г.Самаре. Ф. Р-220. Оп. 6-1. Д. 942.	Рассекречено в 2018 году	Ордена Красного Знамени Летно-исследовательский институт им. М.М. Громова Министерства авиационной промышленности СССР, г. Жуковский, Московская область, 1940–
1973 г.	Отчет № 73-704-VIII. Исследование работоспособности и эффективности самолетных противолодочных комплексов (СПЛК) при решении основных тактических задач на этапе отработки. Часть 1. Показатели и методы оценки работоспособности СПЛК	РГА в г.Самаре. Ф. Р-220. Оп. 6-1. Д. 944.	Рассекречено в 2018 году	Ордена Красного Знамени Летно-исследовательский институт им. М.М. Громова Министерства авиационной промышленности СССР, г. Жуковский, Московская область, 1940–
1973 г.	Отчет № 73-721-VIII. Исследование по созданию комбинированной КВ антенны с повышенной эффективностью низколетящих самолетов	РГА в г.Самаре. Ф. Р-220. Оп. 6-1. Д. 945.	Рассекречено в 2018 году	Ордена Красного Знамени Летно-исследовательский институт им. М.М. Громова Министерства авиационной промышленности СССР, г. Жуковский, Московская область, 1940–
1973 г.	Отчет № 73-728-VIII. Исследование и создание малогабаритных эффективных вибраторных антенн для КВ, СВ, ДВ и СДВ диапазонов на базе использования ферритовых материалов	РГА в г.Самаре. Ф. Р-220. Оп. 6-1. Д. 946.	Рассекречено в 2018 году	Ордена Красного Знамени Летно-исследовательский институт им. М.М. Громова Министерства авиационной промышленности СССР, г. Жуковский, Московская область, 1940–
1973 г.	Отчет № 73-734-VIII. Летные исследования возможностей электронно-оптической системы стабилизации изображения Dynalens модели SO-60 при аэрофотосъемке с вертолета	РГА в г.Самаре. Ф. Р-220. Оп. 6-1. Д. 947.	Рассекречено в 2018 году	Ордена Красного Знамени Летно-исследовательский институт им. М.М. Громова Министерства авиационной промышленности СССР, г. Жуковский, Московская область, 1940–
1973 г.	Отчет № 73-737-VIII. Автоматический самолетный рентгенометр «Эфир-I» (аванпроект)	РГА в г.Самаре. Ф. Р-220. Оп. 6-1. Д. 948.	Рассекречено в 2018 году	Ордена Красного Знамени Летно-исследовательский институт им. М.М. Громова Министерства авиационной промышленности СССР, г. Жуковский, Московская область, 1940–
1973 г.	Отчет № 73-745-VIII. Летные исследования боевых систем в процессе заводских и совместных испытаний	РГА в г.Самаре. Ф. Р-220. Оп. 6-1. Д. 949.	Рассекречено в 2018 году	Ордена Красного Знамени Летно-исследовательский институт им. М.М. Громова Министерства авиационной промышленности СССР, г. Жуковский, Московская область, 1940–
1973 г.	Отчет № 73-765-VIII. Исследование пассивных методов определения координат источников радиосигнала, основанных на законе изменения фазы выходного сигнала подвижного радиоинтерферометра	РГА в г.Самаре. Ф. Р-220. Оп. 6-1. Д. 950.	Рассекречено в 2018 году	Ордена Красного Знамени Летно-исследовательский институт им. М.М. Громова Министерства авиационной промышленности СССР, г. Жуковский, Московская область, 1940–
1973 г.	Отчет № 73-767-VIII. Прогнозирование электромагнитной обстановки на самолете «ЗМ», оборудованном средствами радиопротиводействия	РГА в г.Самаре. Ф. Р-220. Оп. 6-1. Д. 951.	Рассекречено в 2018 году	Ордена Красного Знамени Летно-исследовательский институт им. М.М. Громова Министерства авиационной промышленности СССР, г. Жуковский, Московская область, 1940–
1973 г.	Акт № 73-16-VIII. Результаты наземных и летных исследований коротковолновой не выступающей антенны емкостного типа размещенной в носке киля	РГА в г.Самаре. Ф. Р-220. Оп. 6-1. Д. 952.	Рассекречено в 2018 году	Ордена Красного Знамени Летно-исследовательский институт им. М.М. Громова Министерства авиационной промышленности СССР, г. Жуковский, Московская область, 1940–
1973 г.	Акт № 73-41-VIII. О проведении летных исследований по возможности обнаружения пожаров с помощью ИК аппаратуры «Темп» (работа выполнена по заданию Главного штаба ВВС)	РГА в г.Самаре. Ф. Р-220. Оп. 6-1. Д. 953.	Рассекречено в 2018 году	Ордена Красного Знамени Летно-исследовательский институт им. М.М. Громова Министерства авиационной промышленности СССР, г. Жуковский, Московская область, 1940–
1973 г.	Акт № 73-53-VIII. По исследованиям коротковолновой антенны, размещенной в носке киля самолета, в диапазоне частот радиостанции «Журавль К»	РГА в г.Самаре. Ф. Р-220. Оп. 6-1. Д. 954.	Рассекречено в 2018 году	Ордена Красного Знамени Летно-исследовательский институт им. М.М. Громова Министерства авиационной промышленности СССР, г. Жуковский, Московская область, 1940–
1973 г.	Акт № 73-85-VIII. По результатам летных испытаний РЛСБО (радиолокационной станции бокового обзора) «Сабля» с модернизированными блоками УА-2 и УП на самолете МиГ-25Р № 020304 (Этап главного конструктора)	РГА в г.Самаре. Ф. Р-220. Оп. 6-1. Д. 955.	Рассекречено в 2018 году	Ордена Красного Знамени Летно-исследовательский институт им. М.М. Громова Министерства авиационной промышленности СССР, г. Жуковский, Московская область, 1940–
1973 г.	Акт № 73-116-VIII. По отработке рекомендаций по грозозащите и борьбе с электростатическими зарядами на самолете Ан-124	РГА в г.Самаре. Ф. Р-220. Оп. 6-1. Д. 956.	Рассекречено в 2018 году	Ордена Красного Знамени Летно-исследовательский институт им. М.М. Громова Министерства авиационной промышленности СССР, г. Жуковский, Московская область, 1940–
1973 г.	Акт № 73-117-VIII. Отработка рекомендаций по грозозащите и борьбе с электростатическими зарядами на самолетах Бе-12 и Бе-30	РГА в г.Самаре. Ф. Р-220. Оп. 6-1. Д. 957.	Рассекречено в 2018 году	Ордена Красного Знамени Летно-исследовательский институт им. М.М. Громова Министерства авиационной промышленности СССР, г. Жуковский, Московская область, 1940–
1973 г.	Акт № 73-121-VIII. По результатам наземной отработки первого опытного образца воздушного командного пункта по теме 118, оборудованного на вертолете Ми-8 № 2764	РГА в г.Самаре. Ф. Р-220. Оп. 6-1. Д. 958.	Рассекречено в 2018 году	Ордена Красного Знамени Летно-исследовательский институт им. М.М. Громова Министерства авиационной промышленности СССР, г. Жуковский, Московская область, 1940–
1973 г.	Акт № 73-130-VIII. О результатах летных испытаний макетного образца аэрофотоаппарата А-76 системы воздушной разведки «Рапира»	РГА в г.Самаре. Ф. Р-220. Оп. 6-1. Д. 959.	Рассекречено в 2018 году	Ордена Красного Знамени Летно-исследовательский институт им. М.М. Громова Министерства авиационной промышленности СССР, г. Жуковский, Московская область, 1940–
1973 г.	Акт № 73-144-VIII. По отработке телеметрической антенно-фидерной системы самолетного измерительного пункта Ил-18 № 401 (приложение к акту № 72-824-VIII)	РГА в г.Самаре. Ф. Р-220. Оп. 6-1. Д. 960.	Рассекречено в 2018 году	Ордена Красного Знамени Летно-исследовательский институт им. М.М. Громова Министерства авиационной промышленности СССР, г. Жуковский, Московская область, 1940–
1973 г.	Акт № 73-159-VIII. По наземным испытаниям антенн МВ-ДМВ диапазонов, установленных на вертолете Ми-6 № 6009, оборудованном по теме «116»	РГА в г.Самаре. Ф. Р-220. Оп. 6-1. Д. 961.	Рассекречено в 2018 году	Ордена Красного Знамени Летно-исследовательский институт им. М.М. Громова Министерства авиационной промышленности СССР, г. Жуковский, Московская область, 1940–
1973 г.	Акт № 73-182-VIII. Предварительных летных исследований эргономических характеристик образцов защитного шлема ЗШ-5А с макетами нашлемного визира кабинного комплекса целеуказания (дополнение к аванпроекту по НИР «Мысль»)	РГА в г.Самаре. Ф. Р-220. Оп. 6-1. Д. 962.	Рассекречено в 2018 году	Ордена Красного Знамени Летно-исследовательский институт им. М.М. Громова Министерства авиационной промышленности СССР, г. Жуковский, Московская область, 1940–
1973 г.	Акт № 73-258-VIII. Летные исследования по определению коэффициентов усиления глиссадных и навигационно-курсовых антенн	РГА в г.Самаре. Ф. Р-220. Оп. 6-1. Д. 963.	Рассекречено в 2018 году	Ордена Красного Знамени Летно-исследовательский институт им. М.М. Громова Министерства авиационной промышленности СССР, г. Жуковский, Московская область, 1940–
1973 г.	Акт № 73-310-VIII. Результаты макетных исследований приемной бортовой антенны плоскоемкостного типа	РГА в г.Самаре. Ф. Р-220. Оп. 6-1. Д. 964.	Рассекречено в 2018 году	Ордена Красного Знамени Летно-исследовательский институт им. М.М. Громова Министерства авиационной промышленности СССР, г. Жуковский, Московская область, 1940–
1973 г.	Акт № 73-359-VIII. По наземной отработке магнитоводно-щелевой КВ антенны к радиостанции «Призма-П» с серийным согласующим устройством на самолете Ту-22М	РГА в г.Самаре. Ф. Р-220. Оп. 6-1. Д. 965.	Рассекречено в 2018 году	Ордена Красного Знамени Летно-исследовательский институт им. М.М. Громова Министерства авиационной промышленности СССР, г. Жуковский, Московская область, 1940–
1973 г.	Акт № 73-392-VIII. Летные исследования по определению возможности применения прибора ночного видения ННП-20М для наблюдения за объектами и земной поверхностью с вертолета Ми-4 в сумеречное и ночное время	РГА в г.Самаре. Ф. Р-220. Оп. 6-1. Д. 966.	Рассекречено в 2018 году	Ордена Красного Знамени Летно-исследовательский институт им. М.М. Громова Министерства авиационной промышленности СССР, г. Жуковский, Московская область, 1940–
1973 г.	Акт № 73-452-VIII. Летные исследования влияния собственной газовой струи самолета-носителя на работу ТГС Т4САl	РГА в г.Самаре. Ф. Р-220. Оп. 6-1. Д. 967.	Рассекречено в 2018 году	Ордена Красного Знамени Летно-исследовательский институт им. М.М. Громова Министерства авиационной промышленности СССР, г. Жуковский, Московская область, 1940–
1973 г.	Акт № 73-528-VIII. Заводских летных испытаний ночного аэрофотоаппарата НА-Я-8 с электроосветительной установкой «Явор-8» на самолете Ту-22Р № 2005	РГА в г.Самаре. Ф. Р-220. Оп. 6-1. Д. 968.	Рассекречено в 2018 году	Ордена Красного Знамени Летно-исследовательский институт им. М.М. Громова Министерства авиационной промышленности СССР, г. Жуковский, Московская область, 1940–
1973 г.	Акт № 73-537-VIII. По результатам летных исследований работоспособности индикатора зон электризации и грозовых фронтов в сложных метеорологических условиях с высокой грузовой активностью	РГА в г.Самаре. Ф. Р-220. Оп. 6-1. Д. 969.	Рассекречено в 2018 году	Ордена Красного Знамени Летно-исследовательский институт им. М.М. Громова Министерства авиационной промышленности СССР, г. Жуковский, Московская область, 1940–
1973 г.	Акт № 73-560-VIII. Результаты наземных и летных исследований путей повышения эффективности коротковолновой невыступающей антенны, расположенной в носке киля самолета (антенны типа АВН-К)	РГА в г.Самаре. Ф. Р-220. Оп. 6-1. Д. 970.	Рассекречено в 2018 году	Ордена Красного Знамени Летно-исследовательский институт им. М.М. Громова Министерства авиационной промышленности СССР, г. Жуковский, Московская область, 1940–
1973 г.	Акт № 73-574-VIII. По наземной и предварительной летной отработке магнитоводно-щелевой антенны к радиостанции «призма» с автоматическим согласующим устройством на самолете Ту-22М № 505	РГА в г.Самаре. Ф. Р-220. Оп. 6-1. Д. 971.	Рассекречено в 2018 году	Ордена Красного Знамени Летно-исследовательский институт им. М.М. Громова Министерства авиационной промышленности СССР, г. Жуковский, Московская область, 1940–
1973 г.	Акт № 73-703-VIII. По наземным испытаниям комплекса антенн УКВ радиосвязи для самолетов командного пункта на самолете Ил-20 (тема ПУ)	РГА в г.Самаре. Ф. Р-220. Оп. 6-1. Д. 972.	Рассекречено в 2018 году	Ордена Красного Знамени Летно-исследовательский институт им. М.М. Громова Министерства авиационной промышленности СССР, г. Жуковский, Московская область, 1940–
1973 г.	Акт № 73-766-VIII. По результатам летных исследований визуальной дальности обнаружения наземных целей в ночное время на вертолете Ми-4 № 1585	РГА в г.Самаре. Ф. Р-220. Оп. 6-1. Д. 973.	Рассекречено в 2018 году	Ордена Красного Знамени Летно-исследовательский институт им. М.М. Громова Министерства авиационной промышленности СССР, г. Жуковский, Московская область, 1940–
1973 г.	Методика № 73-99-VIII. Оценки ЭМС (электромагнитной совместимости) комплекса средств связи и штатного радиооборудования, установленного на ВКП (тема 11, 116, 118)	РГА в г.Самаре. Ф. Р-220. Оп. 6-1. Д. 974.	Рассекречено в 2018 году	Ордена Красного Знамени Летно-исследовательский институт им. М.М. Громова Министерства авиационной промышленности СССР, г. Жуковский, Московская область, 1940–
1973 г.	Методика № 73-140-VIII. Летных испытаний и оценки основных характеристик РЛС бокового обзора «Сабля» на разведывательном варианте самолета Т-4 (машина № 102)	РГА в г.Самаре. Ф. Р-220. Оп. 6-1. Д. 975.	Рассекречено в 2018 году	Ордена Красного Знамени Летно-исследовательский институт им. М.М. Громова Министерства авиационной промышленности СССР, г. Жуковский, Московская область, 1940–
1973 г.	№ 73-344-VIII. Временная методика расчетной оценки величин ЭДС (электродвижущей силы), наводимых в электрорадиопроводке изделия под воздействием внешнего электромагнитного импульса	РГА в г.Самаре. Ф. Р-220. Оп. 6-1. Д. 976.	Рассекречено в 2018 году	Ордена Красного Знамени Летно-исследовательский институт им. М.М. Громова Министерства авиационной промышленности СССР, г. Жуковский, Московская область, 1940–
1973 г.	Аванпроект № 73-271-VIII. По выбору и размещению бортовых антенн на самолете Як-42	РГА в г.Самаре. Ф. Р-220. Оп. 6-1. Д. 977.	Рассекречено в 2018 году	Ордена Красного Знамени Летно-исследовательский институт им. М.М. Громова Министерства авиационной промышленности СССР, г. Жуковский, Московская область, 1940–
1973 г.	Аванпроект № 73-311-VIII. По выбору типов и размещению антенных устройств для связной и навигационной аппаратуры самолета Т-20Б	РГА в г.Самаре. Ф. Р-220. Оп. 6-1. Д. 978.	Рассекречено в 2018 году	Ордена Красного Знамени Летно-исследовательский институт им. М.М. Громова Министерства авиационной промышленности СССР, г. Жуковский, Московская область, 1940–
1973 г.	Технический акт № 73-24-VIII. Летные испытания антенно-фидерных устройств для радиостанции Р-111, установленных на вертолетах Ми-8 и Ми-6 (Тема «116» и «118»). Заказ № 400821	РГА в г.Самаре. Ф. Р-220. Оп. 6-1. Д. 979.	Рассекречено в 2018 году	Ордена Красного Знамени Летно-исследовательский институт им. М.М. Громова Министерства авиационной промышленности СССР, г. Жуковский, Московская область, 1940–
1973 г.	Технический проект № 73-756-VIII. Бортовые антенно-фидерные устройства и аппаратура автономной системы для обеспечения встречи и привода самолетов (шифр «Печора»). Раздел: Предварительные летные исследования. Книга 4	РГА в г.Самаре. Ф. Р-220. Оп. 6-1. Д. 980.	Рассекречено в 2018 году	Ордена Красного Знамени Летно-исследовательский институт им. М.М. Громова Министерства авиационной промышленности СССР, г. Жуковский, Московская область, 1940–
1973 г.	№ 73-136-VIII. Техническое задание на разработку инфракрасной (тепловой) системы разведки для комплекса «Крыло-1»	РГА в г.Самаре. Ф. Р-220. Оп. 6-1. Д. 981.	Рассекречено в 2018 году	Ордена Красного Знамени Летно-исследовательский институт им. М.М. Громова Министерства авиационной промышленности СССР, г. Жуковский, Московская область, 1940–
1973 г.	Техническое задание № 73-386-VIII. На оборудование летающей лаборатории Ан-26К на базе самолета Ан-26 для обработки прицельной системы «Кайра»	РГА в г.Самаре. Ф. Р-220. Оп. 6-1. Д. 982.	Рассекречено в 2018 году	Ордена Красного Знамени Летно-исследовательский институт им. М.М. Громова Министерства авиационной промышленности СССР, г. Жуковский, Московская область, 1940–
1973 г.	Рекомендации № 73-506-VIII. По выбору типов и размещению антенн радиостанций «Бивень» и размещению антенны спутниковой связи для системы правительственной связи «Кавказ-3» на самолете Ту-154	РГА в г.Самаре. Ф. Р-220. Оп. 6-1. Д. 983.	Рассекречено в 2018 году	Ордена Красного Знамени Летно-исследовательский институт им. М.М. Громова Министерства авиационной промышленности СССР, г. Жуковский, Московская область, 1940–
1973 г.	Рекомендации № 73-508-VIII. По выбору типов и размещению антенн радиостанций «Бивень» для системы правительственной связи «Кавказ-3» на самолете Як-40	РГА в г.Самаре. Ф. Р-220. Оп. 6-1. Д. 984.	Рассекречено в 2018 году	Ордена Красного Знамени Летно-исследовательский институт им. М.М. Громова Министерства авиационной промышленности СССР, г. Жуковский, Московская область, 1940–
1973 г.	Рекомендации № 73-509-VIII. По выбору типов и размещению радиостанций «Бивень» для системы правительственной связи «Кавказ-3» на вертолете Ми-8 (ми-14)	РГА в г.Самаре. Ф. Р-220. Оп. 6-1. Д. 985.	Рассекречено в 2018 году	Ордена Красного Знамени Летно-исследовательский институт им. М.М. Громова Министерства авиационной промышленности СССР, г. Жуковский, Московская область, 1940–
1973 г.	Рекомендации № 73-510-VIII. По выбору типа и размещению антенн радиостанций «Бивень» для системы правительственной связи «Кавказ-3» на самолете Ту-134А	РГА в г.Самаре. Ф. Р-220. Оп. 6-1. Д. 986.	Рассекречено в 2018 году	Ордена Красного Знамени Летно-исследовательский институт им. М.М. Громова Министерства авиационной промышленности СССР, г. Жуковский, Московская область, 1940–
1973 г.	№ 73-709-VIII. Рекомендации по выбору длины, диаметра троса и толщины тонкопроводящего слоя СДВ выпускной антенны, устанавливаемой на самолете-ретрансляторе ТУ-142МБ (тема «Орел»)	РГА в г.Самаре. Ф. Р-220. Оп. 6-1. Д. 987.	Рассекречено в 2018 году	Ордена Красного Знамени Летно-исследовательский институт им. М.М. Громова Министерства авиационной промышленности СССР, г. Жуковский, Московская область, 1940–
1973 г.	Эскизный проект № 73-646-VIII. Комплекса антенн КВ и УКВ радиосвязи для самолетного командного пункта Ил-20 (тема IIV)	РГА в г.Самаре. Ф. Р-220. Оп. 6-1. Д. 988.	Рассекречено в 2018 году	Ордена Красного Знамени Летно-исследовательский институт им. М.М. Громова Министерства авиационной промышленности СССР, г. Жуковский, Московская область, 1940–
1973 г.	Эскизный проект № 73-701-VIII. Радиотехническая система поиска модели «Бор-4»	РГА в г.Самаре. Ф. Р-220. Оп. 6-1. Д. 989.	Рассекречено в 2018 году	Ордена Красного Знамени Летно-исследовательский институт им. М.М. Громова Министерства авиационной промышленности СССР, г. Жуковский, Московская область, 1940–
1973 г.	Отчет № 73-23-Ф. Возможные типы и схемы размещения антенн радиостанций «Журавль-30», «Журавль-К» и СВ радиокомпаса АРК-72 на самолете Т-10	РГА в г.Самаре. Ф. Р-220. Оп. 6-1. Д. 990.	Рассекречено в 2018 году	Ордена Красного Знамени Летно-исследовательский институт им. М.М. Громова Министерства авиационной промышленности СССР, г. Жуковский, Московская область, 1940–
1973 г.	Отчет № 73-131-Ф. Материалы к проекту системы бортовых измерений комплекса С-155-МП	РГА в г.Самаре. Ф. Р-220. Оп. 6-1. Д. 991.	Рассекречено в 2018 году	Ордена Красного Знамени Летно-исследовательский институт им. М.М. Громова Министерства авиационной промышленности СССР, г. Жуковский, Московская область, 1940–
1973 г.	Отчет № 73-283-Ф. Анализ распределения стоимости комплектующих изделий бортового оборудования на самолетах Ту-22М, Т-58М и МиГ-23	РГА в г.Самаре. Ф. Р-220. Оп. 6-1. Д. 992.	Рассекречено в 2018 году	Ордена Красного Знамени Летно-исследовательский институт им. М.М. Громова Министерства авиационной промышленности СССР, г. Жуковский, Московская область, 1940–
1973 г.	Отчет № 73-393-Ф. Материалы по термоизмерениями на изделия «103»	РГА в г.Самаре. Ф. Р-220. Оп. 6-1. Д. 993.	Рассекречено в 2018 году	Ордена Красного Знамени Летно-исследовательский институт им. М.М. Громова Министерства авиационной промышленности СССР, г. Жуковский, Московская область, 1940–
1973 г.	Отчет № 73-431-Ф. Сравнительный анализ весовых характеристик отечественного и зарубежного бортового оборудования самолетов и вертолетов	РГА в г.Самаре. Ф. Р-220. Оп. 6-1. Д. 994.	Рассекречено в 2018 году	Ордена Красного Знамени Летно-исследовательский институт им. М.М. Громова Министерства авиационной промышленности СССР, г. Жуковский, Московская область, 1940–
1973 г.	Отчет № 73-499-Ф. Выбор мест размещения антенн связных радиостанций и АРК-15 на проектируемом самолете Т-8	РГА в г.Самаре. Ф. Р-220. Оп. 6-1. Д. 995.	Рассекречено в 2018 году	Ордена Красного Знамени Летно-исследовательский институт им. М.М. Громова Министерства авиационной промышленности СССР, г. Жуковский, Московская область, 1940–
1973 г.	Отчет № 73-769-Ф. Разработка критериев оценки стойкости изделий электронной техники и электротехники к воздействию ЭМИ ядерного взрыва (тема НИР «Модель-2»)	РГА в г.Самаре. Ф. Р-220. Оп. 6-1. Д. 996.	Рассекречено в 2018 году	Ордена Красного Знамени Летно-исследовательский институт им. М.М. Громова Министерства авиационной промышленности СССР, г. Жуковский, Московская область, 1940–
1973 г.	Отчет № 73-797-Ф. Проект системы бортовых измерений комплекса Т-4. Самолет «102», бесконтейнерный вариант	РГА в г.Самаре. Ф. Р-220. Оп. 6-1. Д. 997.	Рассекречено в 2018 году	Ордена Красного Знамени Летно-исследовательский институт им. М.М. Громова Министерства авиационной промышленности СССР, г. Жуковский, Московская область, 1940–
1973 г.	Отчет № 73-36-IX. Результаты летных исследований опытного образца комбинированного прибора атаки и перегрузки УУАР-72 на самолете МиГ-23УБ № 251	РГА в г.Самаре. Ф. Р-220. Оп. 6-1. Д. 998.	Рассекречено в 2018 году	Ордена Красного Знамени Летно-исследовательский институт им. М.М. Громова Министерства авиационной промышленности СССР, г. Жуковский, Московская область, 1940–
1973 г.	Отчет № 73-56-IX. Исследование на электронно-вычислительной модели автоматического увода самолета МиГ-23 с опасной высоты	РГА в г.Самаре. Ф. Р-220. Оп. 6-1. Д. 999.	Рассекречено в 2018 году	Ордена Красного Знамени Летно-исследовательский институт им. М.М. Громова Министерства авиационной промышленности СССР, г. Жуковский, Московская область, 1940–
1973 г.	Отчет № 73-79-IX. По летным испытаниям лазерных гироскопов ЛГК-2, ЛГК-4 («Крен-1») на самолете Ту-104 № 1303	РГА в г.Самаре. Ф. Р-220. Оп. 6-1. Д. 1000.	Рассекречено в 2018 году	Ордена Красного Знамени Летно-исследовательский институт им. М.М. Громова Министерства авиационной промышленности СССР, г. Жуковский, Московская область, 1940–
1973 г.	Отчет № 73-106-IX. Методика расчета характеристик надежности навигационных пилотажных систем методом статистического моделирования	РГА в г.Самаре. Ф. Р-220. Оп. 6-1. Д. 1001.	Рассекречено в 2018 году	Ордена Красного Знамени Летно-исследовательский институт им. М.М. Громова Министерства авиационной промышленности СССР, г. Жуковский, Московская область, 1940–
1973 г.	Отчет № 73-133-IX. Моделирование блока малых высот с управлением по сигналу радиовысотомера для летающей лаборатории СЛ-15Р № С711 при детерминированных воздействиях	РГА в г.Самаре. Ф. Р-220. Оп. 6-1. Д. 1002.	Рассекречено в 2018 году	Ордена Красного Знамени Летно-исследовательский институт им. М.М. Громова Министерства авиационной промышленности СССР, г. Жуковский, Московская область, 1940–
1973 г.	Отчет № 73-193-IX. Предложения по разработке специального вычислителя команд траекторного управления при заходе на посадку и посадке на малооборудованные аэродромы	РГА в г.Самаре. Ф. Р-220. Оп. 6-1. Д. 1003.	Рассекречено в 2018 году	Ордена Красного Знамени Летно-исследовательский институт им. М.М. Громова Министерства авиационной промышленности СССР, г. Жуковский, Московская область, 1940–
1973 г.	Отчет № 73-223-IX. Лабораторные и летные исследования автомата продольной управляемости базовой системы автоматического управления истребителем (САУ-БИ) на самолете – летающей лаборатории МиГ-23 № 303	РГА в г.Самаре. Ф. Р-220. Оп. 6-1. Д. 1004.	Рассекречено в 2018 году	Ордена Красного Знамени Летно-исследовательский институт им. М.М. Громова Министерства авиационной промышленности СССР, г. Жуковский, Московская область, 1940–
1973 г.	Отчет № 73-280-IX. Исследование технической эффективности средств навигации при решении задачи выхода в зону возможных атак наземных целей с применением визуальных средств их обнаружения	РГА в г.Самаре. Ф. Р-220. Оп. 6-1. Д. 1005.	Рассекречено в 2018 году	Ордена Красного Знамени Летно-исследовательский институт им. М.М. Громова Министерства авиационной промышленности СССР, г. Жуковский, Московская область, 1940–
1973 г.	Отчет № 73-302-IX. Выбор структуры и параметров контура отработки вертикальной перегрузки для самолета с изменяемой геометрией крыла (типа МиГ-23) на ЭВМ «Электрон»	РГА в г.Самаре. Ф. Р-220. Оп. 6-1. Д. 1006.	Рассекречено в 2018 году	Ордена Красного Знамени Летно-исследовательский институт им. М.М. Громова Министерства авиационной промышленности СССР, г. Жуковский, Московская область, 1940–
1973 г.	Отчет № 73-303-IX. Моделирование блока малых высот с управлением по сигналу радиовысотомера для летающей лаборатории СЛ-15Р № 0711 при случайных возмущениях	РГА в г.Самаре. Ф. Р-220. Оп. 6-1. Д. 1007.	Рассекречено в 2018 году	Ордена Красного Знамени Летно-исследовательский институт им. М.М. Громова Министерства авиационной промышленности СССР, г. Жуковский, Московская область, 1940–
1973 г.	Отчет № 73-392-IX. Обработка материалов летных испытаний астроинерциальной навигационной системы Л-11 с помощью программы диагностики ошибок. Методика обработки и анализ результатов	РГА в г.Самаре. Ф. Р-220. Оп. 6-1. Д. 1008.	Рассекречено в 2018 году	Ордена Красного Знамени Летно-исследовательский институт им. М.М. Громова Министерства авиационной промышленности СССР, г. Жуковский, Московская область, 1940–
1973 г.	Отчет № 73-336-IX. Предварительные результаты исследований по выбору структуры закона управления боковым движением самолетов-истребителей при заходе на посадку для системы САУ-БИ	РГА в г.Самаре. Ф. Р-220. Оп. 6-1. Д. 1009.	Рассекречено в 2018 году	Ордена Красного Знамени Летно-исследовательский институт им. М.М. Громова Министерства авиационной промышленности СССР, г. Жуковский, Московская область, 1940–
1973 г.	Отчет № 73-375-IX. Анализ структур инерциальных систем применительно к базовым навигационным комплексам	РГА в г.Самаре. Ф. Р-220. Оп. 6-1. Д. 1010.	Рассекречено в 2018 году	Ордена Красного Знамени Летно-исследовательский институт им. М.М. Громова Министерства авиационной промышленности СССР, г. Жуковский, Московская область, 1940–
1973 г.	Отчет № 73-326-IX. Результаты предварительного моделирования блока контроля и увода от земли при полете на малых высотах с различными источниками информации о вертикальной скорости (применительно к самолету Са-15Р)	РГА в г.Самаре. Ф. Р-220. Оп. 6-1. Д. 1011.	Рассекречено в 2018 году	Ордена Красного Знамени Летно-исследовательский институт им. М.М. Громова Министерства авиационной промышленности СССР, г. Жуковский, Московская область, 1940–
1973 г.	Отчет № 73-377-IX. Исследование информационной части системы автоматического управления полетом на малой геометрической высоте	РГА в г.Самаре. Ф. Р-220. Оп. 6-1. Д. 1012.	Рассекречено в 2018 году	Ордена Красного Знамени Летно-исследовательский институт им. М.М. Громова Министерства авиационной промышленности СССР, г. Жуковский, Московская область, 1940–
1973 г.	Отчет № 73-381-IX. Руководящий технический материал для предполетной ориентации в азимуте курсовертикалей, курсовых и инерциальных систем (II редакция)	РГА в г.Самаре. Ф. Р-220. Оп. 6-1. Д. 1013.	Рассекречено в 2018 году	Ордена Красного Знамени Летно-исследовательский институт им. М.М. Громова Министерства авиационной промышленности СССР, г. Жуковский, Московская область, 1940–
1973 г.	Отчет № 73-309-IX. Моделирование блока малых высот (БМВ) для САУ-БИ с использованием сигналов радиовысотомера и угла тангажа для летающей лаборатории СЛ-15Р № 0711 на разных скоростях полета	РГА в г.Самаре. Ф. Р-220. Оп. 6-1. Д. 1014.	Рассекречено в 2018 году	Ордена Красного Знамени Летно-исследовательский институт им. М.М. Громова Министерства авиационной промышленности СССР, г. Жуковский, Московская область, 1940–
1973 г.	Отчет № 73-419-IX. Летные исследования автомата продольной управляемости базовой системы автоматического управления истребителем (САУ-БИ) на самолете-летающей лаборатории Т-58 (СЛ-15Р) № 0711	РГА в г.Самаре. Ф. Р-220. Оп. 6-1. Д. 1015.	Рассекречено в 2018 году	Ордена Красного Знамени Летно-исследовательский институт им. М.М. Громова Министерства авиационной промышленности СССР, г. Жуковский, Московская область, 1940–
1973 г.	Отчет № 73-472-IX. Материалы изучения кабины экипажа самолета F-ША	РГА в г.Самаре. Ф. Р-220. Оп. 6-1. Д. 1016.	Рассекречено в 2018 году	Ордена Красного Знамени Летно-исследовательский институт им. М.М. Громова Министерства авиационной промышленности СССР, г. Жуковский, Московская область, 1940–
1973 г.	Отчет № 73-461-IX. Результаты лабораторных и летных исследований системы автоматической посадки самолетов-истребителей фронтовой авиации в вертикальной плоскости в режимах автоматического выравнивания и приземления	РГА в г.Самаре. Ф. Р-220. Оп. 6-1. Д. 1017.	Рассекречено в 2018 году	Ордена Красного Знамени Летно-исследовательский институт им. М.М. Громова Министерства авиационной промышленности СССР, г. Жуковский, Московская область, 1940–
1973 г.	Отчет № 73-487-IX. Летная оценка сигнализации выхода самолета на опасные по £ и Nу режимы полета при маневренности в воздушном бою	РГА в г.Самаре. Ф. Р-220. Оп. 6-1. Д. 1018.	Рассекречено в 2018 году	Ордена Красного Знамени Летно-исследовательский институт им. М.М. Громова Министерства авиационной промышленности СССР, г. Жуковский, Московская область, 1940–
1973 г.	Отчет № 73-561-IX. Исследования на самолете МиГ-21УС № 142 эффективности выполнения заходов на посадку под «шторкой» при ручном управлении по стрелкам положения прибора НПП (навигационно-пилотажный прибор)	РГА в г.Самаре. Ф. Р-220. Оп. 6-1. Д. 1019.	Рассекречено в 2018 году	Ордена Красного Знамени Летно-исследовательский институт им. М.М. Громова Министерства авиационной промышленности СССР, г. Жуковский, Московская область, 1940–
1973 г.	Отчет № 73-607-IX. Результаты исследований автоматов управляемости с жесткой структурой и постоянными параметрами на легких военных самолетах	РГА в г.Самаре. Ф. Р-220. Оп. 6-1. Д. 1020.	Рассекречено в 2018 году	Ордена Красного Знамени Летно-исследовательский институт им. М.М. Громова Министерства авиационной промышленности СССР, г. Жуковский, Московская область, 1940–
1973 г.	Отчет № 73-655-IX. Результаты наземных и летных исследований дифференциально-фазовой системы посадки, установленной на самолете Ан-12 № 1408	РГА в г.Самаре. Ф. Р-220. Оп. 6-1. Д. 1021.	Рассекречено в 2018 году	Ордена Красного Знамени Летно-исследовательский институт им. М.М. Громова Министерства авиационной промышленности СССР, г. Жуковский, Московская область, 1940–
1973 г.	Отчет № 73-679-IX. Исследование автоматов повышения устойчивого бокового движения самолета-истребителя	РГА в г.Самаре. Ф. Р-220. Оп. 6-1. Д. 1022.	Рассекречено в 2018 году	Ордена Красного Знамени Летно-исследовательский институт им. М.М. Громова Министерства авиационной промышленности СССР, г. Жуковский, Московская область, 1940–
1973 г.	Отчет № 73-707-IX. Исследование на ДВМ информационной части радиовысотомерного канала маловысотного контура самолета Т-6	РГА в г.Самаре. Ф. Р-220. Оп. 6-1. Д. 1023.	Рассекречено в 2018 году	Ордена Красного Знамени Летно-исследовательский институт им. М.М. Громова Министерства авиационной промышленности СССР, г. Жуковский, Московская область, 1940–
1973 г.	Отчет № 73-714-IX. Постановка исследования основных погрешностей коррекции параметров орбитального движения	РГА в г.Самаре. Ф. Р-220. Оп. 6-1. Д. 1024.	Рассекречено в 2018 году	Ордена Красного Знамени Летно-исследовательский институт им. М.М. Громова Министерства авиационной промышленности СССР, г. Жуковский, Московская область, 1940–
1973 г.	Отчет № 73-715-IX. Разработка и летные испытания системы низковысотного полета тяжелого самолета на базе информации радиовысотомера	РГА в г.Самаре. Ф. Р-220. Оп. 6-1. Д. 1025.	Рассекречено в 2018 году	Ордена Красного Знамени Летно-исследовательский институт им. М.М. Громова Министерства авиационной промышленности СССР, г. Жуковский, Московская область, 1940–
1973 г.	Отчет № 73-742-IX. По разработке метода оценки точностных характеристик доплеровских измерителей	РГА в г.Самаре. Ф. Р-220. Оп. 6-1. Д. 1026.	Рассекречено в 2018 году	Ордена Красного Знамени Летно-исследовательский институт им. М.М. Громова Министерства авиационной промышленности СССР, г. Жуковский, Московская область, 1940–
1973 г.	Отчет № 73-779-IX. Экономические показатели научно-производственной деятельности института (1961-1972 г) Тема 405903	РГА в г.Самаре. Ф. Р-220. Оп. 6-1. Д. 1027.	Рассекречено в 2018 году	Ордена Красного Знамени Летно-исследовательский институт им. М.М. Громова Министерства авиационной промышленности СССР, г. Жуковский, Московская область, 1940–
1973 г.	Отчет № 73-881-IX. Моделирование по выбору схемы обеспечения безопасности полета с системой «Пума-А» в районе вершины препятствия, после попадания информации от РПС «Рельеф»	РГА в г.Самаре. Ф. Р-220. Оп. 6-1. Д. 1028.	Рассекречено в 2018 году	Ордена Красного Знамени Летно-исследовательский институт им. М.М. Громова Министерства авиационной промышленности СССР, г. Жуковский, Московская область, 1940–
1973 г.	Акт № 73-15-IX. Летные исследования на ЛЛ-142 системы автоматической посадки самолетов-истребителей в продольной плоскости по оценке влияния динамических характеристик информационного полукомплекса на качество контура управления	РГА в г.Самаре. Ф. Р-220. Оп. 6-1. Д. 1029.	Рассекречено в 2018 году	Ордена Красного Знамени Летно-исследовательский институт им. М.М. Громова Министерства авиационной промышленности СССР, г. Жуковский, Московская область, 1940–
1973 г.	Акт № 73-65-IX. По результатам совместных летных испытаний самолета Су-11 № 0213, оборудованного приемником воздушных давлений ПВД-18-ЗМ	РГА в г.Самаре. Ф. Р-220. Оп. 6-1. Д. 1030.	Рассекречено в 2018 году	Ордена Красного Знамени Летно-исследовательский институт им. М.М. Громова Министерства авиационной промышленности СССР, г. Жуковский, Московская область, 1940–
1973 г.	Акт № 73-95-IX. Результаты моделирования и расчета на ЦВМ режима автоматического захода на посадку самолета Т-6 в продольной плоскости	РГА в г.Самаре. Ф. Р-220. Оп. 6-1. Д. 1031.	Рассекречено в 2018 году	Ордена Красного Знамени Летно-исследовательский институт им. М.М. Громова Министерства авиационной промышленности СССР, г. Жуковский, Московская область, 1940–
1973 г.	Акт № 73-200-IX. Исследование контура стабилизации заданного угла крена в системе автоматического захода на посадку	РГА в г.Самаре. Ф. Р-220. Оп. 6-1. Д. 1032.	Рассекречено в 2018 году	Ордена Красного Знамени Летно-исследовательский институт им. М.М. Громова Министерства авиационной промышленности СССР, г. Жуковский, Московская область, 1940–
1973 г.	Акт № 73-362-IX. 67/573108-034. По результатам специальных совместных с предприятием п/я В-8759 летных испытаний резервного авиагоризонта АГР-72, изготовления предприятием п/я М-5845, на самолете Е6У № 0629	РГА в г.Самаре. Ф. Р-220. Оп. 6-1. Д. 1033.	Рассекречено в 2018 году	Ордена Красного Знамени Летно-исследовательский институт им. М.М. Громова Министерства авиационной промышленности СССР, г. Жуковский, Московская область, 1940–
1973 г.	Акт № 73-331-IX. 67/573108-012. По результатам государственных совместных летных испытаний невыбираемой гировертикали НВК-1 на самолете Е6У № 629 на базе п/я В-8759	РГА в г.Самаре. Ф. Р-220. Оп. 6-1. Д. 1034.	Рассекречено в 2018 году	Ордена Красного Знамени Летно-исследовательский институт им. М.М. Громова Министерства авиационной промышленности СССР, г. Жуковский, Московская область, 1940–
1973 г.	Акт № 73-416-IX. По результатам совместных ВВС, МАП и МРП государственных летных испытаний навигационного комплекса (шифр КП-23) на самолете МиГ-23Б и 321 модификации «32-24» (этап Б)	РГА в г.Самаре. Ф. Р-220. Оп. 6-1. Д. 1035.	Рассекречено в 2018 году	Ордена Красного Знамени Летно-исследовательский институт им. М.М. Громова Министерства авиационной промышленности СССР, г. Жуковский, Московская область, 1940–
1973 г.	Методика № 73-37- IX. Летных испытаний комплекса оборудований ПрНК-23 на самолете МиГ-23Б (тип 32-25) (этап заводских и совместных летных испытаний)	РГА в г.Самаре. Ф. Р-220. Оп. 6-1. Д. 1036.	Рассекречено в 2018 году	Ордена Красного Знамени Летно-исследовательский институт им. М.М. Громова Министерства авиационной промышленности СССР, г. Жуковский, Московская область, 1940–
1973 г.	Методика № 73-107- IX. Испытаний перископического целенгатора ПП-72	РГА в г.Самаре. Ф. Р-220. Оп. 6-1. Д. 1037.	Рассекречено в 2018 году	Ордена Красного Знамени Летно-исследовательский институт им. М.М. Громова Министерства авиационной промышленности СССР, г. Жуковский, Московская область, 1940–
1973 г.	Отчет № 73-239- IX. Методика испытаний навигационного комплекса самолета Т-4 № 102 (этап заводских испытаний)	РГА в г.Самаре. Ф. Р-220. Оп. 6-1. Д. 1038.	Рассекречено в 2018 году	Ордена Красного Знамени Летно-исследовательский институт им. М.М. Громова Министерства авиационной промышленности СССР, г. Жуковский, Московская область, 1940–
1973 г.	Методика № 73-261- IX. Оценка точности воздушного десантирования с самолета Ил-76, оборудованного комплексом «Купол»	РГА в г.Самаре. Ф. Р-220. Оп. 6-1. Д. 1039.	Рассекречено в 2018 году	Ордена Красного Знамени Летно-исследовательский институт им. М.М. Громова Министерства авиационной промышленности СССР, г. Жуковский, Московская область, 1940–
1973 г.	№ 73-372- IX. Методика проведения совместных государственных летных испытаний на самолете Ил-76. Книга 1.	РГА в г.Самаре. Ф. Р-220. Оп. 6-1. Д. 1040.	Рассекречено в 2018 году	Ордена Красного Знамени Летно-исследовательский институт им. М.М. Громова Министерства авиационной промышленности СССР, г. Жуковский, Московская область, 1940–
1973 г.	№ 73-411- IX. Методика проведения государственных совместных летных испытаний комплекса «Купол» на самолете Ил-76. Книга 2. Радиолокационные задачи	РГА в г.Самаре. Ф. Р-220. Оп. 6-1. Д. 1041.	Рассекречено в 2018 году	Ордена Красного Знамени Летно-исследовательский институт им. М.М. Громова Министерства авиационной промышленности СССР, г. Жуковский, Московская область, 1940–
1973 г.	Проект № 73-110- IX. Техническое задание на разработку аэронавигационной спутниковой системы	РГА в г.Самаре. Ф. Р-220. Оп. 6-1. Д. 1042.	Рассекречено в 2018 году	Ордена Красного Знамени Летно-исследовательский институт им. М.М. Громова Министерства авиационной промышленности СССР, г. Жуковский, Московская область, 1940–
1973 г.	№ 73-153- IX. Техническое задание на разработку инерциальной системы ИС-П-72	РГА в г.Самаре. Ф. Р-220. Оп. 6-1. Д. 1043.	Рассекречено в 2018 году	Ордена Красного Знамени Летно-исследовательский институт им. М.М. Громова Министерства авиационной промышленности СССР, г. Жуковский, Московская область, 1940–
1973 г.	Акт № 73-128-X. Летные исследования системы зажигания СК-07М с оборотов авторотации на самолете МиГ-25Р № 020401	РГА в г.Самаре. Ф. Р-220. Оп. 6-1. Д. 1044.	Рассекречено в 2018 году	Ордена Красного Знамени Летно-исследовательский институт им. М.М. Громова Министерства авиационной промышленности СССР, г. Жуковский, Московская область, 1940–
1973 г.	Отчет № 73-297-X. Типовые системы электроснабжения самолетов	РГА в г.Самаре. Ф. Р-220. Оп. 6-1. Д. 1045.	Рассекречено в 2018 году	Ордена Красного Знамени Летно-исследовательский институт им. М.М. Громова Министерства авиационной промышленности СССР, г. Жуковский, Московская область, 1940–
1973 г.	Отчет № 73-319-X. Исследование износа контактов реле ТКЕ-53ПД при коммутировании индуктивных нагрузок	РГА в г.Самаре. Ф. Р-220. Оп. 6-1. Д. 1046.	Рассекречено в 2018 году	Ордена Красного Знамени Летно-исследовательский институт им. М.М. Громова Министерства авиационной промышленности СССР, г. Жуковский, Московская область, 1940–
1973 г.	Отчет № 73-320-X. Исследование переходных процессов при коммутировании индуктивных нагрузок со сплошными сердечниками	РГА в г.Самаре. Ф. Р-220. Оп. 6-1. Д. 1047.	Рассекречено в 2018 году	Ордена Красного Знамени Летно-исследовательский институт им. М.М. Громова Министерства авиационной промышленности СССР, г. Жуковский, Московская область, 1940–
1973 г.	Отчет № 73-348-X. Исследование по определению областей применения и требования к бортовой самолетной бесконтактной коммутационной аппаратуре	РГА в г.Самаре. Ф. Р-220. Оп. 6-1. Д. 1048.	Рассекречено в 2018 году	Ордена Красного Знамени Летно-исследовательский институт им. М.М. Громова Министерства авиационной промышленности СССР, г. Жуковский, Московская область, 1940–
1973 г.	Отчет № 73-354-X. Исследование электрических систем автономного запуска газотурбинных двигателей	РГА в г.Самаре. Ф. Р-220. Оп. 6-1. Д. 1049.	Рассекречено в 2018 году	Ордена Красного Знамени Летно-исследовательский институт им. М.М. Громова Министерства авиационной промышленности СССР, г. Жуковский, Московская область, 1940–
1973 г.	Отчет № 73-446-X. Летные исследования эффективности применения в системе регулирования сверхзвукового воздухосборника самолета МиГ-21ПФ контура управления по периметру £p2/di на переходных режимах работы двигателя	РГА в г.Самаре. Ф. Р-220. Оп. 6-1. Д. 1050.	Рассекречено в 2018 году	Ордена Красного Знамени Летно-исследовательский институт им. М.М. Громова Министерства авиационной промышленности СССР, г. Жуковский, Московская область, 1940–
1973 г.	Отчет № 73-544-X. Летные исследования системы регулирования воздухозаборника самолета МиГ-21 с контуром управления по параметру £p2/di на переходных режимах работы двигателя, вызванных срабатыванием системы КС-11А при спусках ракет Р-ЗС и К-13М	РГА в г.Самаре. Ф. Р-220. Оп. 6-1. Д. 1051.	Рассекречено в 2018 году	Ордена Красного Знамени Летно-исследовательский институт им. М.М. Громова Министерства авиационной промышленности СССР, г. Жуковский, Московская область, 1940–
1973 г.	Отчет № 73-591-X. Летные исследования системы зажигания КНА-114МТ основного контура двигателя Р11Ф2-300 при пусках ракет на самолете МиГ-21ПФ № 0908	РГА в г.Самаре. Ф. Р-220. Оп. 6-1. Д. 1052.	Рассекречено в 2018 году	Ордена Красного Знамени Летно-исследовательский институт им. М.М. Громова Министерства авиационной промышленности СССР, г. Жуковский, Московская область, 1940–
1973 г.	Отчет № 73-752-X. Исследование электрической системы запуска турбостартера С-3-300 с электростартером СТ-IIIТ на самолете МиГ-25 № СМ-02	РГА в г.Самаре. Ф. Р-220. Оп. 6-1. Д. 1053.	Рассекречено в 2018 году	Ордена Красного Знамени Летно-исследовательский институт им. М.М. Громова Министерства авиационной промышленности СССР, г. Жуковский, Московская область, 1940–
1973 г.	Отчет № 73-770-X. Результаты исследований, направленных на улучшение статических и динамических характеристик электрических систем регулирования силовых установок	РГА в г.Самаре. Ф. Р-220. Оп. 6-1. Д. 1054.	Рассекречено в 2018 году	Ордена Красного Знамени Летно-исследовательский институт им. М.М. Громова Министерства авиационной промышленности СССР, г. Жуковский, Московская область, 1940–
1973 г.	Отчет № 73-773-X. Исследование эксплуатационных характеристик опытных аккумуляторных батарей 15ЦС-5СА в течение 12 месяцев их эксплуатации в лабораторных и летных условиях на самолете Су-15 № 616	РГА в г.Самаре. Ф. Р-220. Оп. 6-1. Д. 1055.	Рассекречено в 2018 году	Ордена Красного Знамени Летно-исследовательский институт им. М.М. Громова Министерства авиационной промышленности СССР, г. Жуковский, Московская область, 1940–
1973 г.	Акт № 73-471-X. Исследование зарядно-разрядных характеристик опытных аккумуляторных батарей 15СЦС-50А в летных условиях на самолете Су-15 № 616	РГА в г.Самаре. Ф. Р-220. Оп. 6-1. Д. 1056.	Рассекречено в 2018 году	Ордена Красного Знамени Летно-исследовательский институт им. М.М. Громова Министерства авиационной промышленности СССР, г. Жуковский, Московская область, 1940–
1973 г.	Заключение № 73-54-X. Сравнение характеристик батарей повышенной мощности 15СЦС-50А и 15СЦС-60, предназначаемых для применения их на самолетах вместо серийных батарей 15СЦС-45Б	РГА в г.Самаре. Ф. Р-220. Оп. 6-1. Д. 1057.	Рассекречено в 2018 году	Ордена Красного Знамени Летно-исследовательский институт им. М.М. Громова Министерства авиационной промышленности СССР, г. Жуковский, Московская область, 1940–
1973 г.	Отчет № 73-384-XI. Исследования по разработке методов оценки затрат на летные испытания и доводку опытной авиационной техники	РГА в г.Самаре. Ф. Р-220. Оп. 6-1. Д. 1058.	Рассекречено в 2018 году	Ордена Красного Знамени Летно-исследовательский институт им. М.М. Громова Министерства авиационной промышленности СССР, г. Жуковский, Московская область, 1940–
1973 г.	Отчет № 73-14-XII. Испытания автомата отключения ФАЗ (изделие АОФ-3-10-100) на радиационную скорость	РГА в г.Самаре. Ф. Р-220. Оп. 6-1. Д. 1059.	Рассекречено в 2018 году	Ордена Красного Знамени Летно-исследовательский институт им. М.М. Громова Министерства авиационной промышленности СССР, г. Жуковский, Московская область, 1940–
1973 г.	Отчет № 73-288-XII. Определение коэффициентов перетяжеления отечественного оборудования самолетных систем электроснабжения	РГА в г.Самаре. Ф. Р-220. Оп. 6-1. Д. 1064.	Рассекречено в 2018 году	Ордена Красного Знамени Летно-исследовательский институт им. М.М. Громова Министерства авиационной промышленности СССР, г. Жуковский, Московская область, 1940–
1973 г.	Отчет № 73-221-XII. Летные исследования высотных компенсирующих костюмов, опытного с прерывистой камерой натяжного устройства и серийного ВКК-6М на самолете МиГ-21 УТИ	РГА в г.Самаре. Ф. Р-220. Оп. 6-1. Д. 1065.	Рассекречено в 2018 году	Ордена Красного Знамени Летно-исследовательский институт им. М.М. Громова Министерства авиационной промышленности СССР, г. Жуковский, Московская область, 1940–
1973 г.	Отчет № 73-350-XII. Нормы и общие методы лабораторных испытаний бортового авиационного оборудования на тепло и холодоустойчивость (разработка проекта 2-й редакции раздела ГОСТа)	РГА в г.Самаре. Ф. Р-220. Оп. 6-1. Д. 1066.	Рассекречено в 2018 году	Ордена Красного Знамени Летно-исследовательский институт им. М.М. Громова Министерства авиационной промышленности СССР, г. Жуковский, Московская область, 1940–
1973 г.	Отчет № 73-490-XII. Анализ возможности использования сжиженных переохлажденных газов для СКВ (системы кондиционирования воздуха) перспективных самолетов	РГА в г.Самаре. Ф. Р-220. Оп. 6-1. Д. 1068.	Рассекречено в 2018 году	Ордена Красного Знамени Летно-исследовательский институт им. М.М. Громова Министерства авиационной промышленности СССР, г. Жуковский, Московская область, 1940–
1973 г.	Акт № 73-738-XII. Исследование эффективной теплопроводности теплоизоляционного материала отделяемой герметической кабины самолета F-III	РГА в г.Самаре. Ф. Р-220. Оп. 6-1. Д. 1077.	Рассекречено в 2018 году	Ордена Красного Знамени Летно-исследовательский институт им. М.М. Громова Министерства авиационной промышленности СССР, г. Жуковский, Московская область, 1940–
1973 г.	Научно-технический сборник № 74. Силовые установки самолетов и вертолетов (выпуск 6)	РГА в г.Самаре. Ф. Р-220. Оп. 6-1. Д. 1078.	Рассекречено в 2018 году	Ордена Красного Знамени Летно-исследовательский институт им. М.М. Громова Министерства авиационной промышленности СССР, г. Жуковский, Московская область, 1940–
1973 г.	Научно-технический сборник № 75. Оборудование летательных аппаратов (выпуск 7)	РГА в г.Самаре. Ф. Р-220. Оп. 6-1. Д. 1079.	Рассекречено в 2018 году	Ордена Красного Знамени Летно-исследовательский институт им. М.М. Громова Министерства авиационной промышленности СССР, г. Жуковский, Московская область, 1940–
1973 г.	Научно-технический сборник № 76. Оборудование летательных аппаратов (выпуск 8)	РГА в г.Самаре. Ф. Р-220. Оп. 6-1. Д. 1080.	Рассекречено в 2018 году	Ордена Красного Знамени Летно-исследовательский институт им. М.М. Громова Министерства авиационной промышленности СССР, г. Жуковский, Московская область, 1940–
1973 г.	Научно-технический сборник № 77. Самолеты и вертолеты (выпуск 6)	РГА в г.Самаре. Ф. Р-220. Оп. 6-1. Д. 1081.	Рассекречено в 2018 году	Ордена Красного Знамени Летно-исследовательский институт им. М.М. Громова Министерства авиационной промышленности СССР, г. Жуковский, Московская область, 1940–
1973 г.	Научно-технический сборник № 78. Безопасность и надежность авиационной техники (выпуск 3)	РГА в г.Самаре. Ф. Р-220. Оп. 6-1. Д. 1082.	Рассекречено в 2018 году	Ордена Красного Знамени Летно-исследовательский институт им. М.М. Громова Министерства авиационной промышленности СССР, г. Жуковский, Московская область, 1940–
1973 г.	Научно-технический сборник № 79. Самолеты и вертолеты (выпуск 7)	РГА в г.Самаре. Ф. Р-220. Оп. 6-1. Д. 1083.	Рассекречено в 2018 году	Ордена Красного Знамени Летно-исследовательский институт им. М.М. Громова Министерства авиационной промышленности СССР, г. Жуковский, Московская область, 1940–
1973 г.	Научно-технический сборник № 80. Силовые установки (выпуск 9) самолетов и вертолетов	РГА в г.Самаре. Ф. Р-220. Оп. 6-1. Д. 1084.	Рассекречено в 2018 году	Ордена Красного Знамени Летно-исследовательский институт им. М.М. Громова Министерства авиационной промышленности СССР, г. Жуковский, Московская область, 1940–
1973 г.	Научно-технический сборник № 81. Оборудование летательных аппаратов (выпуск 9)	РГА в г.Самаре. Ф. Р-220. Оп. 6-1. Д. 1085.	Рассекречено в 2018 году	Ордена Красного Знамени Летно-исследовательский институт им. М.М. Громова Министерства авиационной промышленности СССР, г. Жуковский, Московская область, 1940–
1973 г.	Научно-технический сборник № 82. Методы обработки результатов измерений (выпуск 3)	РГА в г.Самаре. Ф. Р-220. Оп. 6-1. Д. 1086.	Рассекречено в 2018 году	Ордена Красного Знамени Летно-исследовательский институт им. М.М. Громова Министерства авиационной промышленности СССР, г. Жуковский, Московская область, 1940–
1973 г.	Научно-технический сборник № 83. Силовые установки самолетов и вертолетов (выпуск 10)	РГА в г.Самаре. Ф. Р-220. Оп. 6-1. Д. 1087.	Рассекречено в 2018 году	Ордена Красного Знамени Летно-исследовательский институт им. М.М. Громова Министерства авиационной промышленности СССР, г. Жуковский, Московская область, 1940–
1973 г.	Труды № 236. Влияние систем автоматики на пилотирование современных истребителей	РГА в г.Самаре. Ф. Р-220. Оп. 6-1. Д. 1088.	Рассекречено в 2018 году	Ордена Красного Знамени Летно-исследовательский институт им. М.М. Громова Министерства авиационной промышленности СССР, г. Жуковский, Московская область, 1940–
1973 г.	Труды № 244. Некоторые методические вопросы летно-прочностных исследований маневренных самолетов	РГА в г.Самаре. Ф. Р-220. Оп. 6-1. Д. 1089.	Рассекречено в 2018 году	Ордена Красного Знамени Летно-исследовательский институт им. М.М. Громова Министерства авиационной промышленности СССР, г. Жуковский, Московская область, 1940–
1973 г.	Труды № 243. Исследования системы автоматической посадки самолетов-истребителей в продольной плоскости на малооборудованные аэродромы	РГА в г.Самаре. Ф. Р-220. Оп. 6-1. Д. 1090.	Рассекречено в 2018 году	Ордена Красного Знамени Летно-исследовательский институт им. М.М. Громова Министерства авиационной промышленности СССР, г. Жуковский, Московская область, 1940–
1973 г.	Труды № 246. Исследование динамики полета и систем управления беспилотных самолетов-разведчиков	РГА в г.Самаре. Ф. Р-220. Оп. 6-1. Д. 1091.	Рассекречено в 2018 году	Ордена Красного Знамени Летно-исследовательский институт им. М.М. Громова Министерства авиационной промышленности СССР, г. Жуковский, Московская область, 1940–
1973 г.	Труды № 247. О применении логарифмических частотных характеристик для синтеза и исследования многоконтурных систем управления самолетом	РГА в г.Самаре. Ф. Р-220. Оп. 6-1. Д. 1092.	Рассекречено в 2018 году	Ордена Красного Знамени Летно-исследовательский институт им. М.М. Громова Министерства авиационной промышленности СССР, г. Жуковский, Московская область, 1940–
1973 г.	Труды № 249. Автоматическое отождествление объектов на плоскости при использовании аппаратуры межсамолетной навигации	РГА в г.Самаре. Ф. Р-220. Оп. 6-1. Д. 1093.	Рассекречено в 2018 году	Ордена Красного Знамени Летно-исследовательский институт им. М.М. Громова Министерства авиационной промышленности СССР, г. Жуковский, Московская область, 1940–
1973 г.	Труды № 251. Некоторые характеристики взаимодействия летчика и авиатехники при различных способах отображения информации об отказах	РГА в г.Самаре. Ф. Р-220. Оп. 6-1. Д. 1094.	Рассекречено в 2018 году	Ордена Красного Знамени Летно-исследовательский институт им. М.М. Громова Министерства авиационной промышленности СССР, г. Жуковский, Московская область, 1940–
1974 г.	Отчет № 74-27-II. По теоретической оценке вероятности попадания газовой струи ПРД на снаряжение одного из членов экипажа самолета Т-58М при катапультировании другого	РГА в г.Самаре. Ф. Р-220. Оп. 6-1. Д. 1096.	Рассекречено в 2018 году	Ордена Красного Знамени Летно-исследовательский институт им. М.М. Громова Министерства авиационной промышленности СССР, г. Жуковский, Московская область, 1940–
1974 г.	Отчет № 74-40-II. По результатам летных исследования динамики катапультного кресла «К-36Д» со стабилизирующими парашютами площадью 0,04 и 0,08 м2 на больших высотах	РГА в г.Самаре. Ф. Р-220. Оп. 6-1. Д. 1097.	Рассекречено в 2018 году	Ордена Красного Знамени Летно-исследовательский институт им. М.М. Громова Министерства авиационной промышленности СССР, г. Жуковский, Московская область, 1940–
1974 г.	Отчет № 74-121-II. Материалы испытаний по определению наличия шарнирных моментов дифференциально-управляемого стабилизатора самолета МиГ-25П	РГА в г.Самаре. Ф. Р-220. Оп. 6-1. Д. 1098.	Рассекречено в 2018 году	Ордена Красного Знамени Летно-исследовательский институт им. М.М. Громова Министерства авиационной промышленности СССР, г. Жуковский, Московская область, 1940–
1974 г.	Отчет № 74-130-II. По результатам измерений в полете виброперегрузок на макете унифицированного подвесного агрегата заправки (изделия «Сахалин») подвешенного на самолете Су-15 № 1115337	РГА в г.Самаре. Ф. Р-220. Оп. 6-1. Д. 1099.	Рассекречено в 2018 году	Ордена Красного Знамени Летно-исследовательский институт им. М.М. Громова Министерства авиационной промышленности СССР, г. Жуковский, Московская область, 1940–
1974 г.	Отчет № 74-139-II. Летные исследования по оценке и выбору характеристик продольной устойчивости и управляемости самолета-истребителя на летающей лаборатории Су-11 № 312	РГА в г.Самаре. Ф. Р-220. Оп. 6-1. Д. 1100.	Рассекречено в 2018 году	Ордена Красного Знамени Летно-исследовательский институт им. М.М. Громова Министерства авиационной промышленности СССР, г. Жуковский, Московская область, 1940–
1974 г.	Отчет № 74-159-II. Летные исследования по отработке методики вывода истребителей в заданное исходное положение при ведении воздушного боя	РГА в г.Самаре. Ф. Р-220. Оп. 6-1. Д. 1101.	Рассекречено в 2018 году	Ордена Красного Знамени Летно-исследовательский институт им. М.М. Громова Министерства авиационной промышленности СССР, г. Жуковский, Московская область, 1940–
1974 г.	Отчет № 74-187-II. Методика оценки успешности применения стрелковопушечного вооружения при летных испытаниях воздушного боя	РГА в г.Самаре. Ф. Р-220. Оп. 6-1. Д. 1102.	Рассекречено в 2018 году	Ордена Красного Знамени Летно-исследовательский институт им. М.М. Громова Министерства авиационной промышленности СССР, г. Жуковский, Московская область, 1940–
1974 г.	Отчет № 74-240-II. Результаты летных испытаний по определению несущих свойств самолета 100Л-4 при дозвуковых скоростях полета	РГА в г.Самаре. Ф. Р-220. Оп. 6-1. Д. 1104.	Рассекречено в 2018 году	Ордена Красного Знамени Летно-исследовательский институт им. М.М. Громова Министерства авиационной промышленности СССР, г. Жуковский, Московская область, 1940–
1974 г.	Отчет № 74-246-II. Результаты летных исследований автомата устойчивости пути с экспериментальной системой самонастройки передаточных чисел	РГА в г.Самаре. Ф. Р-220. Оп. 6-1. Д. 1105.	Рассекречено в 2018 году	Ордена Красного Знамени Летно-исследовательский институт им. М.М. Громова Министерства авиационной промышленности СССР, г. Жуковский, Московская область, 1940–
1974 г.	Отчет № 74-247-II. Численный метод расчета на ЦВМ оптимального управления при выполнении типовых маневров воздушного боя	РГА в г.Самаре. Ф. Р-220. Оп. 6-1. Д. 1106.	Рассекречено в 2018 году	Ордена Красного Знамени Летно-исследовательский институт им. М.М. Громова Министерства авиационной промышленности СССР, г. Жуковский, Московская область, 1940–
1974 г.	Отчет № 74-252-II. Результаты летных испытаний на самолетах Ан-12 макетного образца радиоизотопного дальномера «Ладога» (II этап)	РГА в г.Самаре. Ф. Р-220. Оп. 6-1. Д. 1107.	Рассекречено в 2018 году	Ордена Красного Знамени Летно-исследовательский институт им. М.М. Громова Министерства авиационной промышленности СССР, г. Жуковский, Московская область, 1940–
1974 г.	Отчет № 74-253-II. Оценка влияния угла отклонения закрылков на характеристики дальности, скороподъемности и маневренности самолета МиГ-21УС при дозвуковых скоростях полета	РГА в г.Самаре. Ф. Р-220. Оп. 6-1. Д. 1108.	Рассекречено в 2018 году	Ордена Красного Знамени Летно-исследовательский институт им. М.М. Громова Министерства авиационной промышленности СССР, г. Жуковский, Московская область, 1940–
1974 г.	Проект № 74-265-II. Система измерений для испытаний авиационного комплекса перехвата С-155М. Книга 1. Краткая характеристика системы измерений для испытаний авиационного комплекса перехвата С-155М. Предложения по выполнению основных работ для создания системы измерений	РГА в г.Самаре. Ф. Р-220. Оп. 6-1. Д. 1109.	Рассекречено в 2018 году	Ордена Красного Знамени Летно-исследовательский институт им. М.М. Громова Министерства авиационной промышленности СССР, г. Жуковский, Московская область, 1940–
1974 г.	Отчет № 74-414-II. Летные исследования по определению шарнирных моментов стабилизатора самолета МиГ-23 № 402	РГА в г.Самаре. Ф. Р-220. Оп. 6-1. Д. 1111.	Рассекречено в 2018 году	Ордена Красного Знамени Летно-исследовательский институт им. М.М. Громова Министерства авиационной промышленности СССР, г. Жуковский, Московская область, 1940–
1974 г.	Отчет № 74-415-II. Результаты летных испытаний по оценке характера обтекания крыла самолета Су-17 при стреловидности передней кромки консоли Хпк=63º	РГА в г.Самаре. Ф. Р-220. Оп. 6-1. Д. 1112.	Рассекречено в 2018 году	Ордена Красного Знамени Летно-исследовательский институт им. М.М. Громова Министерства авиационной промышленности СССР, г. Жуковский, Московская область, 1940–
1974 г.	Отчет № 74-423-II. Методика летных испытаний по оценке маневренных и боевых возможностей истребителей при ведении воздушного боя (I этап)	РГА в г.Самаре. Ф. Р-220. Оп. 6-1. Д. 1113.	Рассекречено в 2018 году	Ордена Красного Знамени Летно-исследовательский институт им. М.М. Громова Министерства авиационной промышленности СССР, г. Жуковский, Московская область, 1940–
1974 г.	Отчет № 74-424-II. Результаты летных исследований сваливания и штопора самолета МиГ-23УБ с крылом III редакции при углах стреловидности крыла 16 и 72º	РГА в г.Самаре. Ф. Р-220. Оп. 6-1. Д. 1114.	Рассекречено в 2018 году	Ордена Красного Знамени Летно-исследовательский институт им. М.М. Громова Министерства авиационной промышленности СССР, г. Жуковский, Московская область, 1940–
1974 г.	Отчет № 74-436-II. Исследования влияния регулировок силовой установки и условий полета на летные характеристики самолета МиГ-25 и параметры работы турбореактивного двигателя Р15Б-300	РГА в г.Самаре. Ф. Р-220. Оп. 6-1. Д. 1115.	Рассекречено в 2018 году	Ордена Красного Знамени Летно-исследовательский институт им. М.М. Громова Министерства авиационной промышленности СССР, г. Жуковский, Московская область, 1940–
1974 г.	Отчет № 74-439-II. Летные исследования по определению температур и напряжений в деталях остекления серийного фонаря самолета МиГ-25 № 020305 при числах М ≤ 2,6	РГА в г.Самаре. Ф. Р-220. Оп. 6-1. Д. 1116.	Рассекречено в 2018 году	Ордена Красного Знамени Летно-исследовательский институт им. М.М. Громова Министерства авиационной промышленности СССР, г. Жуковский, Московская область, 1940–
1974 г.	Отчет № 74-440-II. Оценка на моделирующем стенде устойчивости и управляемости изделия 105 при совместном газодинамическом и аэродинамическом управлении	РГА в г.Самаре. Ф. Р-220. Оп. 6-1. Д. 1117.	Рассекречено в 2018 году	Ордена Красного Знамени Летно-исследовательский институт им. М.М. Громова Министерства авиационной промышленности СССР, г. Жуковский, Московская область, 1940–
1974 г.	Отчет № 74-441-II. Летные исследования на ЛЛ № 316 вычислителя летных ограничений (ВПО) системы САУ-БИ	РГА в г.Самаре. Ф. Р-220. Оп. 6-1. Д. 1118.	Рассекречено в 2018 году	Ордена Красного Знамени Летно-исследовательский институт им. М.М. Громова Министерства авиационной промышленности СССР, г. Жуковский, Московская область, 1940–
1974 г.	Отчет № 74-452-II. Летные испытания унифицированного подвесного агрегата заправки (изделие «Сахалин») на самолете Су-15 (этап отработки выпуска-уборки шланга с конусом-датчиком)	РГА в г.Самаре. Ф. Р-220. Оп. 6-1. Д. 1119.	Рассекречено в 2018 году	Ордена Красного Знамени Летно-исследовательский институт им. М.М. Громова Министерства авиационной промышленности СССР, г. Жуковский, Московская область, 1940–
1974 г.	Отчет № 74-457-II. Летные исследования ламинаризации обтекания носовой части фюзеляжа на летающей лаборатории Ту-128Л (1-й этап)	РГА в г.Самаре. Ф. Р-220. Оп. 6-1. Д. 1120.	Рассекречено в 2018 году	Ордена Красного Знамени Летно-исследовательский институт им. М.М. Громова Министерства авиационной промышленности СССР, г. Жуковский, Московская область, 1940–
1974 г.	Отчет № 74-461-II. Определение в полете аэродинамических характеристик самолета МиГ-25 № 0201	РГА в г.Самаре. Ф. Р-220. Оп. 6-1. Д. 1121.	Рассекречено в 2018 году	Ордена Красного Знамени Летно-исследовательский институт им. М.М. Громова Министерства авиационной промышленности СССР, г. Жуковский, Московская область, 1940–
1974 г.	Отчет № 74-463-II. Летные исследования по оценке автомата перекрестной связи от элеронов к рулю направления на самолете Су-17 № 8501	РГА в г.Самаре. Ф. Р-220. Оп. 6-1. Д. 1122.	Рассекречено в 2018 году	Ордена Красного Знамени Летно-исследовательский институт им. М.М. Громова Министерства авиационной промышленности СССР, г. Жуковский, Московская область, 1940–
1974 г.	Акт № 74-484-II. По результатам специальных летных испытаний самолета МиГ-23Б по определению аэродинамических нагрузок, действующих на фонарь самолета в полете (изделия 32024 и 32-25)	РГА в г.Самаре. Ф. Р-220. Оп. 6-1. Д. 1123.	Рассекречено в 2018 году	Ордена Красного Знамени Летно-исследовательский институт им. М.М. Громова Министерства авиационной промышленности СССР, г. Жуковский, Московская область, 1940–
1974 г.	Отчет № 74-486-II. Результаты государственных совместных испытаний самолета Т-58М (Т6-12) на больших углах атаки, при сваливании и в штопоре. Оценка работы УУАП-72	РГА в г.Самаре. Ф. Р-220. Оп. 6-1. Д. 1124.	Рассекречено в 2018 году	Ордена Красного Знамени Летно-исследовательский институт им. М.М. Громова Министерства авиационной промышленности СССР, г. Жуковский, Московская область, 1940–
1974 г.	Акт № 74-487-II. Результаты государственных совместных испытаний самолета Т-58М (Т6-12) по определению шарнирных моментов стабилизаторов, и оценка достаточности тяги гидроусилителей КАУ-120	РГА в г.Самаре. Ф. Р-220. Оп. 6-1. Д. 1125.	Рассекречено в 2018 году	Ордена Красного Знамени Летно-исследовательский институт им. М.М. Громова Министерства авиационной промышленности СССР, г. Жуковский, Московская область, 1940–
1974 г.	Отчет № 74-510-II. Результаты летных исследований на летающей лаборатории Су-9 № 1293 по оценке влияния запаса путевой устойчивости на пилотирование самолета	РГА в г.Самаре. Ф. Р-220. Оп. 6-1. Д. 1126.	Рассекречено в 2018 году	Ордена Красного Знамени Летно-исследовательский институт им. М.М. Громова Министерства авиационной промышленности СССР, г. Жуковский, Московская область, 1940–
1974 г.	Акт № 74-545-II. Некоторые методические вопросы определения частных производных коэффициентов шарнирного момента М4ш и М2ш дифференциально управляемого стабилизатора при летных исследованиях	РГА в г.Самаре. Ф. Р-220. Оп. 6-1. Д. 1127.	Рассекречено в 2018 году	Ордена Красного Знамени Летно-исследовательский институт им. М.М. Громова Министерства авиационной промышленности СССР, г. Жуковский, Московская область, 1940–
1974 г.	Акт № 74-566-II. Опыт применения катапультных установок К-36Д на самолете Т-58М	РГА в г.Самаре. Ф. Р-220. Оп. 6-1. Д. 1128.	Рассекречено в 2018 году	Ордена Красного Знамени Летно-исследовательский институт им. М.М. Громова Министерства авиационной промышленности СССР, г. Жуковский, Московская область, 1940–
1974 г.	Отчет № 74-574-II. Методика определения и приведения к заданным условиям летно-технических характеристик самолета Е-155МП с двигателем Д-3006	РГА в г.Самаре. Ф. Р-220. Оп. 6-1. Д. 1129.	Рассекречено в 2018 году	Ордена Красного Знамени Летно-исследовательский институт им. М.М. Громова Министерства авиационной промышленности СССР, г. Жуковский, Московская область, 1940–
1974 г.	Отчет № 74-578-II. Влияние угла отклонения закрылков на аэродинамические и маневренные характеристики самолета МиГ-21УС на дозвуковых скоростях полета	РГА в г.Самаре. Ф. Р-220. Оп. 6-1. Д. 1130.	Рассекречено в 2018 году	Ордена Красного Знамени Летно-исследовательский институт им. М.М. Громова Министерства авиационной промышленности СССР, г. Жуковский, Московская область, 1940–
1974 г.	Отчет № 74-591-II. Летные исследования на летающей лаборатории Су-II № 312 по оценке и выбору характеристик продольной устойчивости и управляемости и определению области допустимых передаточных чисел автоматической системы в путевом и поперечном каналах	РГА в г.Самаре. Ф. Р-220. Оп. 6-1. Д. 1131.	Рассекречено в 2018 году	Ордена Красного Знамени Летно-исследовательский институт им. М.М. Громова Министерства авиационной промышленности СССР, г. Жуковский, Московская область, 1940–
1974 г.	Отчет № 74-596-II. Сравнительная оценка предельных величин виброперегрузок, возникающих на макете унифицированного подвесного агрегата заправки в полете (по результатам летных испытаний на самолете Су-15 и Ил-38)	РГА в г.Самаре. Ф. Р-220. Оп. 6-1. Д. 1132.	Рассекречено в 2018 году	Ордена Красного Знамени Летно-исследовательский институт им. М.М. Громова Министерства авиационной промышленности СССР, г. Жуковский, Московская область, 1940–
1974 г.	Отчет № 74-609-II. По результатам летных исследований динамики катапультного кресла К-36 применительно к условиям парного покидания с задержкой ввода стабилизирующих штанг	РГА в г.Самаре. Ф. Р-220. Оп. 6-1. Д. 1133.	Рассекречено в 2018 году	Ордена Красного Знамени Летно-исследовательский институт им. М.М. Громова Министерства авиационной промышленности СССР, г. Жуковский, Московская область, 1940–
1974 г.	Отчет № 74-624-II. Результаты летных испытаний по изучению особенностей обтекания крыла самолета Су-17 № 8501 при стреловидности передней кромки консоли Хпк = 45º в дозвуковом диапазоне чисел М.	РГА в г.Самаре. Ф. Р-220. Оп. 6-1. Д. 1134.	Рассекречено в 2018 году	Ордена Красного Знамени Летно-исследовательский институт им. М.М. Громова Министерства авиационной промышленности СССР, г. Жуковский, Московская область, 1940–
1974 г.	Отчет № 74-631-II. Эскизный проект летного фронтового истребителя МиГ-39. Том XI. Книга 1. Предложения по методике летных испытаний самолета (комплекса), системе измерений и средствам наземной обработки. Часть 1. Предложение по методике летных испытаний самолета (комплекса)	РГА в г.Самаре. Ф. Р-220. Оп. 6-1. Д. 1135.	Рассекречено в 2018 году	Ордена Красного Знамени Летно-исследовательский институт им. М.М. Громова Министерства авиационной промышленности СССР, г. Жуковский, Московская область, 1940–
1974 г.	Отчет № 74-635-II. Результаты летных испытаний по оценке работоспособности парашютов типа ПЛ-73 на серийной катапультной установке КМ-1	РГА в г.Самаре. Ф. Р-220. Оп. 6-1. Д. 1136.	Рассекречено в 2018 году	Ордена Красного Знамени Летно-исследовательский институт им. М.М. Громова Министерства авиационной промышленности СССР, г. Жуковский, Московская область, 1940–
1974 г.	№ 74-647-II. Эскизный проект легкого фронтового истребителя МиГ-29. Том XI. Том 1. Предложения по методике летных испытаний самолета (комплекса), системе измерений и средствам наземной обработки. Часть 2. Предложения по системе бортовых измерений и средствам наземной обработки.	РГА в г.Самаре. Ф. Р-220. Оп. 6-1. Д. 1137.	Рассекречено в 2018 году	Ордена Красного Знамени Летно-исследовательский институт им. М.М. Громова Министерства авиационной промышленности СССР, г. Жуковский, Московская область, 1940–
1974 г.	Отчет № 74-668-II. Летные испытания по отработке методики определения пользователей типовых маневров воздушного боя	РГА в г.Самаре. Ф. Р-220. Оп. 6-1. Д. 1139.	Рассекречено в 2018 году	Ордена Красного Знамени Летно-исследовательский институт им. М.М. Громова Министерства авиационной промышленности СССР, г. Жуковский, Московская область, 1940–
1974 г.	Отчет № 74-696-II. Предварительный анализ технических путей реализации комплекса подхвата спускаемой капсулы спутника «Янтарь-6К»	РГА в г.Самаре. Ф. Р-220. Оп. 6-1. Д. 1140.	Рассекречено в 2018 году	Ордена Красного Знамени Летно-исследовательский институт им. М.М. Громова Министерства авиационной промышленности СССР, г. Жуковский, Московская область, 1940–
1974 г.	Отчет № 74-716-II. Обоснование технического задания на автономную систему сигнализации катапультирования (АССК) и технические предложения по разработке этой системы	РГА в г.Самаре. Ф. Р-220. Оп. 6-1. Д. 1141.	Рассекречено в 2018 году	Ордена Красного Знамени Летно-исследовательский институт им. М.М. Громова Министерства авиационной промышленности СССР, г. Жуковский, Московская область, 1940–
1974 г.	Отчет № 74-727-II. Результаты специальных летных исследований по определению характеристик сваливания самолета МиГ-23Б без подвесок и с подвесками вооружения при углах стреловидности крыла Х = 16, 45 и 72º	РГА в г.Самаре. Ф. Р-220. Оп. 6-1. Д. 1142.	Рассекречено в 2018 году	Ордена Красного Знамени Летно-исследовательский институт им. М.М. Громова Министерства авиационной промышленности СССР, г. Жуковский, Московская область, 1940–
1974 г.	Отчет № 74-734-II. По результатам летных испытаний унифицированного подвесного агрегата заправки топливом в полете (изделие «Сахалин» № 7) на самолетах Ил-38 № 10106 и № 10606	РГА в г.Самаре. Ф. Р-220. Оп. 6-1. Д. 1143.	Рассекречено в 2018 году	Ордена Красного Знамени Летно-исследовательский институт им. М.М. Громова Министерства авиационной промышленности СССР, г. Жуковский, Московская область, 1940–
1974 г.	Отчет № 74-769-II. Результаты летных исследований влияния САУ-23УБ, а также подвесок типа К-13 на характеристики сваливания самолета МиГ-23УБ с крылом III редакции.	РГА в г.Самаре. Ф. Р-220. Оп. 6-1. Д. 1148.	Рассекречено в 2018 году	Ордена Красного Знамени Летно-исследовательский институт им. М.М. Громова Министерства авиационной промышленности СССР, г. Жуковский, Московская область, 1940–
1974 г.	Отчет № 74-784-II. Результаты специальных совместных летных испытаний самолета Су-15УТ по аварийному сбросу фонарей и определению действующих на них аэродинамических нагрузок	РГА в г.Самаре. Ф. Р-220. Оп. 6-1. Д. 1150.	Рассекречено в 2018 году	Ордена Красного Знамени Летно-исследовательский институт им. М.М. Громова Министерства авиационной промышленности СССР, г. Жуковский, Московская область, 1940–
1974 г.	Отчет № 74-811-II. Результаты летных исследований по определению повторяемости нагрузок, действующих на основные агрегаты конструкции самолета МиГ-23 при выполнении типовых упражнений курса боевой подготовки.	РГА в г.Самаре. Ф. Р-220. Оп. 6-1. Д. 1153.	Рассекречено в 2018 году	Ордена Красного Знамени Летно-исследовательский институт им. М.М. Громова Министерства авиационной промышленности СССР, г. Жуковский, Московская область, 1940–
1974 г.	№ 74-818-II. Дополнительные методические указания по определению шарнирных моментов стабилизатора при летных испытаниях	РГА в г.Самаре. Ф. Р-220. Оп. 6-1. Д. 1154.	Рассекречено в 2018 году	Ордена Красного Знамени Летно-исследовательский институт им. М.М. Громова Министерства авиационной промышленности СССР, г. Жуковский, Московская область, 1940–
1974 г.	Отчет № 74-819-II. Методика летных испытаний по оценке маневренных и боевых возможностей истребителей при ведении воздушного боя с использованием стрелково-пушечного вооружения	РГА в г.Самаре. Ф. Р-220. Оп. 6-1. Д. 1155.	Рассекречено в 2018 году	Ордена Красного Знамени Летно-исследовательский институт им. М.М. Громова Министерства авиационной промышленности СССР, г. Жуковский, Московская область, 1940–
1974 г.	Отчет № 74-883-II. Исследование на моделирующем стенде по выбору границы перехода с газодинамического управления на аэродинамическое в продольном движении	РГА в г.Самаре. Ф. Р-220. Оп. 6-1. Д. 1158.	Рассекречено в 2018 году	Ордена Красного Знамени Летно-исследовательский институт им. М.М. Громова Министерства авиационной промышленности СССР, г. Жуковский, Московская область, 1940–
1974 г.	Акт № 74-107-II. По результатам совместных государственных испытаний по этапу «Б» катапультной установки К-363 (модификации унифицированной катапультной установки К-36Д) производства предприятия п/я А-3927, предназначенной для самолета с вертикальным взлетом и посадкой Як-36М	РГА в г.Самаре. Ф. Р-220. Оп. 6-1. Д. 1160.	Рассекречено в 2018 году	Ордена Красного Знамени Летно-исследовательский институт им. М.М. Громова Министерства авиационной промышленности СССР, г. Жуковский, Московская область, 1940–
1974 г.	Акт № 74-472-II. По результатам совместных летных испытаний системы регистрации режимов работы двигателя Ал-21Ф-3 на самолете Т58М № 0415305 (ТС-13) (тема в/ч 674101-007)	РГА в г.Самаре. Ф. Р-220. Оп. 6-1. Д. 1161.	Рассекречено в 2018 году	Ордена Красного Знамени Летно-исследовательский институт им. М.М. Громова Министерства авиационной промышленности СССР, г. Жуковский, Московская область, 1940–
1974 г.	Акт № 74-571-II. По результатам специальных совместных летных испытаний самолетов Як-36М по определению аэродинамических нагрузок, действующих на фонарь кабины	РГА в г.Самаре. Ф. Р-220. Оп. 6-1. Д. 1162.	Рассекречено в 2018 году	Ордена Красного Знамени Летно-исследовательский институт им. М.М. Громова Министерства авиационной промышленности СССР, г. Жуковский, Московская область, 1940–
1974 г.	Отчет № 74-46-III. Летные исследования характеристик двух вариантов выходного устройства силовой установки самолета МиГ-21Р с двигателем РIIФЗ-300	РГА в г.Самаре. Ф. Р-220. Оп. 6-1. Д. 1164.	Рассекречено в 2018 году	Ордена Красного Знамени Летно-исследовательский институт им. М.М. Громова Министерства авиационной промышленности СССР, г. Жуковский, Московская область, 1940–
1974 г.	Отчет № 74-68-III. Летные исследования устойчивости работы силовой установки самолета МиГ-23 № 1801 при пусках ракет К-13М и К-60	РГА в г.Самаре. Ф. Р-220. Оп. 6-1. Д. 1165.	Рассекречено в 2018 году	Ордена Красного Знамени Летно-исследовательский институт им. М.М. Громова Министерства авиационной промышленности СССР, г. Жуковский, Московская область, 1940–
1974 г.	Отчет № 74-74-III. Летные исследования разовых струй ракет К-13М и Р-3С при пусках с самолета-носителя МиГ-21ПФ № 0908 с использованием киносъемки	РГА в г.Самаре. Ф. Р-220. Оп. 6-1. Д. 1166.	Рассекречено в 2018 году	Ордена Красного Знамени Летно-исследовательский институт им. М.М. Громова Министерства авиационной промышленности СССР, г. Жуковский, Московская область, 1940–
1974 г.	Отчет № 74-93-III. Летные и наземные исследования переходных режимов двигателя Р27Ф 2М-300 № 57 1 I серии на самолете МиГ-23 № 404	РГА в г.Самаре. Ф. Р-220. Оп. 6-1. Д. 1167.	Рассекречено в 2018 году	Ордена Красного Знамени Летно-исследовательский институт им. М.М. Громова Министерства авиационной промышленности СССР, г. Жуковский, Московская область, 1940–
1974 г.	Отчет № 74-97-III. Летные испытания двигателя Р25-300 № Г24025010 на самолете МиГ-21БИС № 500АЧ22 по расширению диапазона применения чрезвычайного режима по скорости полета и оценке летных денных самолета на малых высотах	РГА в г.Самаре. Ф. Р-220. Оп. 6-1. Д. 1168.	Рассекречено в 2018 году	Ордена Красного Знамени Летно-исследовательский институт им. М.М. Громова Министерства авиационной промышленности СССР, г. Жуковский, Московская область, 1940–
1974 г.	Отчет № 74-100-III. Летные испытания модифицированного двигателя РIIФЗ-300 № Т71223021 с насосом-регулятором форсажного контура НР-22Ф2 № КО135834IТ, имеющим фторопластовую манжету сервопоршня наклонной шайбы качающего узла, и с расширенными топливными коллекторами форсажной камеры на самолете МиГ-21Р № СК-16	РГА в г.Самаре. Ф. Р-220. Оп. 6-1. Д. 1169.	Рассекречено в 2018 году	Ордена Красного Знамени Летно-исследовательский институт им. М.М. Громова Министерства авиационной промышленности СССР, г. Жуковский, Московская область, 1940–
1974 г.	Отчет № 74-108-III. Исследования на летающей лаборатории статики и динамики жидкого топлива в моделях баков и систем питания двигателей в условиях невесомости	РГА в г.Самаре. Ф. Р-220. Оп. 6-1. Д. 1170.	Рассекречено в 2018 году	Ордена Красного Знамени Летно-исследовательский институт им. М.М. Громова Министерства авиационной промышленности СССР, г. Жуковский, Московская область, 1940–
1974 г.	Отчет № 74-126-III. Проверка запуска с оборотов авторотации двигателя РIIФЗ-300 № Т71223021 со струйным ограничителем давления воздуха (ОДС) в мембранной полости топливного автомата запуска на самолете МиГ-21Р № 030СК16	РГА в г.Самаре. Ф. Р-220. Оп. 6-1. Д. 1171.	Рассекречено в 2018 году	Ордена Красного Знамени Летно-исследовательский институт им. М.М. Громова Министерства авиационной промышленности СССР, г. Жуковский, Московская область, 1940–
1974 г.	Отчет № 74-226-III. По результатам исследований совместной работы двигателя Р27В-300 № 17 с повышенной тягой (полными данными) и двигателей РД35Ф-2 № 2 и № 3 на самолете Як-36М-4 при установке его на стенде сил и моментов	РГА в г.Самаре. Ф. Р-220. Оп. 6-1. Д. 1174.	Рассекречено в 2018 году	Ордена Красного Знамени Летно-исследовательский институт им. М.М. Громова Министерства авиационной промышленности СССР, г. Жуковский, Московская область, 1940–
1974 г.	Отчет № 74-272-III. Летные исследования газодинамической устойчивости силовой установки самолета МиГ-21ПФ № 0908 при пусках ракет К-13М с принудительным отклонением рулей	РГА в г.Самаре. Ф. Р-220. Оп. 6-1. Д. 1175.	Рассекречено в 2018 году	Ордена Красного Знамени Летно-исследовательский институт им. М.М. Громова Министерства авиационной промышленности СССР, г. Жуковский, Московская область, 1940–
1974 г.	Отчет № 74-286-III. Летные исследования топливной системы опытного двигателя РД36-51А № ТЗ на летающей лаборатории Ту-142 № 4200	РГА в г.Самаре. Ф. Р-220. Оп. 6-1. Д. 1176.	Рассекречено в 2018 году	Ордена Красного Знамени Летно-исследовательский институт им. М.М. Громова Министерства авиационной промышленности СССР, г. Жуковский, Московская область, 1940–
1974 г.	Отчет № 74-311-III. По результатам специальных исследований силовой установки самолета Т-58М № 0415305 (Т6-13) с двигателями Ал-21Ф-3 (I этап)	РГА в г.Самаре. Ф. Р-220. Оп. 6-1. Д. 1177.	Рассекречено в 2018 году	Ордена Красного Знамени Летно-исследовательский институт им. М.М. Громова Министерства авиационной промышленности СССР, г. Жуковский, Московская область, 1940–
1974 г.	Отчет № 74-333-III. Летные испытания масляной системы силовой установки с опытным турбореактивным двигателем РД-36-51А № 13 на летающей лаборатории Ту-142 № 4200	РГА в г.Самаре. Ф. Р-220. Оп. 6-1. Д. 1180.	Рассекречено в 2018 году	Ордена Красного Знамени Летно-исследовательский институт им. М.М. Громова Министерства авиационной промышленности СССР, г. Жуковский, Московская область, 1940–
1974 г.	Отчет № 74-360-III. Летные исследования масляной системы опытного двигателя Д-30Ф6 на летящей лаборатории Ту-16	РГА в г.Самаре. Ф. Р-220. Оп. 6-1. Д. 1184.	Рассекречено в 2018 году	Ордена Красного Знамени Летно-исследовательский институт им. М.М. Громова Министерства авиационной промышленности СССР, г. Жуковский, Московская область, 1940–
1974 г.	Отчет № 74-383-III. Летные исследования по определению тягово-расходных характеристик силовой установки самолета МиГ-25IГ с двигателем Р15Б-300 (I этап)	РГА в г.Самаре. Ф. Р-220. Оп. 6-1. Д. 1188.	Рассекречено в 2018 году	Ордена Красного Знамени Летно-исследовательский институт им. М.М. Громова Министерства авиационной промышленности СССР, г. Жуковский, Московская область, 1940–
1974 г.	Отчет № 74-412-III. Летные исследования по уменьшению времени переходных режимов ТРДФ Р13-300, Р13Ф-300, Р25-300 в самолетной компоновке	РГА в г.Самаре. Ф. Р-220. Оп. 6-1. Д. 1190.	Рассекречено в 2018 году	Ордена Красного Знамени Летно-исследовательский институт им. М.М. Громова Министерства авиационной промышленности СССР, г. Жуковский, Московская область, 1940–
1974 г.	Отчет № 74-432-III. Летные исследования запуска и ускоренного запуска двигателя Р13-300 № 23 при дозировании расхода топлива по ОНД (с отключением ТАЗ) на самолете Су-15ЛЛ № 402	РГА в г.Самаре. Ф. Р-220. Оп. 6-1. Д. 1192.	Рассекречено в 2018 году	Ордена Красного Знамени Летно-исследовательский институт им. М.М. Громова Министерства авиационной промышленности СССР, г. Жуковский, Московская область, 1940–
1974 г.	Отчет № 74-449-III. Испытания порохового газогенератора на стенде предприятия п/я А-1166 (I этап)	РГА в г.Самаре. Ф. Р-220. Оп. 6-1. Д. 1193.	Рассекречено в 2018 году	Ордена Красного Знамени Летно-исследовательский институт им. М.М. Громова Министерства авиационной промышленности СССР, г. Жуковский, Московская область, 1940–
1974 г.	Отчет № 74-476-III. Характеристики потоков информации, получаемой и обрабатываемой в отделении № 3 при летных исследованиях силовых установок	РГА в г.Самаре. Ф. Р-220. Оп. 6-1. Д. 1196.	Рассекречено в 2018 году	Ордена Красного Знамени Летно-исследовательский институт им. М.М. Громова Министерства авиационной промышленности СССР, г. Жуковский, Московская область, 1940–
1974 г.	Отчет № 74-481-III. Летные испытания топливной системы, системы дренажа и наддува баков и системы нейтрального газа на самолете Т-58М № 0415305 (Т6-13 с двигателями АЛ-21Ф-3)	РГА в г.Самаре. Ф. Р-220. Оп. 6-1. Д. 1198.	Рассекречено в 2018 году	Ордена Красного Знамени Летно-исследовательский институт им. М.М. Громова Министерства авиационной промышленности СССР, г. Жуковский, Московская область, 1940–
1974 г.	Отчет № 74-505-III. По результатам совместных МАП-ВВС летных испытаний виброаппаратуры и определению уровня вибраций корпусов двигателей АЛ-21Ф-3 на самолете Т-58М № 0415305 (Т6-13)	РГА в г.Самаре. Ф. Р-220. Оп. 6-1. Д. 1200.	Рассекречено в 2018 году	Ордена Красного Знамени Летно-исследовательский институт им. М.М. Громова Министерства авиационной промышленности СССР, г. Жуковский, Московская область, 1940–
1974 г.	Отчет № 74-511-III. Летные исследования устойчивости работы двигателей АЛ-21Ф-3 на больших углах атаки и в штопоре самолета Т-58М № 0404	РГА в г.Самаре. Ф. Р-220. Оп. 6-1. Д. 1201.	Рассекречено в 2018 году	Ордена Красного Знамени Летно-исследовательский институт им. М.М. Громова Министерства авиационной промышленности СССР, г. Жуковский, Московская область, 1940–
1974 г.	Отчет № 74-520-III. Летные испытания по сокращению времени приемистости на малых высотах и определению основных летно-эксплуатационных характеристик двигателя Р17Ф2М-300 № 81334 серии «0-Iр» на самолете МиГ-23 № 404	РГА в г.Самаре. Ф. Р-220. Оп. 6-1. Д. 1204.	Рассекречено в 2018 году	Ордена Красного Знамени Летно-исследовательский институт им. М.М. Громова Министерства авиационной промышленности СССР, г. Жуковский, Московская область, 1940–
1974 г.	Отчет № 74-521-III. Летные исследования по проверке мероприятий по ликвидации течи масла через уплотнение передней опоры в воздушный тракт компрессора двигателя АЛ-21ФЗ на самолете МиГ-23Б	РГА в г.Самаре. Ф. Р-220. Оп. 6-1. Д. 1205.	Рассекречено в 2018 году	Ордена Красного Знамени Летно-исследовательский институт им. М.М. Громова Министерства авиационной промышленности СССР, г. Жуковский, Московская область, 1940–
1974 г.	Отчет № 74-555-III. Летные испытания системы дренажа и наддува топливных баков самолета МиГ-23 № 404	РГА в г.Самаре. Ф. Р-220. Оп. 6-1. Д. 1208.	Рассекречено в 2018 году	Ордена Красного Знамени Летно-исследовательский институт им. М.М. Громова Министерства авиационной промышленности СССР, г. Жуковский, Московская область, 1940–
1974 г.	Отчет № 74-560-III. Летные исследования системы управления створками реактивного сопла двигателя АЛ-21Ф-3 № Б7231015 при выключении форсажа и работы визуального указателя ИТГ-I при Nymax на самолете Су-17М № 5304	РГА в г.Самаре. Ф. Р-220. Оп. 6-1. Д. 1209.	Рассекречено в 2018 году	Ордена Красного Знамени Летно-исследовательский институт им. М.М. Громова Министерства авиационной промышленности СССР, г. Жуковский, Московская область, 1940–
1974 г.	Отчет № 74-563-III. Летные исследования опытного турбореактивного двигателя РД36-51А № 20 с дожигом на летающей лаборатории Ту-142 № 4200	РГА в г.Самаре. Ф. Р-220. Оп. 6-1. Д. 1210.	Рассекречено в 2018 году	Ордена Красного Знамени Летно-исследовательский институт им. М.М. Громова Министерства авиационной промышленности СССР, г. Жуковский, Московская область, 1940–
1974 г.	Отчет № 74-576-III. Летные исследования топливной и масляной систем опытного двигателя РД36-51А № 20 с дополнительной камерой дожигания на летающей лаборатории Ту-142 № 4200	РГА в г.Самаре. Ф. Р-220. Оп. 6-1. Д. 1211.	Рассекречено в 2018 году	Ордена Красного Знамени Летно-исследовательский институт им. М.М. Громова Министерства авиационной промышленности СССР, г. Жуковский, Московская область, 1940–
1974 г.	Отчет № 74-684-III. Летные исследования работы силовой установки самолета МиГ-23М № 1907 с двигателем Р29-300 № 635 при установке, модифицированной топливорегулирующей аппаратуры и автоматизированного блока управления АБУ-47 4 серии	РГА в г.Самаре. Ф. Р-220. Оп. 6-1. Д. 1217.	Рассекречено в 2018 году	Ордена Красного Знамени Летно-исследовательский институт им. М.М. Громова Министерства авиационной промышленности СССР, г. Жуковский, Московская область, 1940–
1974 г.	Отчет № 74-690-III. Летные испытания на летающей лаборатории Ту-16 № 1002 топливной системы опытного двигателя Р27В-300 № 6 в компоновке самолета Як-36М при подаче топлива в двигатель самотеком	РГА в г.Самаре. Ф. Р-220. Оп. 6-1. Д. 1219.	Рассекречено в 2018 году	Ордена Красного Знамени Летно-исследовательский институт им. М.М. Громова Министерства авиационной промышленности СССР, г. Жуковский, Московская область, 1940–
1974 г.	Отчет № 74-707-III. Анализ состояния пожарозащищенности отсеков планера пассажирских самолетов с ГТД и причин пожаров, возникающих в этих отсеках за период 1964-1973 гг.	РГА в г.Самаре. Ф. Р-220. Оп. 6-1. Д. 1220.	Рассекречено в 2018 году	Ордена Красного Знамени Летно-исследовательский институт им. М.М. Громова Министерства авиационной промышленности СССР, г. Жуковский, Московская область, 1940–
1974 г.	Отчет № 74-712-III. Летные испытания двигателя Р27Ф2М-300 № 81334 серии «С-IР» с модифицированной системой электроавтоматики (с блоком АБУ-17 IV серии) на самолете МиГ-23 № 404	РГА в г.Самаре. Ф. Р-220. Оп. 6-1. Д. 1221.	Рассекречено в 2018 году	Ордена Красного Знамени Летно-исследовательский институт им. М.М. Громова Министерства авиационной промышленности СССР, г. Жуковский, Московская область, 1940–
1974 г.	Отчет № 74-770-III. Летные испытания подъемно-маршевого двигателя Р27В-300 № 06 седьмой сборки при работе его на подогретом топливе в компоновке СВВП (самолета вертикального взлета и посадки) Як-36М на летающей лаборатории Ту-16 № 1002	РГА в г.Самаре. Ф. Р-220. Оп. 6-1. Д. 1226.	Рассекречено в 2018 году	Ордена Красного Знамени Летно-исследовательский институт им. М.М. Громова Министерства авиационной промышленности СССР, г. Жуковский, Московская область, 1940–
1974 г.	Отчет № 74-867-III. Расчетно-экспериментальное исследование запуска двигателя НК-22 с опытными агрегатами РТ-144-22 № НЗ120ПI «НЗ120П2	РГА в г.Самаре. Ф. Р-220. Оп. 6-1. Д. 1230.	Рассекречено в 2018 году	Ордена Красного Знамени Летно-исследовательский институт им. М.М. Громова Министерства авиационной промышленности СССР, г. Жуковский, Московская область, 1940–
1974 г.	Отчет № 74-892-III. Летные исследования подъемных двигателей РД35-Ф2 № 28-02 и РД36-35ФВ № 24-06 в компоновке силовой установки самолета ВВР Як-36М на летающей лаборатории Ту-16 № 1002	РГА в г.Самаре. Ф. Р-220. Оп. 6-1. Д. 1232.	Рассекречено в 2018 году	Ордена Красного Знамени Летно-исследовательский институт им. М.М. Громова Министерства авиационной промышленности СССР, г. Жуковский, Московская область, 1940–
1974 г.	Акт № 74-543-III. Летные исследования устойчивости работы двигателя АЛ-21ФЗ при штопоре самолета МиГ-23Б № 2618	РГА в г.Самаре. Ф. Р-220. Оп. 6-1. Д. 1239.	Рассекречено в 2018 году	Ордена Красного Знамени Летно-исследовательский институт им. М.М. Громова Министерства авиационной промышленности СССР, г. Жуковский, Московская область, 1940–
29.12.1986 г. – 29.12.1986 г.	Технические задания, методические программы на научно-исследовательские и опытно-конструкторские работы и переписка по их согласованию и утверждению	РГА в г.Самаре. Ф. Р-343. Оп. 2-1. Д. 88.	Рассекречено в 2018 году	Государственное унитарное предприятие «Волжский научно-технический комплекс» (ГУП «ВНТК») Министерства экономики Российской Федерации, г. Волжский, Волгоградская область, 1958–
1986 г.	Сообщение «Разработка средств защиты от поражения лазерным излучением».	РГА в г.Самаре. Ф. Р-343. Оп. 2-1. Д. 89.	Рассекречено в 2018 году	Государственное унитарное предприятие «Волжский научно-технический комплекс» (ГУП «ВНТК») Министерства экономики Российской Федерации, г. Волжский, Волгоградская область, 1958–
1986 г.	Отчет № 697-86 по теме № 14.628-84 «Разработка рекомендаций и технических мероприятий по повышению эффективности формования и вулканизация корпусов и комплектующих СИЗ ОД (средств индивидуальной защиты органов дыхания)»	РГА в г.Самаре. Ф. Р-343. Оп. 2-1. Д. 91.	Рассекречено в 2018 году	Государственное унитарное предприятие «Волжский научно-технический комплекс» (ГУП «ВНТК») Министерства экономики Российской Федерации, г. Волжский, Волгоградская область, 1958–
07.01.1987 г. – 12.11.1987 г.	Технические задания, методические программы на научно-исследовательские и опытно-конструкторские работы и переписка по их согласованию и утверждению	РГА в г.Самаре. Ф. Р-343. Оп. 2-1. Д. 92.	Рассекречено в 2018 году	Государственное унитарное предприятие «Волжский научно-технический комплекс» (ГУП «ВНТК») Министерства экономики Российской Федерации, г. Волжский, Волгоградская область, 1958–
1987 г.	Отчет № 745-87 по теме № 04.627-84 «Разработка конструкции литьевых форм и отработка технологии литья корпусов изделий МГП. М-80 № МД-4»	РГА в г.Самаре. Ф. Р-343. Оп. 2-1. Д. 93.	Рассекречено в 2018 году	Государственное унитарное предприятие «Волжский научно-технический комплекс» (ГУП «ВНТК») Министерства экономики Российской Федерации, г. Волжский, Волгоградская область, 1958–
1987 г.	Отчет № 746-87 по теме № 04.627-86 «Отработка конструкций прессформ и оказание технической помощи заводам в их внедрении»	РГА в г.Самаре. Ф. Р-343. Оп. 2-1. Д. 94.	Рассекречено в 2018 году	Государственное унитарное предприятие «Волжский научно-технический комплекс» (ГУП «ВНТК») Министерства экономики Российской Федерации, г. Волжский, Волгоградская область, 1958–
29.05.1986 г. – 29.05.1986 г.	Протоколы заседаний постоянно действующей технической комиссии института	РГА в г.Самаре. Ф. Р-343. Оп. 3-6. Д. 135.	Рассекречено в 2018 году	Государственное унитарное предприятие «Волжский научно-технический комплекс» (ГУП «ВНТК») Министерства экономики Российской Федерации, г. Волжский, Волгоградская область, 1958–
22.01.1986 г. – 27.11.1986 г.	Переписка по применению и разъяснению утвержденных правил, положений, инструкций, а также указаний и рекомендаций Первого отдела Министерства	РГА в г.Самаре. Ф. Р-343. Оп. 3-6. Д. 136.	Рассекречено в 2018 году	Государственное унитарное предприятие «Волжский научно-технический комплекс» (ГУП «ВНТК») Министерства экономики Российской Федерации, г. Волжский, Волгоградская область, 1958–
17.01.1986 г. – 30.12.1986 г.	Тематические планы, аннотированные отчеты о выполнении тематических планов, отчеты по темам и переписка по их согласованию и утверждению с вышестоящими организациями	РГА в г.Самаре. Ф. Р-343. Оп. 3-6. Д. 137.	Рассекречено в 2018 году	Государственное унитарное предприятие «Волжский научно-технический комплекс» (ГУП «ВНТК») Министерства экономики Российской Федерации, г. Волжский, Волгоградская область, 1958–
1986 г.	Тематический план на 1986 год по лаборатории № 4, 14, 15	РГА в г.Самаре. Ф. Р-343. Оп. 3-6. Д. 138.	Рассекречено в 2018 году	Государственное унитарное предприятие «Волжский научно-технический комплекс» (ГУП «ВНТК») Министерства экономики Российской Федерации, г. Волжский, Волгоградская область, 1958–
1986 г.	Тематический план на 1986 год по отделу № 15	РГА в г.Самаре. Ф. Р-343. Оп. 3-6. Д. 139.	Рассекречено в 2018 году	Государственное унитарное предприятие «Волжский научно-технический комплекс» (ГУП «ВНТК») Министерства экономики Российской Федерации, г. Волжский, Волгоградская область, 1958–
1986 г.	Тематический план на 1986 год по отделу № 19	РГА в г.Самаре. Ф. Р-343. Оп. 3-6. Д. 140.	Рассекречено в 2018 году	Государственное унитарное предприятие «Волжский научно-технический комплекс» (ГУП «ВНТК») Министерства экономики Российской Федерации, г. Волжский, Волгоградская область, 1958–
1986 г.	Аннотированный отчет о выполнении тематического плана за 1986 год по лабораториям №№ 4, 14, 15	РГА в г.Самаре. Ф. Р-343. Оп. 3-6. Д. 141.	Рассекречено в 2018 году	Государственное унитарное предприятие «Волжский научно-технический комплекс» (ГУП «ВНТК») Министерства экономики Российской Федерации, г. Волжский, Волгоградская область, 1958–
1986 г.	Аннотированный отчет о выполнении тематического плана за 1986 год по отделу № 15	РГА в г.Самаре. Ф. Р-343. Оп. 3-6. Д. 142.	Рассекречено в 2018 году	Государственное унитарное предприятие «Волжский научно-технический комплекс» (ГУП «ВНТК») Министерства экономики Российской Федерации, г. Волжский, Волгоградская область, 1958–
1986 г.	Отчет о выполнении тематического плана за 1986 год по отделу № 19	РГА в г.Самаре. Ф. Р-343. Оп. 3-6. Д. 143.	Рассекречено в 2018 году	Государственное унитарное предприятие «Волжский научно-технический комплекс» (ГУП «ВНТК») Министерства экономики Российской Федерации, г. Волжский, Волгоградская область, 1958–
18.06.1987 г. – 01.07.1987 г.	Протоколы заседаний постоянно действующей технической комиссии института	РГА в г.Самаре. Ф. Р-343. Оп. 3-6. Д. 144.	Рассекречено в 2018 году	Государственное унитарное предприятие «Волжский научно-технический комплекс» (ГУП «ВНТК») Министерства экономики Российской Федерации, г. Волжский, Волгоградская область, 1958–
18.06.1987 г. – 01.07.1987 г.	Переписка по применению и разъяснению утвержденных правил, положений, инструкций, а также указаний и рекомендации Первого отдела Министерства	РГА в г.Самаре. Ф. Р-343. Оп. 3-6. Д. 145.	Рассекречено в 2018 году	Государственное унитарное предприятие «Волжский научно-технический комплекс» (ГУП «ВНТК») Министерства экономики Российской Федерации, г. Волжский, Волгоградская область, 1958–
05.01.1987 г. – 30.12.1987 г.	Тематические планы, аннотированные отчеты о выполнении тематических планов, отчеты по темам и переписка по их согласованию и утверждению с вышестоящими организациями	РГА в г.Самаре. Ф. Р-343. Оп. 3-6. Д. 146.	Рассекречено в 2018 году	Государственное унитарное предприятие «Волжский научно-технический комплекс» (ГУП «ВНТК») Министерства экономики Российской Федерации, г. Волжский, Волгоградская область, 1958–
1987 г.	Тематический план на 1987 год по отделу № 4	РГА в г.Самаре. Ф. Р-343. Оп. 3-6. Д. 147.	Рассекречено в 2018 году	Государственное унитарное предприятие «Волжский научно-технический комплекс» (ГУП «ВНТК») Министерства экономики Российской Федерации, г. Волжский, Волгоградская область, 1958–
1987 г.	Тематический план на 1987 год по отделу № 15	РГА в г.Самаре. Ф. Р-343. Оп. 3-6. Д. 148.	Рассекречено в 2018 году	Государственное унитарное предприятие «Волжский научно-технический комплекс» (ГУП «ВНТК») Министерства экономики Российской Федерации, г. Волжский, Волгоградская область, 1958–
1987 г.	Тематический план на 1987 год по отделу № 19	РГА в г.Самаре. Ф. Р-343. Оп. 3-6. Д. 149.	Рассекречено в 2018 году	Государственное унитарное предприятие «Волжский научно-технический комплекс» (ГУП «ВНТК») Министерства экономики Российской Федерации, г. Волжский, Волгоградская область, 1958–
1987 г.	Аннотированный отчет о выполнении тематического плана за I полугодие 1987 года по отделу № 4	РГА в г.Самаре. Ф. Р-343. Оп. 3-6. Д. 150.	Рассекречено в 2018 году	Государственное унитарное предприятие «Волжский научно-технический комплекс» (ГУП «ВНТК») Министерства экономики Российской Федерации, г. Волжский, Волгоградская область, 1958–
1987 г.	Аннотированный отчет о выполнении тематического плана за I полугодие 1987 года по отделу № 15	РГА в г.Самаре. Ф. Р-343. Оп. 3-6. Д. 151.	Рассекречено в 2018 году	Государственное унитарное предприятие «Волжский научно-технический комплекс» (ГУП «ВНТК») Министерства экономики Российской Федерации, г. Волжский, Волгоградская область, 1958–
1987 г.	Аннотированный отчет о выполнении тематического плана за 1987 год по отделу № 19	РГА в г.Самаре. Ф. Р-343. Оп. 3-6. Д. 152.	Рассекречено в 2018 году	Государственное унитарное предприятие «Волжский научно-технический комплекс» (ГУП «ВНТК») Министерства экономики Российской Федерации, г. Волжский, Волгоградская область, 1958–
1985 г.	Промышленный район города Новокуйбышевска Куйбышевской области. Энергоснабжение. План-схема	РГА в г.Самаре. Ф. Р-357. Оп. 5-4. Д. 43.	Рассекречено в 2018 году	Куйбышевское отделение Государственного проектного института «Электропроект» Министерства монтажных и специальных строительных работ СССР, г. Куйбышев, 1954–
1986 г.	Объект 343 КЖИ, г. Москва. Электроснабжение и связь. Рабочая документация. План трасс кабельных линий 10 кв. и кабельных линий связи до площадки 343 КЖИ	РГА в г.Самаре. Ф. Р-357. Оп. 5-4. Д. 69.	Рассекречено в 2018 году	Куйбышевское отделение Государственного проектного института «Электропроект» Министерства монтажных и специальных строительных работ СССР, г. Куйбышев, 1954–
1986 г.	Восточный Промышленный узел в г. Ульяновске. Заказ 308. II очередь строительства. Электроснабжение. Рабочая документация. Корпус 1. Архитектурное освещение блоков В, Б, А (северная часть). План.	РГА в г.Самаре. Ф. Р-357. Оп. 5-4. Д. 122.	Рассекречено в 2018 году	Куйбышевское отделение Государственного проектного института «Электропроект» Министерства монтажных и специальных строительных работ СССР, г. Куйбышев, 1954–
1986 г.	Восточный Промышленный узел в г. Ульяновске. Заказ 308. II очередь строительства. Электроснабжение. Рабочая документация. Корпус 1. Наружное освещение. План	РГА в г.Самаре. Ф. Р-357. Оп. 5-4. Д. 123.	Рассекречено в 2018 году	Куйбышевское отделение Государственного проектного института «Электропроект» Министерства монтажных и специальных строительных работ СССР, г. Куйбышев, 1954–
1986 г.	Восточный Промышленный узел в г. Ульяновске. Заказ 308. II очередь строительства. Электроснабжение. Рабочая документация. Корпус 3/1. Архитектурное освещение. План.	РГА в г.Самаре. Ф. Р-357. Оп. 5-4. Д. 124.	Рассекречено в 2018 году	Куйбышевское отделение Государственного проектного института «Электропроект» Министерства монтажных и специальных строительных работ СССР, г. Куйбышев, 1954–
1986 г.	Восточный Промышленный узел в г. Ульяновске. Заказ 308. II очередь строительства. Электроснабжение. Рабочая документация. Корпус 3/1. Схема электрическая принципиальная	РГА в г.Самаре. Ф. Р-357. Оп. 5-4. Д. 125.	Рассекречено в 2018 году	Куйбышевское отделение Государственного проектного института «Электропроект» Министерства монтажных и специальных строительных работ СССР, г. Куйбышев, 1954–
1986 г.	Восточный Промышленный узел в г. Ульяновске. Заказ 308. II очередь строительства. Электроснабжение. Рабочая документация. Электроосвещение проездов и территории промышленной площадки. Наружное освещение поездов. План	РГА в г.Самаре. Ф. Р-357. Оп. 5-4. Д. 126.	Рассекречено в 2018 году	Куйбышевское отделение Государственного проектного института «Электропроект» Министерства монтажных и специальных строительных работ СССР, г. Куйбышев, 1954–
1986 г.	Восточный Промышленный узел в г. Ульяновске. Заказ 308. II очередь строительства. Электроснабжение. Рабочая документация. Электроосвещение проездов и территории промышленной площадки. Наружное освещение поездов. Ведомость пересечений кабельных трасс	РГА в г.Самаре. Ф. Р-357. Оп. 5-4. Д. 127.	Рассекречено в 2018 году	Куйбышевское отделение Государственного проектного института «Электропроект» Министерства монтажных и специальных строительных работ СССР, г. Куйбышев, 1954–
1987 г.	Восточный Промышленный узел в г. Ульяновске. Заказ 308. II очередь строительства. Электроснабжение. Рабочая документация. Электроосвещение проездов и территории промышленной площадки. Наружное освещение поездов. Ведомость пересечений кабельных трасс электроосвещения с инженерными коммуникациями	РГА в г.Самаре. Ф. Р-357. Оп. 5-4. Д. 129.	Рассекречено в 2018 году	Куйбышевское отделение Государственного проектного института «Электропроект» Министерства монтажных и специальных строительных работ СССР, г. Куйбышев, 1954–
1987 г.	Восточный Промышленный узел в г. Ульяновске. Заказ 308. II очередь строительства. Электроснабжение. Рабочая документация. Электроосвещение проездов и территории промышленной площадки. Промплощадка № 1. Архитектурное освещение бульваров между блоками А и Б, Б и В. Планы.	РГА в г.Самаре. Ф. Р-357. Оп. 5-4. Д. 130.	Рассекречено в 2018 году	Куйбышевское отделение Государственного проектного института «Электропроект» Министерства монтажных и специальных строительных работ СССР, г. Куйбышев, 1954–
1987 г.	Восточный Промышленный узел в г. Ульяновске. Заказ 308. II очередь строительства. Электроснабжение. Рабочая документация. Электроосвещение проездов и территории промышленной площадки. Внешнее электроснабжение внеплощадочных объектов. План-схема с расположением ГПП (главных понизительных подстанций), ВП, ТП (трансформаторных подстанций) и сетей 6 и 10 кв.	РГА в г.Самаре. Ф. Р-357. Оп. 5-4. Д. 132.	Рассекречено в 2018 году	Куйбышевское отделение Государственного проектного института «Электропроект» Министерства монтажных и специальных строительных работ СССР, г. Куйбышев, 1954–
1987 г.	Рабочая документация. Пусковой комплекс 1988 г. Промплощадка № 1. Корпус 45. Архитектурное освещение. План	РГА в г.Самаре. Ф. Р-357. Оп. 5-4. Д. 145.	Рассекречено в 2018 году	Куйбышевское отделение Государственного проектного института «Электропроект» Министерства монтажных и специальных строительных работ СССР, г. Куйбышев, 1954–
1987 г.	Рабочая документация. Пусковой комплекс 1988 г. Промплощадка № 1. Расчет электрических нагрузок. Приложение к пояснительной записке	РГА в г.Самаре. Ф. Р-357. Оп. 5-4. Д. 150.	Рассекречено в 2018 году	Куйбышевское отделение Государственного проектного института «Электропроект» Министерства монтажных и специальных строительных работ СССР, г. Куйбышев, 1954–
1985 г.	В/ч 92560. Охранная сигнализация и охранное освещение периметра объекта 54-КБ. Проект. Пояснительная записка	РГА в г.Самаре. Ф. Р-357. Оп. 5-4. Д. 169.	Рассекречено в 2018 году	Куйбышевское отделение Государственного проектного института «Электропроект» Министерства монтажных и специальных строительных работ СССР, г. Куйбышев, 1954–
1985 г.	В/ч 92560. Охранная сигнализация и охранное освещение периметра объекта 54-КБ. Проект. Ведомости на оборудование. Приложение и пояснительная записка	РГА в г.Самаре. Ф. Р-357. Оп. 5-4. Д. 170.	Рассекречено в 2018 году	Куйбышевское отделение Государственного проектного института «Электропроект» Министерства монтажных и специальных строительных работ СССР, г. Куйбышев, 1954–
1985 г.	В/ч 92560. Охранная сигнализация и охранное освещение периметра объекта 54-КБ. Проект. План трасс кабельных линий 10-0,4 кв. и контрольных на территории объекта	РГА в г.Самаре. Ф. Р-357. Оп. 5-4. Д. 171.	Рассекречено в 2018 году	Куйбышевское отделение Государственного проектного института «Электропроект» Министерства монтажных и специальных строительных работ СССР, г. Куйбышев, 1954–
1985 г.	В/ч 92560. Охранная сигнализация и охранное освещение периметра объекта 54-КБ. Проект. Схема организации сигнализации и связи периметра	РГА в г.Самаре. Ф. Р-357. Оп. 5-4. Д. 172.	Рассекречено в 2018 году	Куйбышевское отделение Государственного проектного института «Электропроект» Министерства монтажных и специальных строительных работ СССР, г. Куйбышев, 1954–
1985 г.	В/ч 92560. Охранная сигнализация и охранное освещение периметра объекта 54-КБ. Проект. Наружное и охранное освещение. План	РГА в г.Самаре. Ф. Р-357. Оп. 5-4. Д. 173.	Рассекречено в 2018 году	Куйбышевское отделение Государственного проектного института «Электропроект» Министерства монтажных и специальных строительных работ СССР, г. Куйбышев, 1954–
1985 г.	В/ч 92560. Охранная сигнализация и охранное освещение периметра объекта 54-КБ. Рабочая документация. Техническая территория. Периметр. План расположения оборудования и трасс кабелей	РГА в г.Самаре. Ф. Р-357. Оп. 5-4. Д. 174.	Рассекречено в 2018 году	Куйбышевское отделение Государственного проектного института «Электропроект» Министерства монтажных и специальных строительных работ СССР, г. Куйбышев, 1954–
1985 г.	В/ч 92560. Охранная сигнализация и охранное освещение периметра объекта 54-КБ. Рабочая документация. Техническая территория. Периметр. Схемы распределительной сети, охранной сигнализации и электрических подключений	РГА в г.Самаре. Ф. Р-357. Оп. 5-4. Д. 175.	Рассекречено в 2018 году	Куйбышевское отделение Государственного проектного института «Электропроект» Министерства монтажных и специальных строительных работ СССР, г. Куйбышев, 1954–
1985 г.	В/ч 92560. Охранная сигнализация и охранное освещение периметра объекта 54-КБ. Рабочая документация. Техническая территория. Периметр. Планы расположения оборудования в караульном помещении	РГА в г.Самаре. Ф. Р-357. Оп. 5-4. Д. 176.	Рассекречено в 2018 году	Куйбышевское отделение Государственного проектного института «Электропроект» Министерства монтажных и специальных строительных работ СССР, г. Куйбышев, 1954–
1985 г.	В/ч 92560. Охранная сигнализация и охранное освещение периметра объекта 54-КБ. Рабочая документация. Склад ГСМ (горюче-смазочных материалов). План трассы кабельных линий связи и радиофикации	РГА в г.Самаре. Ф. Р-357. Оп. 5-4. Д. 186.	Рассекречено в 2018 году	Куйбышевское отделение Государственного проектного института «Электропроект» Министерства монтажных и специальных строительных работ СССР, г. Куйбышев, 1954–
1985 г.	В/ч 92560. Охранная сигнализация и охранное освещение периметра объекта 54-КБ. Рабочая документация. Склад ГСМ. План трассы кабельной линии 0,4 кв.	РГА в г.Самаре. Ф. Р-357. Оп. 5-4. Д. 187.	Рассекречено в 2018 году	Куйбышевское отделение Государственного проектного института «Электропроект» Министерства монтажных и специальных строительных работ СССР, г. Куйбышев, 1954–
1985 г.	В/ч 92560. Охранная сигнализация и охранное освещение периметра объекта 54-КБ. Рабочая документация. Насосная станция I-го подъема. Планы трассы кабельной линии 0,4 кв. и контрольных линий	РГА в г.Самаре. Ф. Р-357. Оп. 5-4. Д. 188.	Рассекречено в 2018 году	Куйбышевское отделение Государственного проектного института «Электропроект» Министерства монтажных и специальных строительных работ СССР, г. Куйбышев, 1954–
1950 г.	Тактико-технические требования на регулятор турбокомпрессора РТК-2.	РГА в г.Самаре. Ф. Р-430. Оп. 2-2. Д. 1.	Рассекречено в 2018 году	Конструкторское бюро промышленной автоматики (КБПА) Министерства авиационной промышленности СССР, г. Саратов, 1947–
1950 г.	Тактико-технические требования на электрический манометр до 80 кг/см2 для жидкостного реактивного двигателя	РГА в г.Самаре. Ф. Р-430. Оп. 2-2. Д. 2.	Рассекречено в 2018 году	Конструкторское бюро промышленной автоматики (КБПА) Министерства авиационной промышленности СССР, г. Саратов, 1947–
1950 г.	Тактико-технические требования на электрический двухстрелочный моторный индикатор	РГА в г.Самаре. Ф. Р-430. Оп. 2-2. Д. 3.	Рассекречено в 2018 году	Конструкторское бюро промышленной автоматики (КБПА) Министерства авиационной промышленности СССР, г. Саратов, 1947–
1950 г.	Технические требования на переключатель давления масла в гидравлической системе	РГА в г.Самаре. Ф. Р-430. Оп. 2-2. Д. 4.	Рассекречено в 2018 году	Конструкторское бюро промышленной автоматики (КБПА) Министерства авиационной промышленности СССР, г. Саратов, 1947–
1950 г.	Технические требования к пружине Бурдона	РГА в г.Самаре. Ф. Р-430. Оп. 2-2. Д. 5.	Рассекречено в 2018 году	Конструкторское бюро промышленной автоматики (КБПА) Министерства авиационной промышленности СССР, г. Саратов, 1947–
1955 г.	Отчет по лабораторному исследованию электрической схемы указателя истинной воздушной скорости разработки ОКБ-213	РГА в г.Самаре. Ф. Р-430. Оп. 2-2. Д. 6.	Рассекречено в 2018 году	Конструкторское бюро промышленной автоматики (КБПА) Министерства авиационной промышленности СССР, г. Саратов, 1947–
1955 г.	Тактико-техническое задание на датчики давления сжатого воздуха в баллонах	РГА в г.Самаре. Ф. Р-430. Оп. 2-2. Д. 7.	Рассекречено в 2018 году	Конструкторское бюро промышленной автоматики (КБПА) Министерства авиационной промышленности СССР, г. Саратов, 1947–
1955 г.	Тактико-техническое задание на электрический трехстрелочный индикатор для тормоза	РГА в г.Самаре. Ф. Р-430. Оп. 2-2. Д. 8.	Рассекречено в 2018 году	Конструкторское бюро промышленной автоматики (КБПА) Министерства авиационной промышленности СССР, г. Саратов, 1947–
1955 г.	Тактико-техническое задание на акселерометр габаритный	РГА в г.Самаре. Ф. Р-430. Оп. 2-2. Д. 9.	Рассекречено в 2018 году	Конструкторское бюро промышленной автоматики (КБПА) Министерства авиационной промышленности СССР, г. Саратов, 1947–
1955 г.	Технические требования на дополнительные гидроузлы к датчику ГТД-54	РГА в г.Самаре. Ф. Р-430. Оп. 2-2. Д. 10.	Рассекречено в 2018 году	Конструкторское бюро промышленной автоматики (КБПА) Министерства авиационной промышленности СССР, г. Саратов, 1947–
1956 г.	Тактико-технические требования на навигационный координатор НК-46	РГА в г.Самаре. Ф. Р-430. Оп. 2-2. Д. 11.	Рассекречено в 2018 году	Конструкторское бюро промышленной автоматики (КБПА) Министерства авиационной промышленности СССР, г. Саратов, 1947–
1956 г.	Тактико-технические требования на электрический манометр до 120 кг/см2	РГА в г.Самаре. Ф. Р-430. Оп. 2-2. Д. 12.	Рассекречено в 2018 году	Конструкторское бюро промышленной автоматики (КБПА) Министерства авиационной промышленности СССР, г. Саратов, 1947–
1956 г.	Тактико-технические требования на электрический манометр масла до 15 кг/см2	РГА в г.Самаре. Ф. Р-430. Оп. 2-2. Д. 13.	Рассекречено в 2018 году	Конструкторское бюро промышленной автоматики (КБПА) Министерства авиационной промышленности СССР, г. Саратов, 1947–
1956 г.	Тактико-технические требования на механический манометр с электрической сигнализацией предельных давлений	РГА в г.Самаре. Ф. Р-430. Оп. 2-2. Д. 14.	Рассекречено в 2018 году	Конструкторское бюро промышленной автоматики (КБПА) Министерства авиационной промышленности СССР, г. Саратов, 1947–
1956 г.	Тактико-технические требования на сигнализатор температуры воздуха СТ-47	РГА в г.Самаре. Ф. Р-430. Оп. 2-2. Д. 15.	Рассекречено в 2018 году	Конструкторское бюро промышленной автоматики (КБПА) Министерства авиационной промышленности СССР, г. Саратов, 1947–
1956 г.	Тактико-технические требования на электрический манометр тяги для кислородно-спиртового жидкостного реактивного двигателя	РГА в г.Самаре. Ф. Р-430. Оп. 2-2. Д. 16.	Рассекречено в 2018 году	Конструкторское бюро промышленной автоматики (КБПА) Министерства авиационной промышленности СССР, г. Саратов, 1947–
1956 г.	Тактико-технические требования на механический манометр воздуха до 300 кг/м2	РГА в г.Самаре. Ф. Р-430. Оп. 2-2. Д. 17.	Рассекречено в 2018 году	Конструкторское бюро промышленной автоматики (КБПА) Министерства авиационной промышленности СССР, г. Саратов, 1947–
1956 г.	Тактико-технические требования на электрический расходометр топлива	РГА в г.Самаре. Ф. Р-430. Оп. 2-2. Д. 18.	Рассекречено в 2018 году	Конструкторское бюро промышленной автоматики (КБПА) Министерства авиационной промышленности СССР, г. Саратов, 1947–
1956 г.	Тактико-технические требования по регулятору давления воздуха	РГА в г.Самаре. Ф. Р-430. Оп. 2-2. Д. 19.	Рассекречено в 2018 году	Конструкторское бюро промышленной автоматики (КБПА) Министерства авиационной промышленности СССР, г. Саратов, 1947–
1956 г.	Технические задания на разработку автоматических сигнализаторов предельных давлений, температур и перемещений	РГА в г.Самаре. Ф. Р-430. Оп. 2-2. Д. 20.	Рассекречено в 2018 году	Конструкторское бюро промышленной автоматики (КБПА) Министерства авиационной промышленности СССР, г. Саратов, 1947–
1956 г.	Тактико-технические требования на сигнализатор уровня	РГА в г.Самаре. Ф. Р-430. Оп. 2-2. Д. 22.	Рассекречено в 2018 году	Конструкторское бюро промышленной автоматики (КБПА) Министерства авиационной промышленности СССР, г. Саратов, 1947–
1956 г.	Сигнализаторы типа КС-49	РГА в г.Самаре. Ф. Р-430. Оп. 2-2. Д. 23.	Рассекречено в 2018 году	Конструкторское бюро промышленной автоматики (КБПА) Министерства авиационной промышленности СССР, г. Саратов, 1947–
1956 г.	Технические требования на ПДМЭ (переключатель давления масла электрический) и СПМ	РГА в г.Самаре. Ф. Р-430. Оп. 2-2. Д. 24.	Рассекречено в 2018 году	Конструкторское бюро промышленной автоматики (КБПА) Министерства авиационной промышленности СССР, г. Саратов, 1947–
1956 г.	Тактико-технические требования на сигнализатор предельного уровня типа ОУ-50	РГА в г.Самаре. Ф. Р-430. Оп. 2-2. Д. 25.	Рассекречено в 2018 году	Конструкторское бюро промышленной автоматики (КБПА) Министерства авиационной промышленности СССР, г. Саратов, 1947–
1956 г.	Акселерометр А-10. Унификация сигнализаторов и переключателей давления. Пневмореле воздушное Пр5-09, Пр5-1,5 и ПР-52	РГА в г.Самаре. Ф. Р-430. Оп. 2-2. Д. 26.	Рассекречено в 2018 году	Конструкторское бюро промышленной автоматики (КБПА) Министерства авиационной промышленности СССР, г. Саратов, 1947–
1956 г.	Технические требования на сдвоенный манометр типа 2ЭДМ-150	РГА в г.Самаре. Ф. Р-430. Оп. 2-2. Д. 27.	Рассекречено в 2018 году	Конструкторское бюро промышленной автоматики (КБПА) Министерства авиационной промышленности СССР, г. Саратов, 1947–
1956 г.	Технические требования на сигнализатор давления	РГА в г.Самаре. Ф. Р-430. Оп. 2-2. Д. 28.	Рассекречено в 2018 году	Конструкторское бюро промышленной автоматики (КБПА) Министерства авиационной промышленности СССР, г. Саратов, 1947–
1956 г.	Технические требования на электрический манометр типа ЭДМУ-8	РГА в г.Самаре. Ф. Р-430. Оп. 2-2. Д. 29.	Рассекречено в 2018 году	Конструкторское бюро промышленной автоматики (КБПА) Министерства авиационной промышленности СССР, г. Саратов, 1947–
1956 г.	Тактико-технические требования и технические задания на изделия, разрабатываемые ОКБ: Тактико-технические требования на самописец перегрузок и углов наклона с отключающейся коррекцией оси гидроскопа. Тактико-технические требования на демпфер рысканья для самолета «РС». Тактико-технические требования на установку для проверки на самолетах приборного оборудования типа УППО	РГА в г.Самаре. Ф. Р-430. Оп. 2-2. Д. 30.	Рассекречено в 2018 году	Конструкторское бюро промышленной автоматики (КБПА) Министерства авиационной промышленности СССР, г. Саратов, 1947–
1960 г.	Тактико-технические требования на датчики угловых скоростей	РГА в г.Самаре. Ф. Р-430. Оп. 2-2. Д. 31.	Рассекречено в 2018 году	Конструкторское бюро промышленной автоматики (КБПА) Министерства авиационной промышленности СССР, г. Саратов, 1947–
1960 г.	Технические требования на трехкомпонентный датчик угловых скоростей самолета по трем осям	РГА в г.Самаре. Ф. Р-430. Оп. 2-2. Д. 32.	Рассекречено в 2018 году	Конструкторское бюро промышленной автоматики (КБПА) Министерства авиационной промышленности СССР, г. Саратов, 1947–
1960 г.	Технические требования на трехкомпонентный электрик чёски датчик угловых скоростей самолета	РГА в г.Самаре. Ф. Р-430. Оп. 2-2. Д. 33.	Рассекречено в 2018 году	Конструкторское бюро промышленной автоматики (КБПА) Министерства авиационной промышленности СССР, г. Саратов, 1947–
1960 г.	Техническое задание на разработку датчиков угловой скорости (Группа А, Группа Б)	РГА в г.Самаре. Ф. Р-430. Оп. 2-2. Д. 34.	Рассекречено в 2018 году	Конструкторское бюро промышленной автоматики (КБПА) Министерства авиационной промышленности СССР, г. Саратов, 1947–
1960 г.	Техническое задание на доработку датчиков ДУС-АБ (датчиков угловых скоростей)	РГА в г.Самаре. Ф. Р-430. Оп. 2-2. Д. 35.	Рассекречено в 2018 году	Конструкторское бюро промышленной автоматики (КБПА) Министерства авиационной промышленности СССР, г. Саратов, 1947–
1960 г.	Тактико-технические требования на изделия, разработанные ОКБ. Тактико-технические требования на макет автопилота для вертолета Ми-4. Технические требования на объединенную систему стабилизации курса для самолета РСР при ручном управлении. Технические требования на унифицированный демпфер колебаний самолета	РГА в г.Самаре. Ф. Р-430. Оп. 2-2. Д. 36.	Рассекречено в 2018 году	Конструкторское бюро промышленной автоматики (КБПА) Министерства авиационной промышленности СССР, г. Саратов, 1947–
1960 г.	Информационные карты на изделия, разработанные ОКБ-213: Датчик угловых скоростей типа ДУС-АБ. Система измерения угловых скоростей типа ГТД-56	РГА в г.Самаре. Ф. Р-430. Оп. 2-2. Д. 37.	Рассекречено в 2018 году	Конструкторское бюро промышленной автоматики (КБПА) Министерства авиационной промышленности СССР, г. Саратов, 1947–
1960 г.	Тактико-технические требования и технические задания на изделия, разрабатываемые ОКБ: Технические задания на ДУС-РД-1100, ДУС-И, ДУС-Д, ДУС-ИТ и ДУС-ЭТ. Технические задания на разработку ИГ (интегрирующего гироскопа) с плавающим кордоном. Тактико-технические требования на разработку указателей положения кабель троса.	РГА в г.Самаре. Ф. Р-430. Оп. 2-2. Д. 38.	Рассекречено в 2018 году	Конструкторское бюро промышленной автоматики (КБПА) Министерства авиационной промышленности СССР, г. Саратов, 1947–
1960 г.	Информационные карты на изделия, разрабатываемые ОКБ-213 на унифицированные демпферы колебаний Д-lK-107, Д-2К-115, Д-2К-115, Д-3К-110, автопилот–73.	РГА в г.Самаре. Ф. Р-430. Оп. 2-2. Д. 39.	Рассекречено в 2018 году	Конструкторское бюро промышленной автоматики (КБПА) Министерства авиационной промышленности СССР, г. Саратов, 1947–
1960 г.	Техническое задание на ДУС-В. Техническое задание на доработку подшипников, работающих при перегрузке 550 ед. Техническое задание на разработку макетного образца автопилота стабилизации пути. Техническое задание на ДУС-Б. Техническое задание на разработку ИПГ-М. Тактико-технические требования на комбинированный прибор ДА-300. Тактико-технические требования на демпфер Д-3К-110.	РГА в г.Самаре. Ф. Р-430. Оп. 2-2. Д. 40.	Рассекречено в 2018 году	Конструкторское бюро промышленной автоматики (КБПА) Министерства авиационной промышленности СССР, г. Саратов, 1947–
1960 г.	Информационные карты на изделия, разработанные ОКБ-213, изделие: ГТ-1, Б4ДГ	РГА в г.Самаре. Ф. Р-430. Оп. 2-2. Д. 41.	Рассекречено в 2018 году	Конструкторское бюро промышленной автоматики (КБПА) Министерства авиационной промышленности СССР, г. Саратов, 1947–
1965 г.	Тактико-технические требования модернизированный указатель «поворота»	РГА в г.Самаре. Ф. Р-430. Оп. 2-2. Д. 42.	Рассекречено в 2018 году	Конструкторское бюро промышленной автоматики (КБПА) Министерства авиационной промышленности СССР, г. Саратов, 1947–
1965 г.	Тактико-технические требования на «Авиагоризонт уменьшенных габаритов для потребителей»	РГА в г.Самаре. Ф. Р-430. Оп. 2-2. Д. 43.	Рассекречено в 2018 году	Конструкторское бюро промышленной автоматики (КБПА) Министерства авиационной промышленности СССР, г. Саратов, 1947–
1965 г.	Тактико-технические требования на разработку установки для проверки на самолетах исправности приборного оборудования. Тактико-технические требования на датчик углов пикирования	РГА в г.Самаре. Ф. Р-430. Оп. 2-2. Д. 44.	Рассекречено в 2018 году	Конструкторское бюро промышленной автоматики (КБПА) Министерства авиационной промышленности СССР, г. Саратов, 1947–
1965 г.	Тактико-технические требования и технические задания на изделия, разрабатываемые ОКБ-213: Тактико-технические требования на разработку упрощенного дублера авиагоризонта. Тактико-технические требования на разработку опытных образцов датчика угловых скоростей. Тактико-технические требования на разработку «ЭУП-РС» (электрический указатель поворота). Технические задания на разработку системы угловых скоростей для объекта «Д».	РГА в г.Самаре. Ф. Р-430. Оп. 2-2. Д. 45.	Рассекречено в 2018 году	Конструкторское бюро промышленной автоматики (КБПА) Министерства авиационной промышленности СССР, г. Саратов, 1947–
1965 г.	Техническое задание на разработку демпферов рысканья и тангажа для самолета ЯК-27в. Тактико-технические требования на разработку электрического указателя поворота «ЭУП-РС», «УПВС»	РГА в г.Самаре. Ф. Р-430. Оп. 2-2. Д. 46.	Рассекречено в 2018 году	Конструкторское бюро промышленной автоматики (КБПА) Министерства авиационной промышленности СССР, г. Саратов, 1947–
1965 г.	Техническое задание на разработку демпфера тангажа для машины «ЗМ». Техническое задание на разработку системы измерения угловых скоростей для объекта «Д» -ГТД-56. Тактико-технические требования на прибор ДА-100. Тактико-технические требования на указатель поворота ЭУП-55.	РГА в г.Самаре. Ф. Р-430. Оп. 2-2. Д. 47.	Рассекречено в 2018 году	Конструкторское бюро промышленной автоматики (КБПА) Министерства авиационной промышленности СССР, г. Саратов, 1947–
1965 г.	Тактико-технические требования изделий ДА-300, ДА-500, ДУП- «РС» (дублеры авиагоризонта, дистанционный указатель положения)	РГА в г.Самаре. Ф. Р-430. Оп. 2-2. Д. 48.	Рассекречено в 2018 году	Конструкторское бюро промышленной автоматики (КБПА) Министерства авиационной промышленности СССР, г. Саратов, 1947–
1965 г.	Акт контрольных испытаний автопилота АП-61	РГА в г.Самаре. Ф. Р-430. Оп. 2-2. Д. 49.	Рассекречено в 2018 году	Конструкторское бюро промышленной автоматики (КБПА) Министерства авиационной промышленности СССР, г. Саратов, 1947–
1965 г.	Тактико-технические требования и технические задания на изделия, разрабатываемые ОКБ. Тактико-техническое задание на АП-61 (автопилот), АП-31 (автопилот), БДГ (блок демпфирующих гироскопов). Тактико-техническое требование на автопилот для самолета-разведчика	РГА в г.Самаре. Ф. Р-430. Оп. 2-2. Д. 50.	Рассекречено в 2018 году	Конструкторское бюро промышленной автоматики (КБПА) Министерства авиационной промышленности СССР, г. Саратов, 1947–
1965 г.	Протоколы согласования связи прицела торпедобомбометания по подводным лодкам «Жасмин»	РГА в г.Самаре. Ф. Р-430. Оп. 2-2. Д. 51.	Рассекречено в 2018 году	Конструкторское бюро промышленной автоматики (КБПА) Министерства авиационной промышленности СССР, г. Саратов, 1947–
1965 г.	Тактико-технические требования и технические задания, разрабатываемые ОКБ. Техническое задание на автопилот «КРМ» Тактико-техническое задание на КАП-3 (автопилот). Технические требования на пневматическое мембранное реле для НСЕД двигателя ЗД717. Тактико-технические требования на автопилот АП-116 для винтокрыла КА-22	РГА в г.Самаре. Ф. Р-430. Оп. 2-2. Д. 52.	Рассекречено в 2018 году	Конструкторское бюро промышленной автоматики (КБПА) Министерства авиационной промышленности СССР, г. Саратов, 1947–
1965 г.	Протокол летно-морских испытаний АП-114 (автопилот). Летные исследования автопилота КАП-1	РГА в г.Самаре. Ф. Р-430. Оп. 2-2. Д. 53.	Рассекречено в 2018 году	Конструкторское бюро промышленной автоматики (КБПА) Министерства авиационной промышленности СССР, г. Саратов, 1947–
1965 г.	Тактико-технические требования на разработку опытных образцов комбинированного прибора Да-30	РГА в г.Самаре. Ф. Р-430. Оп. 2-2. Д. 54.	Рассекречено в 2018 году	Конструкторское бюро промышленной автоматики (КБПА) Министерства авиационной промышленности СССР, г. Саратов, 1947–
1965 г.	Информационные карты на изделие АП-114, разработанные ОКБ-213	РГА в г.Самаре. Ф. Р-430. Оп. 2-2. Д. 55.	Рассекречено в 2018 году	Конструкторское бюро промышленной автоматики (КБПА) Министерства авиационной промышленности СССР, г. Саратов, 1947–
1961 г.	Пневмореле ПРМ. Акт № 611/514-12 по результатам повторных государственных лабораторных испытаний опытных образцов ряда термостойких реле давления ПРМТА, изготовления ОКБ-213	РГА в г.Самаре. Ф. Р-430. Оп. 4-2. Д. 1.	Рассекречено в 2018 году	Конструкторское бюро промышленной автоматики (КБПА) Министерства авиационной промышленности СССР, г. Саратов, 1947–
1963 г.	Датчики угловых скоростей типа ДУС. Отчет по разработке унифицированного ряда датчиков угловых скоростей типа ДУС-Б-2	РГА в г.Самаре. Ф. Р-430. Оп. 4-2. Д. 2.	Рассекречено в 2018 году	Конструкторское бюро промышленной автоматики (КБПА) Министерства авиационной промышленности СССР, г. Саратов, 1947–
1966 г.	Датчики угловых скоростей типа ДУС. Специальные технические условия на датчики угловых скоростей типа ДУС-Б-2 на диапазоне ± 60 град/сек. и выше до ± 600 град/сек. для объекта «Союз» (7К)	РГА в г.Самаре. Ф. Р-430. Оп. 4-2. Д. 3.	Рассекречено в 2018 году	Конструкторское бюро промышленной автоматики (КБПА) Министерства авиационной промышленности СССР, г. Саратов, 1947–
1966 г.	Датчики угловых скоростей типа ДУС. Программа межведомственных испытаний унифицированного ряда датчиков угловых скоростей типа ДУС-Б-2Б (на постоянном токе)	РГА в г.Самаре. Ф. Р-430. Оп. 4-2. Д. 4.	Рассекречено в 2018 году	Конструкторское бюро промышленной автоматики (КБПА) Министерства авиационной промышленности СССР, г. Саратов, 1947–
1966 г.	Датчики угловых скоростей типа ДУС. Унифицированный ряд малогабаритных гидроскопических датчиков угловых скоростей ДУС-Б-2СФ (на постоянном токе). Технические условия 6А2.329.122-1 ТУ	РГА в г.Самаре. Ф. Р-430. Оп. 4-2. Д. 5.	Рассекречено в 2018 году	Конструкторское бюро промышленной автоматики (КБПА) Министерства авиационной промышленности СССР, г. Саратов, 1947–
1966 г.	Датчики угловых скоростей типа ДУС. Акт № 154/564101-ВП по результатам государственных лабораторных испытаний опытных образцов датчика угловых скоростей ГТ-1Б, изготовление ОКБ-213 ГКАТ	РГА в г.Самаре. Ф. Р-430. Оп. 4-2. Д. 6.	Рассекречено в 2018 году	Конструкторское бюро промышленной автоматики (КБПА) Министерства авиационной промышленности СССР, г. Саратов, 1947–
1967 г.	Демпфера колебаний типа ДТ (демпфер тангажа), АУ (автомат продольной устойчивости), БДГ (блок демпфирующих гироскопов). Отчет о проведенном исследовании рулевого агрегата РАУ-107 № ЛО-8184 из комплекта демпфера тангажа ДТ-105А с самолета ТУ-22У № 2133025. (Регистрационный № АВ-22С-025).	РГА в г.Самаре. Ф. Р-430. Оп. 4-2. Д. 7.	Рассекречено в 2018 году	Конструкторское бюро промышленной автоматики (КБПА) Министерства авиационной промышленности СССР, г. Саратов, 1947–
1964 г.	Демпфера колебаний типа ДТ (демпфер тангажа), АУ (автомат продольной устойчивости), БДГ (блок демпфирующих гироскопов). Исследование возможности совместной работы автопилота АП-8 и демпфера колебаний ДТ-105А на самолет ТУ-22 (режиме стабилизации)	РГА в г.Самаре. Ф. Р-430. Оп. 4-2. Д. 8.	Рассекречено в 2018 году	Конструкторское бюро промышленной автоматики (КБПА) Министерства авиационной промышленности СССР, г. Саратов, 1947–
1964 г.	Демпфера колебаний типа ДТ (демпфер тангажа), АУ (автомат продольной устойчивости), БДГ (блок демпфирующих гироскопов). Акт № 121/564101-36 по результатам государственных лабораторных испытаний демпфера тангажа ДТ-128.	РГА в г.Самаре. Ф. Р-430. Оп. 4-2. Д. 9.	Рассекречено в 2018 году	Конструкторское бюро промышленной автоматики (КБПА) Министерства авиационной промышленности СССР, г. Саратов, 1947–
1967 г.	Демпфера колебаний типа ДТ (демпфер тангажа), АУ (автомат продольной устойчивости), БДГ (блок демпфирующих гироскопов). Материалы летных испытаний при отказе 1-го канала демпфера тангажа ДТ-128, оборудованного блоком приведения штока тяги РАУ-107 в нейтральное положение	РГА в г.Самаре. Ф. Р-430. Оп. 4-2. Д. 10.	Рассекречено в 2018 году	Конструкторское бюро промышленной автоматики (КБПА) Министерства авиационной промышленности СССР, г. Саратов, 1947–
1968 г.	Демпфера колебаний типа ДТ (демпфер тангажа), АУ (автомат продольной устойчивости), БДГ (блок демпфирующих гироскопов). Акт по результатам летных испытаний самолета ТУ-128 с дополнительными сопротивлениями в целях якорей двигателей РАУ-107 I и II каналов демпфера тангажа ДТ-128 и Д-2К-115А на режимах рулетки, взлета, посадки и предпосадочного полета	РГА в г.Самаре. Ф. Р-430. Оп. 4-2. Д. 11.	Рассекречено в 2018 году	Конструкторское бюро промышленной автоматики (КБПА) Министерства авиационной промышленности СССР, г. Саратов, 1947–
1968 г.	Демпфера колебаний типа ДТ (демпфер тангажа), АУ (автомат продольной устойчивости), БДГ (блок демпфирующих гироскопов). Отчет № 24/268101-48Н по результатам специальных испытаний по оценке правильности работы демпфера тангажа ДТ-105А на самолете ТУ-22 после выполнения работ, связанных со снятием каких-либо агрегатов или схемными доработками ДТ-105А	РГА в г.Самаре. Ф. Р-430. Оп. 4-2. Д. 12.	Рассекречено в 2018 году	Конструкторское бюро промышленной автоматики (КБПА) Министерства авиационной промышленности СССР, г. Саратов, 1947–
1967 г.	Демпфера колебаний типа ДТ (демпфер тангажа), АУ (автомат продольной устойчивости), БДГ (блок демпфирующих гироскопов). Отчет о проведенном исследовании демпфера колебаний Д-2К-115 № 1001954 с самолета ТУ-22К № 3365032	РГА в г.Самаре. Ф. Р-430. Оп. 4-2. Д. 13.	Рассекречено в 2018 году	Конструкторское бюро промышленной автоматики (КБПА) Министерства авиационной промышленности СССР, г. Саратов, 1947–
1964 г.	Демпфера колебаний типа ДТ (демпфер тангажа), АУ (автомат продольной устойчивости), БДГ (блок демпфирующих гироскопов). Заключение о допустимости уровня помех, создаваемых установкой демпфера Д-3К-110 на самолетах СУ-11	РГА в г.Самаре. Ф. Р-430. Оп. 4-2. Д. 14.	Рассекречено в 2018 году	Конструкторское бюро промышленной автоматики (КБПА) Министерства авиационной промышленности СССР, г. Саратов, 1947–
1965 г.	Демпфера колебаний типа ДТ (демпфер тангажа), АУ (автомат продольной устойчивости), БДГ (блок демпфирующих гироскопов). Эскизный проект блока Б2ДГ-М 6А2.562.042	РГА в г.Самаре. Ф. Р-430. Оп. 4-2. Д. 15.	Рассекречено в 2018 году	Конструкторское бюро промышленной автоматики (КБПА) Министерства авиационной промышленности СССР, г. Саратов, 1947–
1965 г.	Демпфера колебаний типа ДТ (демпфер тангажа), АУ (автомат продольной устойчивости), БДГ (блок демпфирующих гироскопов). Блок шести демпфирующих гироскопов ДБДГ-6. Техническое описание и инструкция по эксплуатации	РГА в г.Самаре. Ф. Р-430. Оп. 4-2. Д. 16.	Рассекречено в 2018 году	Конструкторское бюро промышленной автоматики (КБПА) Министерства авиационной промышленности СССР, г. Саратов, 1947–
1966 г.	Демпфера колебаний типа ДТ (демпфер тангажа), АУ (автомат продольной устойчивости), БДГ (блок демпфирующих гироскопов). Отчет по лабораторно-исследовательским испытаниям блока БДГ-6	РГА в г.Самаре. Ф. Р-430. Оп. 4-2. Д. 17.	Рассекречено в 2018 году	Конструкторское бюро промышленной автоматики (КБПА) Министерства авиационной промышленности СССР, г. Саратов, 1947–
1967 г.	Демпфера колебаний типа ДТ (демпфер тангажа), АУ (автомат продольной устойчивости), БДГ (блок демпфирующих гироскопов). Акт по результатам летных испытаний по оценке поведения самолета ТУ-128 при отказе автомата устойчивости АУ-128, оборудованного системой принудительного отключения СПО-128	РГА в г.Самаре. Ф. Р-430. Оп. 4-2. Д. 18.	Рассекречено в 2018 году	Конструкторское бюро промышленной автоматики (КБПА) Министерства авиационной промышленности СССР, г. Саратов, 1947–
1967 г.	Демпфера колебаний типа ДТ (демпфер тангажа), АУ (автомат продольной устойчивости), БДГ (блок демпфирующих гироскопов). Акт № 117/567101-41 по результатам государственных лабораторных испытаний автомата устойчивости АУ-128. Изготовление п/я Р-6133	РГА в г.Самаре. Ф. Р-430. Оп. 4-2. Д. 19.	Рассекречено в 2018 году	Конструкторское бюро промышленной автоматики (КБПА) Министерства авиационной промышленности СССР, г. Саратов, 1947–
1968 г.	Демпфера колебаний типа ДТ (демпфер тангажа), АУ (автомат продольной устойчивости), БДГ (блок демпфирующих гироскопов). Акт № 43/568101-5 по результатам государственных лабораторных испытаний автомата устойчивости АУ-105А. Изготовление предприятия п/я Р-6133	РГА в г.Самаре. Ф. Р-430. Оп. 4-2. Д. 20.	Рассекречено в 2018 году	Конструкторское бюро промышленной автоматики (КБПА) Министерства авиационной промышленности СССР, г. Саратов, 1947–
1968 г.	Демпфера колебаний типа ДТ (демпфер тангажа), АУ (автомат продольной устойчивости), БДГ (блок демпфирующих гироскопов). Акт № 95/568101-628П по результатам государственных испытаний системы СПН-105А приведения в нейтраль рулевых агрегатов демпфера тангажа ДТ-105А и автомата устойчивости АУ-105А. Изготовление предприятия п/я Р-6133	РГА в г.Самаре. Ф. Р-430. Оп. 4-2. Д. 21.	Рассекречено в 2018 году	Конструкторское бюро промышленной автоматики (КБПА) Министерства авиационной промышленности СССР, г. Саратов, 1947–
1966 г.	Демпфера колебаний типа ДТ (демпфер тангажа), АУ (автомат продольной устойчивости), БДГ (блок демпфирующих гироскопов). Эскизный проект по теме: «Разработка бесконтактного усилителя сервопривода для демпферов и автопилотов»	РГА в г.Самаре. Ф. Р-430. Оп. 4-2. Д. 22.	Рассекречено в 2018 году	Конструкторское бюро промышленной автоматики (КБПА) Министерства авиационной промышленности СССР, г. Саратов, 1947–
1965 г.	Интегрирующие и демпфирующие гироскопы. Расчет прибора «Гиродин»	РГА в г.Самаре. Ф. Р-430. Оп. 4-2. Д. 23.	Рассекречено в 2018 году	Конструкторское бюро промышленной автоматики (КБПА) Министерства авиационной промышленности СССР, г. Саратов, 1947–
1965 г.	Интегрирующие и демпфирующие гироскопы. Отчет по лабораторным испытаниям поплавковых гироскопов типа «Гиродин» (ИГМ-б), (приборы № Б010, Б011, Б012)	РГА в г.Самаре. Ф. Р-430. Оп. 4-2. Д. 24.	Рассекречено в 2018 году	Конструкторское бюро промышленной автоматики (КБПА) Министерства авиационной промышленности СССР, г. Саратов, 1947–
1965 г.	Интегрирующие и демпфирующие гироскопы. Акт межведомственной комиссии по согласованию технической и эксплуатационной документации на блок четырех демпфирующих гироскопов 8Л2113МI и комплект контрольно-испытательных приборов КИП-15Ш2, разработанных ОКБ-213 для изделия 8К75	РГА в г.Самаре. Ф. Р-430. Оп. 4-2. Д. 25.	Рассекречено в 2018 году	Конструкторское бюро промышленной автоматики (КБПА) Министерства авиационной промышленности СССР, г. Саратов, 1947–
1955 г.	Электрический указатель поворота типа ЭУП-53. Акт № 1/ВП-16 по государственным испытаниям модернизированного электрического указателя поворота ЭУП-53.	РГА в г.Самаре. Ф. Р-430. Оп. 4-2. Д. 26.	Рассекречено в 2018 году	Конструкторское бюро промышленной автоматики (КБПА) Министерства авиационной промышленности СССР, г. Саратов, 1947–
1955 г.	Электрический указатель поворота типа ЭУП-53. Акт № 155-195. Летные испытания модернизированного электрического указателя поворота ЭУП-53, изготовления ОКБ-213 на самолете ТУ-16	РГА в г.Самаре. Ф. Р-430. Оп. 4-2. Д. 27.	Рассекречено в 2018 году	Конструкторское бюро промышленной автоматики (КБПА) Министерства авиационной промышленности СССР, г. Саратов, 1947–
1966 г.	Электрический указатель поворота типа ЭУП-53. Акт № 75/566101-31 по результатам государственных лабораторных испытаний опытных указателей УПВ-2 параметров висения вертолета Ка-25, изготовления ОКБ-213	РГА в г.Самаре. Ф. Р-430. Оп. 4-2. Д. 28.	Рассекречено в 2018 году	Конструкторское бюро промышленной автоматики (КБПА) Министерства авиационной промышленности СССР, г. Саратов, 1947–
1966 г.	Электрический указатель поворота типа ЭУП-53. Акт № 75/566101-31 по результатам государственных лабораторных испытаний указателей УПВ-2 параметров висения вертолета Ка-25, изготовления ОКБ-213	РГА в г.Самаре. Ф. Р-430. Оп. 4-2. Д. 29.	Рассекречено в 2018 году	Конструкторское бюро промышленной автоматики (КБПА) Министерства авиационной промышленности СССР, г. Саратов, 1947–
1966 г.	Комбинированные приборы типа ДА (дублеры авиагоризонта). Акт № 571/3138 по результатам специальных испытаний (облета) макетов комбинированного прибора ДА-100 и ДА-30 (дублера авиагоризонта), изготовление ОКБ-213	РГА в г.Самаре. Ф. Р-430. Оп. 4-2. Д. 30.	Рассекречено в 2018 году	Конструкторское бюро промышленной автоматики (КБПА) Министерства авиационной промышленности СССР, г. Саратов, 1947–
1962 г.	Автопилоты для самолетов-мишеней и других летательных аппаратов. Акт № 621/562101-9 по государственным испытаниям пультов ППД-3 и ППА-1 для проверки демпферов колебаний и автопилотов КАП-2 изготовления ОКБ-213 ГКАТ	РГА в г.Самаре. Ф. Р-430. Оп. 4-2. Д. 31.	Рассекречено в 2018 году	Конструкторское бюро промышленной автоматики (КБПА) Министерства авиационной промышленности СССР, г. Саратов, 1947–
1963 г.	Автопилоты для самолетов-мишеней и других летательных аппаратов. Отчет № 8-63 по летным исследованиям колебаний по крену самолета Е6-у/2 с серийным автопилотом КАП-2 и метод их устранения	РГА в г.Самаре. Ф. Р-430. Оп. 4-2. Д. 32.	Рассекречено в 2018 году	Конструкторское бюро промышленной автоматики (КБПА) Министерства авиационной промышленности СССР, г. Саратов, 1947–
1967 г.	Автопилоты для самолетов-мишеней и других летательных аппаратов. Акт № 1/166106-9ВП по результатам специальных летных испытаний на устойчивость, управляемость и безопасность полета при имитации отказов автопилота КАП-2 с измененной системой управления автопилотом и пультом ПИО-КАП-2 учебно-боевого самолета-истребителя МИГ-21УС № 08685109	РГА в г.Самаре. Ф. Р-430. Оп. 4-2. Д. 33.	Рассекречено в 2018 году	Конструкторское бюро промышленной автоматики (КБПА) Министерства авиационной промышленности СССР, г. Саратов, 1947–
1965 г.	Автопилоты для самолетов-мишеней и других летательных аппаратов. Отчет по теме: «Исследование эксплуатационной надежности автопилотов КАП-2 и разработка мероприятий, обеспечивающих их надежную эксплуатацию»	РГА в г.Самаре. Ф. Р-430. Оп. 4-2. Д. 34.	Рассекречено в 2018 году	Конструкторское бюро промышленной автоматики (КБПА) Министерства авиационной промышленности СССР, г. Саратов, 1947–
1965 г.	Автопилоты для самолетов-мишеней и других летательных аппаратов. Отчет по теме: «Исследование эксплуатационной надежности автопилотов КАП-2 и разработка мероприятий, обеспечивающих их надежную эксплуатацию»	РГА в г.Самаре. Ф. Р-430. Оп. 4-2. Д. 35.	Рассекречено в 2018 году	Конструкторское бюро промышленной автоматики (КБПА) Министерства авиационной промышленности СССР, г. Саратов, 1947–
1968 г.	Автопилоты для самолетов-мишеней и других летательных аппаратов. Отчет по исследованию технического состояния корректора передаточных чисел КПЧ-2 № ШО3773 из комплекта кренового автопилота КАП-2	РГА в г.Самаре. Ф. Р-430. Оп. 4-2. Д. 36.	Рассекречено в 2018 году	Конструкторское бюро промышленной автоматики (КБПА) Министерства авиационной промышленности СССР, г. Саратов, 1947–
1963 г.	Автопилоты для самолетов-мишеней и других летательных аппаратов. Заключение по оценке эффективности доработок кренового автопилота КАП-2	РГА в г.Самаре. Ф. Р-430. Оп. 4-2. Д. 37.	Рассекречено в 2018 году	Конструкторское бюро промышленной автоматики (КБПА) Министерства авиационной промышленности СССР, г. Саратов, 1947–
1967 г.	Автопилоты для самолетов-мишеней и других летательных аппаратов. Анализ причин отказов, выявленных в 1963-1966 годах при эксплуатации изделия КАП-2	РГА в г.Самаре. Ф. Р-430. Оп. 4-2. Д. 38.	Рассекречено в 2018 году	Конструкторское бюро промышленной автоматики (КБПА) Министерства авиационной промышленности СССР, г. Саратов, 1947–
1963 г.	Автопилоты для самолетов-мишеней и других летательных аппаратов. Акт № 48/163106-4 по результатам специальных летных испытаний (совместно с ОКБ-155 ГКАТ) на устойчивость и управляемость самолета УТИ МИГ-21Ф № 1 с автопилотом КАП-2М	РГА в г.Самаре. Ф. Р-430. Оп. 4-2. Д. 39.	Рассекречено в 2018 году	Конструкторское бюро промышленной автоматики (КБПА) Министерства авиационной промышленности СССР, г. Саратов, 1947–
1965 г.	Автопилоты для самолетов-мишеней и других летательных аппаратов. Акт № 58/565101-ВП по результатам государственных испытаний поверочной аппаратуры для проверки автопилота КАП-2 и демпферов. Разработки ОКБ-213 МАП	РГА в г.Самаре. Ф. Р-430. Оп. 4-2. Д. 40.	Рассекречено в 2018 году	Конструкторское бюро промышленной автоматики (КБПА) Министерства авиационной промышленности СССР, г. Саратов, 1947–
1965 г.	Автопилоты для самолетов-мишеней и других летательных аппаратов. Акт № 44/165103-20 по результатам специальных летных испытаний на устойчивость и управляемость самолета МИГ-21ПФ № 764000601, оборудованного автопилотом КАП-2 с уменьшенным ходом штока рулевого агрегата РАУ-107	РГА в г.Самаре. Ф. Р-430. Оп. 4-2. Д. 41.	Рассекречено в 2018 году	Конструкторское бюро промышленной автоматики (КБПА) Министерства авиационной промышленности СССР, г. Саратов, 1947–
1966 г.	Автопилоты для самолетов-мишеней и других летательных аппаратов. Акт № 104/165106-5 по результатам специальных летных испытаний на устойчивость, управляемость и безопасность полета при возможных отказов автопилота КАП-2 (с учетом фактора внезапности) учебно-боевого самолета-истребителя МИГ-219 № 01665104	РГА в г.Самаре. Ф. Р-430. Оп. 4-2. Д. 42.	Рассекречено в 2018 году	Конструкторское бюро промышленной автоматики (КБПА) Министерства авиационной промышленности СССР, г. Саратов, 1947–
1966 г.	Автопилоты для самолетов-мишеней и других летательных аппаратов. Акт по результатам межведомственных лабораторных испытаний опытного образца автопилота АП-КРМ и контрольно-поверочной аппаратуры к нему разработки ОКБ-213	РГА в г.Самаре. Ф. Р-430. Оп. 4-2. Д. 44.	Рассекречено в 2018 году	Конструкторское бюро промышленной автоматики (КБПА) Министерства авиационной промышленности СССР, г. Саратов, 1947–
1966 г.	Автопилоты для самолетов-мишеней и других летательных аппаратов. Исследование отказов автопилота АП-114 на объекте «Д»	РГА в г.Самаре. Ф. Р-430. Оп. 4-2. Д. 45.	Рассекречено в 2018 году	Конструкторское бюро промышленной автоматики (КБПА) Министерства авиационной промышленности СССР, г. Саратов, 1947–
1964 г.	Автопилоты для самолетов-мишеней и других летательных аппаратов. Заключение по анализу технологичности автопилота АП-114А	РГА в г.Самаре. Ф. Р-430. Оп. 4-2. Д. 46.	Рассекречено в 2018 году	Конструкторское бюро промышленной автоматики (КБПА) Министерства авиационной промышленности СССР, г. Саратов, 1947–
1966 г.	Автопилоты для самолетов-мишеней и других летательных аппаратов. Акт № 11/566101-ВП по результатам государственных лабораторных испытаний опытного образца автопилота АП-114А	РГА в г.Самаре. Ф. Р-430. Оп. 4-2. Д. 47.	Рассекречено в 2018 году	Конструкторское бюро промышленной автоматики (КБПА) Министерства авиационной промышленности СССР, г. Саратов, 1947–
1966 г.	Автопилоты для самолетов-мишеней и других летательных аппаратов. Акт № 11/566101-ВП по результатам государственных лабораторных испытаний опытного образца автопилота АП-114А	РГА в г.Самаре. Ф. Р-430. Оп. 4-2. Д. 48.	Рассекречено в 2018 году	Конструкторское бюро промышленной автоматики (КБПА) Министерства авиационной промышленности СССР, г. Саратов, 1947–
1965 г.	Автопилоты для самолетов-мишеней и других летательных аппаратов. Заключение по анализу технологичности автопилота АП-114Ц	РГА в г.Самаре. Ф. Р-430. Оп. 4-2. Д. 49.	Рассекречено в 2018 году	Конструкторское бюро промышленной автоматики (КБПА) Министерства авиационной промышленности СССР, г. Саратов, 1947–
1964 г.	Автопилоты для самолетов-мишеней и других летательных аппаратов. Акт № 37/565101-8 по результатам государственных лабораторных испытаний опытного образца автопилота АП-114Ц, изготовления ОКБ-213 МАП	РГА в г.Самаре. Ф. Р-430. Оп. 4-2. Д. 50.	Рассекречено в 2018 году	Конструкторское бюро промышленной автоматики (КБПА) Министерства авиационной промышленности СССР, г. Саратов, 1947–
1966 г.	Автопилоты для самолетов-мишеней и других летательных аппаратов. Отчет № 66-34-VII результаты моделирования бокового движения ракеты-мишени ИЦ-59М с автопилотом АП-119	РГА в г.Самаре. Ф. Р-430. Оп. 4-2. Д. 51.	Рассекречено в 2018 году	Конструкторское бюро промышленной автоматики (КБПА) Министерства авиационной промышленности СССР, г. Саратов, 1947–
1966 г.	Автопилоты для самолетов-мишеней и других летательных аппаратов. Изделие 119М. Технические условия 6А2.550.032-1 ТУ	РГА в г.Самаре. Ф. Р-430. Оп. 4-2. Д. 52.	Рассекречено в 2018 году	Конструкторское бюро промышленной автоматики (КБПА) Министерства авиационной промышленности СССР, г. Саратов, 1947–
1966 г.	Автопилоты для самолетов-мишеней и других летательных аппаратов. Техническое описание на автопилот АП-119М	РГА в г.Самаре. Ф. Р-430. Оп. 4-2. Д. 53.	Рассекречено в 2018 году	Конструкторское бюро промышленной автоматики (КБПА) Министерства авиационной промышленности СССР, г. Саратов, 1947–
1964 г.	Автопилоты для самолетов-мишеней и других летательных аппаратов. Отчет о летных испытаниях автопилота АП-116 № 004 на винтокрыле Ка-22	РГА в г.Самаре. Ф. Р-430. Оп. 4-2. Д. 54.	Рассекречено в 2018 году	Конструкторское бюро промышленной автоматики (КБПА) Министерства авиационной промышленности СССР, г. Саратов, 1947–
1966 г.	Автопилоты для самолетов-мишеней и других летательных аппаратов. Отчет по летным исследованиям устойчивости самолета ЯК-36П на режимах около нулевых скоростей при имитации отказов дублированного АП-121Д и изменении передаточного числа	РГА в г.Самаре. Ф. Р-430. Оп. 4-2. Д. 55.	Рассекречено в 2018 году	Конструкторское бюро промышленной автоматики (КБПА) Министерства авиационной промышленности СССР, г. Саратов, 1947–
1964 г.	Автопилоты для самолетов-мишеней и других летательных аппаратов. Заключение по анализу технологичности автопилота АП-122	РГА в г.Самаре. Ф. Р-430. Оп. 4-2. Д. 56.	Рассекречено в 2018 году	Конструкторское бюро промышленной автоматики (КБПА) Министерства авиационной промышленности СССР, г. Саратов, 1947–
1965 г.	Автопилоты для самолетов-мишеней и других летательных аппаратов. Инструкция по автономной проверке автопилота АП-122 на изделие «202» 6А2.550.021 И-2	РГА в г.Самаре. Ф. Р-430. Оп. 4-2. Д. 57.	Рассекречено в 2018 году	Конструкторское бюро промышленной автоматики (КБПА) Министерства авиационной промышленности СССР, г. Саратов, 1947–
1964 г.	Автопилоты для самолетов-мишеней и других летательных аппаратов. Акт № 137/564101-46 по результатам государственных лабораторных испытаний опытного образца автопилота АП-122 изготовления ОКБ-213 ГКАТ	РГА в г.Самаре. Ф. Р-430. Оп. 4-2. Д. 58.	Рассекречено в 2018 году	Конструкторское бюро промышленной автоматики (КБПА) Министерства авиационной промышленности СССР, г. Саратов, 1947–
1964 г.	Автопилоты для самолетов-мишеней и других летательных аппаратов. Акт № 149/564101-ВП по результатам государственных испытаний опытного образца контрольно-поверочной аппаратуры КПА АП-122. Изготовление ОКБ-213 ГКАТ	РГА в г.Самаре. Ф. Р-430. Оп. 4-2. Д. 59.	Рассекречено в 2018 году	Конструкторское бюро промышленной автоматики (КБПА) Министерства авиационной промышленности СССР, г. Саратов, 1947–
1966 г.	Автопилоты для самолетов-мишеней и других летательных аппаратов. Акт № 107/66. Результаты исследования по выбору закона изменения передаточных чисел автопилота АП-121-Л по каналу крена на режимах малых высот при изменении скорости полета самолета ЯК-36 в диапазоне = 400 – 850 км/час.	РГА в г.Самаре. Ф. Р-430. Оп. 4-2. Д. 60.	Рассекречено в 2018 году	Конструкторское бюро промышленной автоматики (КБПА) Министерства авиационной промышленности СССР, г. Саратов, 1947–
1964 г.	Автопилоты для самолетов-мишеней и других летательных аппаратов. Акт 86/564101-49 по результатам государственных лабораторных испытаний опытных образцов автопилота АП-155	РГА в г.Самаре. Ф. Р-430. Оп. 4-2. Д. 61.	Рассекречено в 2018 году	Конструкторское бюро промышленной автоматики (КБПА) Министерства авиационной промышленности СССР, г. Саратов, 1947–
1966 г.	Автопилоты для самолетов-мишеней и других летательных аппаратов. Отчет № 10-66 по заводским летным испытаниям автопилота АП-155, доработанного с целью устранения недостатков, отмеченных в «Акте по государственным летным испытаниям системы управления, включающей автопилот АП-155» №№ 34/165103-21; 16401-4, на самолете МИГ-21ПФ № 76211524	РГА в г.Самаре. Ф. Р-430. Оп. 4-2. Д. 62.	Рассекречено в 2018 году	Конструкторское бюро промышленной автоматики (КБПА) Министерства авиационной промышленности СССР, г. Саратов, 1947–
1965 г.	Автопилоты для самолетов-мишеней и других летательных аппаратов. Акт № 92/564101-90 по результатам государственных испытаний опытного образца установки УППА-2 для предполетной проверки автопилота АП-155. Изготовление ОКБ-213 ГКАТ	РГА в г.Самаре. Ф. Р-430. Оп. 4-2. Д. 63.	Рассекречено в 2018 году	Конструкторское бюро промышленной автоматики (КБПА) Министерства авиационной промышленности СССР, г. Саратов, 1947–
1965 г.	Автопилоты для самолетов-мишеней и других летательных аппаратов. Решение о проведении исследований причины кренения самолетов МИГ-21 при переключении автопилота КАП-2 на режим стабилизации	РГА в г.Самаре. Ф. Р-430. Оп. 4-2. Д. 64.	Рассекречено в 2018 году	Конструкторское бюро промышленной автоматики (КБПА) Министерства авиационной промышленности СССР, г. Саратов, 1947–
1966 г.	Автопилоты для самолетов-мишеней и других летательных аппаратов. Акт № 87/166103-20ВР по результатам специальных летных испытаний по определению характеристик устойчивости (по определению) и управляемости самолета МИГ-21с № 95210202 с тремя подвесными топливными баками, автопилотом АП-155 и гидроусилителем стабилизатора 59-2106 с плоскими золотниками	РГА в г.Самаре. Ф. Р-430. Оп. 4-2. Д. 65.	Рассекречено в 2018 году	Конструкторское бюро промышленной автоматики (КБПА) Министерства авиационной промышленности СССР, г. Саратов, 1947–
1967 г.	Автопилоты для самолетов-мишеней и других летательных аппаратов. Акт № 80/167105-6ВП по результатам специальных (совместно с предприятием п/я В-2616) летных испытаний на устойчивость, управляемость и безопасность полета самолета МИГ-21Р № 030101 на малых высотах при автоматическом выводе самолета автопилотом АП-155 с «опасной» высоты, определяемой радиовысотомером РВ-УМ.	РГА в г.Самаре. Ф. Р-430. Оп. 4-2. Д. 66.	Рассекречено в 2018 году	Конструкторское бюро промышленной автоматики (КБПА) Министерства авиационной промышленности СССР, г. Саратов, 1947–
1969 г.	Автопилоты для самолетов-мишеней и других летательных аппаратов. Акт № 24/169105-4ВП по результатам специальных (совместно с предприятиями п/я В-2616 и п/я Р-6133) летных испытаний самолета МИГ-21Р № 6901, оборудованного автопилотом АП-155 с блоками добавочных сопротивлений БДС-2, 5М на устойчивость и управляемость	РГА в г.Самаре. Ф. Р-430. Оп. 4-2. Д. 67.	Рассекречено в 2018 году	Конструкторское бюро промышленной автоматики (КБПА) Министерства авиационной промышленности СССР, г. Саратов, 1947–
1964 г.	Автопилоты для самолетов-мишеней и других летательных аппаратов. Предварительное заключение по результатам специальных летных испытаний (совместно с ОКБ-155 и ОКБ-213) самолета МИГ-21ПФ № 76211524, оборудованного системой управления с автопилотом АП-155	РГА в г.Самаре. Ф. Р-430. Оп. 4-2. Д. 68.	Рассекречено в 2018 году	Конструкторское бюро промышленной автоматики (КБПА) Министерства авиационной промышленности СССР, г. Саратов, 1947–
1965 г.	Автопилоты для самолетов-мишеней и других летательных аппаратов. Заключение по исследованию причин кренения самолетов МИГ-21ПФ №№ 76211617, 76211601 в момент включения автопилота в режим стабилизации	РГА в г.Самаре. Ф. Р-430. Оп. 4-2. Д. 69.	Рассекречено в 2018 году	Конструкторское бюро промышленной автоматики (КБПА) Министерства авиационной промышленности СССР, г. Саратов, 1947–
1973 г.	Автопилоты для самолетов-мишеней и других летательных аппаратов. Акт № 134/573108-005. По результатам государственных лабораторных испытаний системы автоматического управления САУ-23А для самолета МИГ-23М	РГА в г.Самаре. Ф. Р-430. Оп. 4-2. Д. 70.	Рассекречено в 2018 году	Конструкторское бюро промышленной автоматики (КБПА) Министерства авиационной промышленности СССР, г. Саратов, 1947–
1964 г.	Автопилоты для самолетов-мишеней и других летательных аппаратов. Акт № 134/573108-005. Отчет о выполнении работ по теме НИР «Повышение надежности продольного и бокового каналов управления тематического плана ОКБ-213 на 1964 год»	РГА в г.Самаре. Ф. Р-430. Оп. 4-2. Д. 71.	Рассекречено в 2018 году	Конструкторское бюро промышленной автоматики (КБПА) Министерства авиационной промышленности СССР, г. Саратов, 1947–
1961 г.	Тактико-технические требования и техническое задание на изделия АП-118 на ЛА-17Р, АП-116 для КА-22, АП-119 на ИЦ-59, АП-114 для КА-25, АП-КРМ (автопилоты)	РГА в г.Самаре. Ф. Р-430. Оп. 4-2. Д. 72.	Рассекречено в 2018 году	Конструкторское бюро промышленной автоматики (КБПА) Министерства авиационной промышленности СССР, г. Саратов, 1947–
1961 г.	Тактико-технические требования и техническое задание на изделия для ЯК-24П, ЭП-155, КПА для АП-73А	РГА в г.Самаре. Ф. Р-430. Оп. 4-2. Д. 73.	Рассекречено в 2018 году	Конструкторское бюро промышленной автоматики (КБПА) Министерства авиационной промышленности СССР, г. Саратов, 1947–
1962 г.	Тактико-технические требования и техническое задание на изделия АП-118 (автопилоты)	РГА в г.Самаре. Ф. Р-430. Оп. 4-2. Д. 74.	Рассекречено в 2018 году	Конструкторское бюро промышленной автоматики (КБПА) Министерства авиационной промышленности СССР, г. Саратов, 1947–
1963 г.	Тактико-технические требования и техническое задание на изделия АП-155 (автопилоты)	РГА в г.Самаре. Ф. Р-430. Оп. 4-2. Д. 75.	Рассекречено в 2018 году	Конструкторское бюро промышленной автоматики (КБПА) Министерства авиационной промышленности СССР, г. Саратов, 1947–
1963 г.	Тактико-технические требования и техническое задание на изделия БДГ (блоки демпфирующих гироскопов), АП-122 (автопилот)	РГА в г.Самаре. Ф. Р-430. Оп. 4-2. Д. 76.	Рассекречено в 2018 году	Конструкторское бюро промышленной автоматики (КБПА) Министерства авиационной промышленности СССР, г. Саратов, 1947–
1964 г.	Тактико-технические требования и техническое задание на изделия ТКО-1 АП-155, АП-114Ц, АП-114А (автопилоты)	РГА в г.Самаре. Ф. Р-430. Оп. 4-2. Д. 77.	Рассекречено в 2018 году	Конструкторское бюро промышленной автоматики (КБПА) Министерства авиационной промышленности СССР, г. Саратов, 1947–
1964 г.	Тактико-технические требования и техническое задание на изделия ТКО-1 АП-155, КПА (контрольно-проверочную аппаратуру) для АП-11А	РГА в г.Самаре. Ф. Р-430. Оп. 4-2. Д. 78.	Рассекречено в 2018 году	Конструкторское бюро промышленной автоматики (КБПА) Министерства авиационной промышленности СССР, г. Саратов, 1947–
1964 г.	Тактико-технические требования и техническое задание на изделия ТКО-2	РГА в г.Самаре. Ф. Р-430. Оп. 4-2. Д. 79.	Рассекречено в 2018 году	Конструкторское бюро промышленной автоматики (КБПА) Министерства авиационной промышленности СССР, г. Саратов, 1947–
1965 г.	Тактико-технические требования и техническое задание на изделия ТКО-2 АП-АД	РГА в г.Самаре. Ф. Р-430. Оп. 4-2. Д. 80.	Рассекречено в 2018 году	Конструкторское бюро промышленной автоматики (КБПА) Министерства авиационной промышленности СССР, г. Саратов, 1947–
1965 г.	Тактико-технические требования и техническое задание на изделия ТКО-1 КАП-УПВ, АП-155	РГА в г.Самаре. Ф. Р-430. Оп. 4-2. Д. 81.	Рассекречено в 2018 году	Конструкторское бюро промышленной автоматики (КБПА) Министерства авиационной промышленности СССР, г. Саратов, 1947–
1965 г.	Тактико-технические требования и техническое задание на изделия ТКО-2 АП-119М	РГА в г.Самаре. Ф. Р-430. Оп. 4-2. Д. 82.	Рассекречено в 2018 году	Конструкторское бюро промышленной автоматики (КБПА) Министерства авиационной промышленности СССР, г. Саратов, 1947–
1965 г.	Тактико-технические требования и техническое задание на изделия ТКО-2 АП-119М	РГА в г.Самаре. Ф. Р-430. Оп. 4-2. Д. 83.	Рассекречено в 2018 году	Конструкторское бюро промышленной автоматики (КБПА) Министерства авиационной промышленности СССР, г. Саратов, 1947–
1966 г.	Тактико-технические требования и техническое задание на изделия ТКО-3 гироскоп, датчик, ТТ-2М	РГА в г.Самаре. Ф. Р-430. Оп. 4-2. Д. 84.	Рассекречено в 2018 году	Конструкторское бюро промышленной автоматики (КБПА) Министерства авиационной промышленности СССР, г. Саратов, 1947–
1966 г.	Тактико-технические требования и техническое задание на изделия ТКО-1 АП-114А	РГА в г.Самаре. Ф. Р-430. Оп. 4-2. Д. 85.	Рассекречено в 2018 году	Конструкторское бюро промышленной автоматики (КБПА) Министерства авиационной промышленности СССР, г. Саратов, 1947–
1966 г.	Тактико-технические требования и техническое задание на изделия ТКО-2 АП-119М	РГА в г.Самаре. Ф. Р-430. Оп. 4-2. Д. 86.	Рассекречено в 2018 году	Конструкторское бюро промышленной автоматики (КБПА) Министерства авиационной промышленности СССР, г. Саратов, 1947–
1966 г.	Тактико-технические требования и техническое задание на изделия ТКО-3 ГТ-3, БДГ-2, КИП-БДГ-2, БДГ-6	РГА в г.Самаре. Ф. Р-430. Оп. 4-2. Д. 87.	Рассекречено в 2018 году	Конструкторское бюро промышленной автоматики (КБПА) Министерства авиационной промышленности СССР, г. Саратов, 1947–
1967 г.	Тактико-технические требования и техническое задание на изделия ТКО-2 КРМ-2	РГА в г.Самаре. Ф. Р-430. Оп. 4-2. Д. 88.	Рассекречено в 2018 году	Конструкторское бюро промышленной автоматики (КБПА) Министерства авиационной промышленности СССР, г. Саратов, 1947–
1967 г.	Тактико-технические требования и техническое задание на изделия ТКО-1 КПА-УПВ, АП-114А	РГА в г.Самаре. Ф. Р-430. Оп. 4-2. Д. 89.	Рассекречено в 2018 году	Конструкторское бюро промышленной автоматики (КБПА) Министерства авиационной промышленности СССР, г. Саратов, 1947–
1967 г.	Тактико-технические требования и техническое задание на изделия ТКО-2 по теме «Тайга»	РГА в г.Самаре. Ф. Р-430. Оп. 4-2. Д. 90.	Рассекречено в 2018 году	Конструкторское бюро промышленной автоматики (КБПА) Министерства авиационной промышленности СССР, г. Саратов, 1947–
1968 г.	Тактико-технические требования и техническое задание на изделия по теме «Тайга»	РГА в г.Самаре. Ф. Р-430. Оп. 4-2. Д. 91.	Рассекречено в 2018 году	Конструкторское бюро промышленной автоматики (КБПА) Министерства авиационной промышленности СССР, г. Саратов, 1947–
1969 г.	Тактико-технические требования и техническое задание на изделия ТКО-3	РГА в г.Самаре. Ф. Р-430. Оп. 4-2. Д. 92.	Рассекречено в 2018 году	Конструкторское бюро промышленной автоматики (КБПА) Министерства авиационной промышленности СССР, г. Саратов, 1947–
1969 г.	Тактико-технические требования и техническое задание на изделия АП-119, АСМ-17	РГА в г.Самаре. Ф. Р-430. Оп. 4-2. Д. 93.	Рассекречено в 2018 году	Конструкторское бюро промышленной автоматики (КБПА) Министерства авиационной промышленности СССР, г. Саратов, 1947–
1970 г.	Тактико-технические требования и техническое задание на изделия ТКО-3	РГА в г.Самаре. Ф. Р-430. Оп. 4-2. Д. 94.	Рассекречено в 2018 году	Конструкторское бюро промышленной автоматики (КБПА) Министерства авиационной промышленности СССР, г. Саратов, 1947–
1970 г.	Тактико-технические требования и техническое задание на изделия МИГ-17МНВ, КПА-130, АП-130	РГА в г.Самаре. Ф. Р-430. Оп. 4-2. Д. 95.	Рассекречено в 2018 году	Конструкторское бюро промышленной автоматики (КБПА) Министерства авиационной промышленности СССР, г. Саратов, 1947–
1970 г.	Тактико-технические требования и техническое задание на изделия ТКО-1 САУ-23	РГА в г.Самаре. Ф. Р-430. Оп. 4-2. Д. 96.	Рассекречено в 2018 году	Конструкторское бюро промышленной автоматики (КБПА) Министерства авиационной промышленности СССР, г. Саратов, 1947–
1969 г.	Тактико-технические требования и техническое задание на изделия разработки ТКО-1 вертолетной тематике	РГА в г.Самаре. Ф. Р-430. Оп. 4-2. Д. 97.	Рассекречено в 2018 году	Конструкторское бюро промышленной автоматики (КБПА) Министерства авиационной промышленности СССР, г. Саратов, 1947–
1961 г.	Тактико-технические требования и техническое задание на изделия разработки ТКО-2 САУ-136, САУ-131	РГА в г.Самаре. Ф. Р-430. Оп. 4-2. Д. 98.	Рассекречено в 2018 году	Конструкторское бюро промышленной автоматики (КБПА) Министерства авиационной промышленности СССР, г. Саратов, 1947–
1961 г.	Информационные карты на автопилот АП-116	РГА в г.Самаре. Ф. Р-430. Оп. 4-2. Д. 99.	Рассекречено в 2018 году	Конструкторское бюро промышленной автоматики (КБПА) Министерства авиационной промышленности СССР, г. Саратов, 1947–
1962 г.	Информационные карты на гироскопические датчики угловых скоростей	РГА в г.Самаре. Ф. Р-430. Оп. 4-2. Д. 100.	Рассекречено в 2018 году	Конструкторское бюро промышленной автоматики (КБПА) Министерства авиационной промышленности СССР, г. Саратов, 1947–
1963 г.	Информационные карты на автопилоты	РГА в г.Самаре. Ф. Р-430. Оп. 4-2. Д. 101.	Рассекречено в 2018 году	Конструкторское бюро промышленной автоматики (КБПА) Министерства авиационной промышленности СССР, г. Саратов, 1947–
1964 г.	Информационные карты на автопилоты и унифицированный ряд датчиков угловых скоростей	РГА в г.Самаре. Ф. Р-430. Оп. 4-2. Д. 102.	Рассекречено в 2018 году	Конструкторское бюро промышленной автоматики (КБПА) Министерства авиационной промышленности СССР, г. Саратов, 1947–
1964 г.	Информационные карты на автопилоты и унифицированный ряд датчиков угловых скоростей	РГА в г.Самаре. Ф. Р-430. Оп. 4-2. Д. 103.	Рассекречено в 2018 году	Конструкторское бюро промышленной автоматики (КБПА) Министерства авиационной промышленности СССР, г. Саратов, 1947–
1965 г.	Информационные карты на автопилоты и контрольно-поверочную аппаратуру	РГА в г.Самаре. Ф. Р-430. Оп. 4-2. Д. 104.	Рассекречено в 2018 году	Конструкторское бюро промышленной автоматики (КБПА) Министерства авиационной промышленности СССР, г. Саратов, 1947–
1966 г.	Информационные карты на автопилот АП-120-2, унифицированный ряд датчиков угловых скоростей, комплект проверочной аппаратуры	РГА в г.Самаре. Ф. Р-430. Оп. 4-2. Д. 105.	Рассекречено в 2018 году	Конструкторское бюро промышленной автоматики (КБПА) Министерства авиационной промышленности СССР, г. Саратов, 1947–
1967 г.	Информационные карты на автопилоты, блоки, датчики	РГА в г.Самаре. Ф. Р-430. Оп. 4-2. Д. 106.	Рассекречено в 2018 году	Конструкторское бюро промышленной автоматики (КБПА) Министерства авиационной промышленности СССР, г. Саратов, 1947–
1968 г.	Информационные карты на систему автономного управления САУ-36	РГА в г.Самаре. Ф. Р-430. Оп. 4-2. Д. 107.	Рассекречено в 2018 году	Конструкторское бюро промышленной автоматики (КБПА) Министерства авиационной промышленности СССР, г. Саратов, 1947–
1968 г.	Информационные карты на систему автономного многоканального управления САМУМ-1	РГА в г.Самаре. Ф. Р-430. Оп. 4-2. Д. 108.	Рассекречено в 2018 году	Конструкторское бюро промышленной автоматики (КБПА) Министерства авиационной промышленности СССР, г. Саратов, 1947–
1969 г.	Информационные карты на блоки и комплекты проверочной аппаратуры	РГА в г.Самаре. Ф. Р-430. Оп. 4-2. Д. 108а.	Рассекречено в 2018 году	Конструкторское бюро промышленной автоматики (КБПА) Министерства авиационной промышленности СССР, г. Саратов, 1947–
1970 г.	Информационные карты на автопилоты, блоки и системы автономного управления	РГА в г.Самаре. Ф. Р-430. Оп. 4-2. Д. 109.	Рассекречено в 2018 году	Конструкторское бюро промышленной автоматики (КБПА) Министерства авиационной промышленности СССР, г. Саратов, 1947–
1970 г.	Информационная карта на систему автономного многоканального управления САМУМ-1	РГА в г.Самаре. Ф. Р-430. Оп. 4-2. Д. 110.	Рассекречено в 2018 году	Конструкторское бюро промышленной автоматики (КБПА) Министерства авиационной промышленности СССР, г. Саратов, 1947–
1960 г.	Информационные карты на автопилоты, контрольно-проверочную аппаратуру и системы автономного управления	РГА в г.Самаре. Ф. Р-430. Оп. 4-2. Д. 111.	Рассекречено в 2018 году	Конструкторское бюро промышленной автоматики (КБПА) Министерства авиационной промышленности СССР, г. Саратов, 1947–
1970 г.	Гиродин Принципиальная схема	РГА в г.Самаре. Ф. Р-430. Оп. 4-2. Д. 112.	Рассекречено в 2018 году	Конструкторское бюро промышленной автоматики (КБПА) Министерства авиационной промышленности СССР, г. Саратов, 1947–
1970 г.	Изделие 130 (автопилот АП-130). Техническое описание	РГА в г.Самаре. Ф. Р-430. Оп. 4-2. Д. 113.	Рассекречено в 2018 году	Конструкторское бюро промышленной автоматики (КБПА) Министерства авиационной промышленности СССР, г. Саратов, 1947–
1970 г.	Поверочный лист приемных испытаний автопилота АП-130	РГА в г.Самаре. Ф. Р-430. Оп. 4-2. Д. 114.	Рассекречено в 2018 году	Конструкторское бюро промышленной автоматики (КБПА) Министерства авиационной промышленности СССР, г. Саратов, 1947–
1977 г.	Изделие 130. Инструкции по эксплуатации	РГА в г.Самаре. Ф. Р-430. Оп. 4-2. Д. 115.	Рассекречено в 2018 году	Конструкторское бюро промышленной автоматики (КБПА) Министерства авиационной промышленности СССР, г. Саратов, 1947–
1970 г.	Изделие 130. Паспорт сводный	РГА в г.Самаре. Ф. Р-430. Оп. 4-2. Д. 116.	Рассекречено в 2018 году	Конструкторское бюро промышленной автоматики (КБПА) Министерства авиационной промышленности СССР, г. Саратов, 1947–
1976 г.	Система автоматического управления САУ-23	РГА в г.Самаре. Ф. Р-430. Оп. 4-2. Д. 117.	Рассекречено в 2018 году	Конструкторское бюро промышленной автоматики (КБПА) Министерства авиационной промышленности СССР, г. Саратов, 1947–
1976 г.	Система автоматического управления САУ-138	РГА в г.Самаре. Ф. Р-430. Оп. 4-2. Д. 118.	Рассекречено в 2018 году	Конструкторское бюро промышленной автоматики (КБПА) Министерства авиационной промышленности СССР, г. Саратов, 1947–
1976 г.	Отчет. Исследование радиационной стойкости блока связи с радиовысотомером БСВ-24-П, входящего в систему САУ-В24-П	РГА в г.Самаре. Ф. Р-430. Оп. 4-2. Д. 119.	Рассекречено в 2018 году	Конструкторское бюро промышленной автоматики (КБПА) Министерства авиационной промышленности СССР, г. Саратов, 1947–
1978 г.	Отчет. Исследование радиационной стойкости пультов управления ПВМ-24-П	РГА в г.Самаре. Ф. Р-430. Оп. 4-2. Д. 120.	Рассекречено в 2018 году	Конструкторское бюро промышленной автоматики (КБПА) Министерства авиационной промышленности СССР, г. Саратов, 1947–
1978 г.	Система автоматического управления вертолетом МИ-28 САУ-28	РГА в г.Самаре. Ф. Р-430. Оп. 4-2. Д. 121.	Рассекречено в 2018 году	Конструкторское бюро промышленной автоматики (КБПА) Министерства авиационной промышленности СССР, г. Саратов, 1947–
1978 г.	Система автоматического управления вертолетом МИ-28 САУ-28	РГА в г.Самаре. Ф. Р-430. Оп. 4-2. Д. 122.	Рассекречено в 2018 году	Конструкторское бюро промышленной автоматики (КБПА) Министерства авиационной промышленности СССР, г. Саратов, 1947–
1976 г.	Система автоматического управления ИСАУ-23ПМ	РГА в г.Самаре. Ф. Р-430. Оп. 4-2. Д. 123.	Рассекречено в 2018 году	Конструкторское бюро промышленной автоматики (КБПА) Министерства авиационной промышленности СССР, г. Саратов, 1947–
1977 г.	Тактико-технические задания на НПК-26-1	РГА в г.Самаре. Ф. Р-430. Оп. 4-2. Д. 124.	Рассекречено в 2018 году	Конструкторское бюро промышленной автоматики (КБПА) Министерства авиационной промышленности СССР, г. Саратов, 1947–
1977 г.	Техническое задание на моделирование по НИР «Строй» и тактико-техническое задание шифр «Безопасность»	РГА в г.Самаре. Ф. Р-430. Оп. 4-2. Д. 125.	Рассекречено в 2018 году	Конструкторское бюро промышленной автоматики (КБПА) Министерства авиационной промышленности СССР, г. Саратов, 1947–
1978 г.	Техническое задание на МИ-28	РГА в г.Самаре. Ф. Р-430. Оп. 4-2. Д. 126.	Рассекречено в 2018 году	Конструкторское бюро промышленной автоматики (КБПА) Министерства авиационной промышленности СССР, г. Саратов, 1947–
1978 г.	Техническое задание на САУ-23КМ	РГА в г.Самаре. Ф. Р-430. Оп. 4-2. Д. 127.	Рассекречено в 2018 году	Конструкторское бюро промышленной автоматики (КБПА) Министерства авиационной промышленности СССР, г. Саратов, 1947–
1979 г.	Техническое задание на работу «Висла». Техническое задание на математическое моделирование НИР «Трапеция»	РГА в г.Самаре. Ф. Р-430. Оп. 4-2. Д. 128.	Рассекречено в 2018 году	Конструкторское бюро промышленной автоматики (КБПА) Министерства авиационной промышленности СССР, г. Саратов, 1947–
1981 г.	Техническое задание на разработку имитатора	РГА в г.Самаре. Ф. Р-430. Оп. 4-2. Д. 129.	Рассекречено в 2018 году	Конструкторское бюро промышленной автоматики (КБПА) Министерства авиационной промышленности СССР, г. Саратов, 1947–
1981 г.	Тактико-техническое задание по теме «Висла-1»	РГА в г.Самаре. Ф. Р-430. Оп. 4-2. Д. 130.	Рассекречено в 2018 году	Конструкторское бюро промышленной автоматики (КБПА) Министерства авиационной промышленности СССР, г. Саратов, 1947–
1982 г.	Техническое задание шифр «Клин»	РГА в г.Самаре. Ф. Р-430. Оп. 4-2. Д. 131.	Рассекречено в 2018 году	Конструкторское бюро промышленной автоматики (КБПА) Министерства авиационной промышленности СССР, г. Саратов, 1947–
18.12.1961 г.	Техническое задание на разработку пилотажного устройства «Телекс-П»	РГА в г.Самаре. Ф. Р-430. Оп. 4-2. Д. 132.	Рассекречено в 2018 году	Конструкторское бюро промышленной автоматики (КБПА) Министерства авиационной промышленности СССР, г. Саратов, 1947–
18.12.1961 г.	Приказы, распоряжения Государственного комитета по авиационной технике, 4 Управления государственного комитета по авиационной технике	РГА в г.Самаре. Ф. Р-430. Оп. 5-6. Д. 1.	Рассекречено в 2018 году	Конструкторское бюро промышленной автоматики (КБПА) Министерства авиационной промышленности СССР, г. Саратов, 1947–
11.12.1961 г.	Приказы, распоряжения Государственного комитета по авиационной технике, 4 Управления государственного комитета по авиационной технике	РГА в г.Самаре. Ф. Р-430. Оп. 5-6. Д. 2.	Рассекречено в 2018 году	Конструкторское бюро промышленной автоматики (КБПА) Министерства авиационной промышленности СССР, г. Саратов, 1947–
06.12.1961 г.	Приказы и распоряжения по ОКБ-213	РГА в г.Самаре. Ф. Р-430. Оп. 5-6. Д. 3.	Рассекречено в 2018 году	Конструкторское бюро промышленной автоматики (КБПА) Министерства авиационной промышленности СССР, г. Саратов, 1947–
06.12.1961 г.	Годовой тематический план	РГА в г.Самаре. Ф. Р-430. Оп. 5-6. Д. 4.	Рассекречено в 2018 году	Конструкторское бюро промышленной автоматики (КБПА) Министерства авиационной промышленности СССР, г. Саратов, 1947–
16.10.1961 г.	Годовые лимиты, нормативы по труду, зарплате и отчетность по ним	РГА в г.Самаре. Ф. Р-430. Оп. 5-6. Д. 5.	Рассекречено в 2018 году	Конструкторское бюро промышленной автоматики (КБПА) Министерства авиационной промышленности СССР, г. Саратов, 1947–
14.09.1961 г.	Квартальные расчетные ведомости по взносам на государственное социальное страхование	РГА в г.Самаре. Ф. Р-430. Оп. 5-6. Д. 6.	Рассекречено в 2018 году	Конструкторское бюро промышленной автоматики (КБПА) Министерства авиационной промышленности СССР, г. Саратов, 1947–
28.12.1961 г.	Месячные отчеты, балансы по основной деятельности и капитальному строительству ОКБ	РГА в г.Самаре. Ф. Р-430. Оп. 5-6. Д. 7.	Рассекречено в 2018 году	Конструкторское бюро промышленной автоматики (КБПА) Министерства авиационной промышленности СССР, г. Саратов, 1947–
11.11.1961 г.	Годовые лимиты финансирования капитальных работ, титульные списки по капитальному строительству	РГА в г.Самаре. Ф. Р-430. Оп. 5-6. Д. 8.	Рассекречено в 2018 году	Конструкторское бюро промышленной автоматики (КБПА) Министерства авиационной промышленности СССР, г. Саратов, 1947–
27.10.1961 г.	Изобретательские и рационализаторские предложения и отзывы по ним	РГА в г.Самаре. Ф. Р-430. Оп. 5-6. Д. 9.	Рассекречено в 2018 году	Конструкторское бюро промышленной автоматики (КБПА) Министерства авиационной промышленности СССР, г. Саратов, 1947–
27.11.1961 г.	Изобретательские и рационализаторские предложения и отзывы по ним	РГА в г.Самаре. Ф. Р-430. Оп. 5-6. Д. 10.	Рассекречено в 2018 году	Конструкторское бюро промышленной автоматики (КБПА) Министерства авиационной промышленности СССР, г. Саратов, 1947–
27.12.1961 г.	Протоколы технического совета	РГА в г.Самаре. Ф. Р-430. Оп. 5-6. Д. 11.	Рассекречено в 2018 году	Конструкторское бюро промышленной автоматики (КБПА) Министерства авиационной промышленности СССР, г. Саратов, 1947–
1961 г.	Годовая смета государственного социального страхования заводского комитета профсоюза и отчетность о выполнении сметы	РГА в г.Самаре. Ф. Р-430. Оп. 5-6. Д. 12.	Рассекречено в 2018 году	Конструкторское бюро промышленной автоматики (КБПА) Министерства авиационной промышленности СССР, г. Саратов, 1947–
1961 г.	Номенклатура дел Первого отдела государственного союзного ОКБ-213 Госкомитета Совета Министров СССР по авиационной технике на 1961	РГА в г.Самаре. Ф. Р-430. Оп. 5-6. Д. 13.	Рассекречено в 2018 году	Конструкторское бюро промышленной автоматики (КБПА) Министерства авиационной промышленности СССР, г. Саратов, 1947–
1961 г.	Годовой отчет по основной деятельности Государственного союзного ОКБ-213 за 1961	РГА в г.Самаре. Ф. Р-430. Оп. 5-6. Д. 14.	Рассекречено в 2018 году	Конструкторское бюро промышленной автоматики (КБПА) Министерства авиационной промышленности СССР, г. Саратов, 1947–
1961 г.	Годовой отчет по капитальному строительству Государственного союзного ОКБ-213 за 1961	РГА в г.Самаре. Ф. Р-430. Оп. 5-6. Д. 15.	Рассекречено в 2018 году	Конструкторское бюро промышленной автоматики (КБПА) Министерства авиационной промышленности СССР, г. Саратов, 1947–
1961 г.	Отчет о производственно-технической деятельности государственного союзного ОКБ-213 за 1961	РГА в г.Самаре. Ф. Р-430. Оп. 5-6. Д. 16.	Рассекречено в 2018 году	Конструкторское бюро промышленной автоматики (КБПА) Министерства авиационной промышленности СССР, г. Саратов, 1947–
1961 г.	Производственно-технический паспорт ОКБ-213 за 1961	РГА в г.Самаре. Ф. Р-430. Оп. 5-6. Д. 17.	Рассекречено в 2018 году	Конструкторское бюро промышленной автоматики (КБПА) Министерства авиационной промышленности СССР, г. Саратов, 1947–
22.12.1962 г.	Доклад Главного конструктора о технической деятельности ОКБ-213 за 1961	РГА в г.Самаре. Ф. Р-430. Оп. 5-6. Д. 18.	Рассекречено в 2018 году	Конструкторское бюро промышленной автоматики (КБПА) Министерства авиационной промышленности СССР, г. Саратов, 1947–
29.12.1962 г.	Приказы, распоряжения государственного комитета по авиационной технике, 4 Управления государственного комитета по авиационной технике	РГА в г.Самаре. Ф. Р-430. Оп. 5-6. Д. 19.	Рассекречено в 2018 году	Конструкторское бюро промышленной автоматики (КБПА) Министерства авиационной промышленности СССР, г. Саратов, 1947–
28.12.1962 г.	Приказы, распоряжения государственного комитета по авиационной технике, 4 Управления государственного комитета по авиационной технике	РГА в г.Самаре. Ф. Р-430. Оп. 5-6. Д. 20.	Рассекречено в 2018 году	Конструкторское бюро промышленной автоматики (КБПА) Министерства авиационной промышленности СССР, г. Саратов, 1947–
20.12.1962 г.	Приказы и распоряжения по ОКБ-213	РГА в г.Самаре. Ф. Р-430. Оп. 5-6. Д. 21.	Рассекречено в 2018 году	Конструкторское бюро промышленной автоматики (КБПА) Министерства авиационной промышленности СССР, г. Саратов, 1947–
26.09.1962 г.	Годовой тематический план	РГА в г.Самаре. Ф. Р-430. Оп. 5-6. Д. 22.	Рассекречено в 2018 году	Конструкторское бюро промышленной автоматики (КБПА) Министерства авиационной промышленности СССР, г. Саратов, 1947–
15.10.1962 г.	Годовые лимиты, нормативы по труду и заработной плате	РГА в г.Самаре. Ф. Р-430. Оп. 5-6. Д. 23.	Рассекречено в 2018 году	Конструкторское бюро промышленной автоматики (КБПА) Министерства авиационной промышленности СССР, г. Саратов, 1947–
24.12.1962 г.	Квартальные расчетные ведомости по взносам на государственное социальное страхование	РГА в г.Самаре. Ф. Р-430. Оп. 5-6. Д. 24.	Рассекречено в 2018 году	Конструкторское бюро промышленной автоматики (КБПА) Министерства авиационной промышленности СССР, г. Саратов, 1947–
28.07.1962 г.	Годовые лимиты финансирования капитальных работ; титульные списки по капитальному строительству	РГА в г.Самаре. Ф. Р-430. Оп. 5-6. Д. 25.	Рассекречено в 2018 году	Конструкторское бюро промышленной автоматики (КБПА) Министерства авиационной промышленности СССР, г. Саратов, 1947–
14.12.1962 г.	Изобретательские и рационализаторские предложения и отзывы по ним	РГА в г.Самаре. Ф. Р-430. Оп. 5-6. Д. 26.	Рассекречено в 2018 году	Конструкторское бюро промышленной автоматики (КБПА) Министерства авиационной промышленности СССР, г. Саратов, 1947–
17.11.1962 г.	Изобретательские и рационализаторские предложения и отзывы по ним	РГА в г.Самаре. Ф. Р-430. Оп. 5-6. Д. 27.	Рассекречено в 2018 году	Конструкторское бюро промышленной автоматики (КБПА) Министерства авиационной промышленности СССР, г. Саратов, 1947–
17.10.1962 г.	Протоколы технического совета	РГА в г.Самаре. Ф. Р-430. Оп. 5-6. Д. 28.	Рассекречено в 2018 году	Конструкторское бюро промышленной автоматики (КБПА) Министерства авиационной промышленности СССР, г. Саратов, 1947–
1962 г.	Годовая смета государственного социального страхования комитета профсоюза и отчетность о выполнении сметы	РГА в г.Самаре. Ф. Р-430. Оп. 5-6. Д. 29.	Рассекречено в 2018 году	Конструкторское бюро промышленной автоматики (КБПА) Министерства авиационной промышленности СССР, г. Саратов, 1947–
1962 г.	Номенклатура дел ОКБ-213 Государственного комитета СМ СССР по авиационной технике на 1962	РГА в г.Самаре. Ф. Р-430. Оп. 5-6. Д. 30.	Рассекречено в 2018 году	Конструкторское бюро промышленной автоматики (КБПА) Министерства авиационной промышленности СССР, г. Саратов, 1947–
1962 г.	Годовой отчет по основной деятельности ОКБ-213 за 1962	РГА в г.Самаре. Ф. Р-430. Оп. 5-6. Д. 31.	Рассекречено в 2018 году	Конструкторское бюро промышленной автоматики (КБПА) Министерства авиационной промышленности СССР, г. Саратов, 1947–
1962 г.	Годовой отчет по капитальному строительству государственного союзного ОКБ-213 за 1962	РГА в г.Самаре. Ф. Р-430. Оп. 5-6. Д. 32.	Рассекречено в 2018 году	Конструкторское бюро промышленной автоматики (КБПА) Министерства авиационной промышленности СССР, г. Саратов, 1947–
1962 г.	Отчет о производственно-технической деятельности государственного комитета ОКБ-213 за 1962	РГА в г.Самаре. Ф. Р-430. Оп. 5-6. Д. 33.	Рассекречено в 2018 году	Конструкторское бюро промышленной автоматики (КБПА) Министерства авиационной промышленности СССР, г. Саратов, 1947–
1962 г.	Производственно-технический паспорт государственного союзного ОКБ-213 по состоянию на 01.01.63	РГА в г.Самаре. Ф. Р-430. Оп. 5-6. Д. 34.	Рассекречено в 2018 году	Конструкторское бюро промышленной автоматики (КБПА) Министерства авиационной промышленности СССР, г. Саратов, 1947–
30.12.1963 г.	Доклад Главного конструктора о технической деятельности государственного союзного ОКБ-213 за 1962	РГА в г.Самаре. Ф. Р-430. Оп. 5-6. Д. 35.	Рассекречено в 2018 году	Конструкторское бюро промышленной автоматики (КБПА) Министерства авиационной промышленности СССР, г. Саратов, 1947–
27.12.1963 г.	Приказы, распоряжения, директивные: письма государственного комитета по авиационной технике, 4 Управления государственного комитета по авиационной технике	РГА в г.Самаре. Ф. Р-430. Оп. 5-6. Д. 36.	Рассекречено в 2018 году	Конструкторское бюро промышленной автоматики (КБПА) Министерства авиационной промышленности СССР, г. Саратов, 1947–
19.12.1963 г.	Приказы, распоряжения, директивные письма государственного комитета по авиационной технике, 4 Управления государственного комитета по авиационной технике	РГА в г.Самаре. Ф. Р-430. Оп. 5-6. Д. 37.	Рассекречено в 2018 году	Конструкторское бюро промышленной автоматики (КБПА) Министерства авиационной промышленности СССР, г. Саратов, 1947–
28.12.1963 г.	Приказы и распоряжения по ОКБ-213	РГА в г.Самаре. Ф. Р-430. Оп. 5-6. Д. 38.	Рассекречено в 2018 году	Конструкторское бюро промышленной автоматики (КБПА) Министерства авиационной промышленности СССР, г. Саратов, 1947–
29.12.1963 г.	Утвержденный годовой тематический план научно-исследовательских и опытных работ	РГА в г.Самаре. Ф. Р-430. Оп. 5-6. Д. 39.	Рассекречено в 2018 году	Конструкторское бюро промышленной автоматики (КБПА) Министерства авиационной промышленности СССР, г. Саратов, 1947–
30.12.1963 г.	Годовые лимиты, нормативы по труду и заработной плате	РГА в г.Самаре. Ф. Р-430. Оп. 5-6. Д. 40.	Рассекречено в 2018 году	Конструкторское бюро промышленной автоматики (КБПА) Министерства авиационной промышленности СССР, г. Саратов, 1947–
12.10.1963 г.	Отчеты о численности рабочих и служащих по полу, о численности административно-управленческого персонала, о численности и составе специалистов	РГА в г.Самаре. Ф. Р-430. Оп. 5-6. Д. 41.	Рассекречено в 2018 году	Конструкторское бюро промышленной автоматики (КБПА) Министерства авиационной промышленности СССР, г. Саратов, 1947–
27.11.1963 г.	Квартальные расчетные ведомости по взносам на государственное социальное страхование	РГА в г.Самаре. Ф. Р-430. Оп. 5-6. Д. 42.	Рассекречено в 2018 году	Конструкторское бюро промышленной автоматики (КБПА) Министерства авиационной промышленности СССР, г. Саратов, 1947–
19.07.1963 г.	Годовые лимиты финансирования капитальных работ; титульные списки по капитальному строительству	РГА в г.Самаре. Ф. Р-430. Оп. 5-6. Д. 43.	Рассекречено в 2018 году	Конструкторское бюро промышленной автоматики (КБПА) Министерства авиационной промышленности СССР, г. Саратов, 1947–
07.10.1963 г.	Изобретательские и рационализаторские предложения и отзывы по ним	РГА в г.Самаре. Ф. Р-430. Оп. 5-6. Д. 44.	Рассекречено в 2018 году	Конструкторское бюро промышленной автоматики (КБПА) Министерства авиационной промышленности СССР, г. Саратов, 1947–
15.04.1963 г.	Изобретательские и рационализаторские предложения и отзывы по ним	РГА в г.Самаре. Ф. Р-430. Оп. 5-6. Д. 45.	Рассекречено в 2018 году	Конструкторское бюро промышленной автоматики (КБПА) Министерства авиационной промышленности СССР, г. Саратов, 1947–
21.10.1963 г.	Протоколы технического совета	РГА в г.Самаре. Ф. Р-430. Оп. 5-6. Д. 46.	Рассекречено в 2018 году	Конструкторское бюро промышленной автоматики (КБПА) Министерства авиационной промышленности СССР, г. Саратов, 1947–
1963 г.	Годовая смета государственного социального страхования и отчетность о выполнении сметы	РГА в г.Самаре. Ф. Р-430. Оп. 5-6. Д. 47.	Рассекречено в 2018 году	Конструкторское бюро промышленной автоматики (КБПА) Министерства авиационной промышленности СССР, г. Саратов, 1947–
1963 г.	Номенклатура дел 1 отдела ОКБ-213 Госкомитета СМ СССР по авиационной технике на 1963	РГА в г.Самаре. Ф. Р-430. Оп. 5-6. Д. 48.	Рассекречено в 2018 году	Конструкторское бюро промышленной автоматики (КБПА) Министерства авиационной промышленности СССР, г. Саратов, 1947–
1963 г.	Годовой отчет по основной деятельности ОКБ-213 за 1963	РГА в г.Самаре. Ф. Р-430. Оп. 5-6. Д. 49.	Рассекречено в 2018 году	Конструкторское бюро промышленной автоматики (КБПА) Министерства авиационной промышленности СССР, г. Саратов, 1947–
1963 г.	Годовой отчет по капитальному строительству по ОКБ-213 за 1983	РГА в г.Самаре. Ф. Р-430. Оп. 5-6. Д. 50.	Рассекречено в 2018 году	Конструкторское бюро промышленной автоматики (КБПА) Министерства авиационной промышленности СССР, г. Саратов, 1947–
1963 г.	Отчет о производственно-технической и хозяйственной деятельности ОКБ-213 за 1963	РГА в г.Самаре. Ф. Р-430. Оп. 5-6. Д. 51.	Рассекречено в 2018 году	Конструкторское бюро промышленной автоматики (КБПА) Министерства авиационной промышленности СССР, г. Саратов, 1947–
1963 г.	Производственно-технический паспорт ОКБ по состоянию на 01.01.64	РГА в г.Самаре. Ф. Р-430. Оп. 5-6. Д. 52.	Рассекречено в 2018 году	Конструкторское бюро промышленной автоматики (КБПА) Министерства авиационной промышленности СССР, г. Саратов, 1947–
25.12.1964 г.	Доклад Главного конструктора о технической деятельности государственного союзного ОКБ-213 за 1963	РГА в г.Самаре. Ф. Р-430. Оп. 5-6. Д. 53.	Рассекречено в 2018 году	Конструкторское бюро промышленной автоматики (КБПА) Министерства авиационной промышленности СССР, г. Саратов, 1947–
30.11.1964 г.	Приказы, распоряжения, директивные письма государственного комитета по авиационной технике, 4 Управления государственного комитета по авиационной технике, относящиеся к деятельности ОКБ	РГА в г.Самаре. Ф. Р-430. Оп. 5-6. Д. 54.	Рассекречено в 2018 году	Конструкторское бюро промышленной автоматики (КБПА) Министерства авиационной промышленности СССР, г. Саратов, 1947–
19.12.1964 г.	Приказы, распоряжения, директивные письма государственного комитета по авиационной технике, 4 Управления государственного комитета по авиационной технике, относящиеся к деятельности ОКБ	РГА в г.Самаре. Ф. Р-430. Оп. 5-6. Д. 55.	Рассекречено в 2018 году	Конструкторское бюро промышленной автоматики (КБПА) Министерства авиационной промышленности СССР, г. Саратов, 1947–
07.02.1964 г.	Приказы и распоряжения по ОКБ-213	РГА в г.Самаре. Ф. Р-430. Оп. 5-6. Д. 56.	Рассекречено в 2018 году	Конструкторское бюро промышленной автоматики (КБПА) Министерства авиационной промышленности СССР, г. Саратов, 1947–
12.10.1964 г.	Годовые лимиты, нормативы по труду и заработной плате	РГА в г.Самаре. Ф. Р-430. Оп. 5-6. Д. 57.	Рассекречено в 2018 году	Конструкторское бюро промышленной автоматики (КБПА) Министерства авиационной промышленности СССР, г. Саратов, 1947–
25.12.1964 г.	Квартальные расчетные ведомости по взносам на государственное социальное страхование	РГА в г.Самаре. Ф. Р-430. Оп. 5-6. Д. 58.	Рассекречено в 2018 году	Конструкторское бюро промышленной автоматики (КБПА) Министерства авиационной промышленности СССР, г. Саратов, 1947–
23.03.1964 г.	Годовые лимиты финансирования капитальных работ; титульные списки по капитальному строительству	РГА в г.Самаре. Ф. Р-430. Оп. 5-6. Д. 59.	Рассекречено в 2018 году	Конструкторское бюро промышленной автоматики (КБПА) Министерства авиационной промышленности СССР, г. Саратов, 1947–
29.12.1964 г.	Изобретательские и рационализаторские предложения и отзывы по ним	РГА в г.Самаре. Ф. Р-430. Оп. 5-6. Д. 60.	Рассекречено в 2018 году	Конструкторское бюро промышленной автоматики (КБПА) Министерства авиационной промышленности СССР, г. Саратов, 1947–
30.07.1964 г.	Изобретательские и рационализаторские предложения и отзывы по ним	РГА в г.Самаре. Ф. Р-430. Оп. 5-6. Д. 61.	Рассекречено в 2018 году	Конструкторское бюро промышленной автоматики (КБПА) Министерства авиационной промышленности СССР, г. Саратов, 1947–
1964 г.	Годовая смета государственного социального страхования и отчетность о выполнении сметы	РГА в г.Самаре. Ф. Р-430. Оп. 5-6. Д. 62.	Рассекречено в 2018 году	Конструкторское бюро промышленной автоматики (КБПА) Министерства авиационной промышленности СССР, г. Саратов, 1947–
1964 г.	Номенклатура дел 1 отдела ОКБ-213 Госкомитета по авиационной технике СССР на 1964	РГА в г.Самаре. Ф. Р-430. Оп. 5-6. Д. 63.	Рассекречено в 2018 году	Конструкторское бюро промышленной автоматики (КБПА) Министерства авиационной промышленности СССР, г. Саратов, 1947–
1964 г.	Доклад Главного конструктора с технической деятельности ГС ОКБ-213 за 1964	РГА в г.Самаре. Ф. Р-430. Оп. 5-6. Д. 64.	Рассекречено в 2018 году	Конструкторское бюро промышленной автоматики (КБПА) Министерства авиационной промышленности СССР, г. Саратов, 1947–
1964 г.	Годовой отчет по капитальному строительству ОКБ-213 за 1964	РГА в г.Самаре. Ф. Р-430. Оп. 5-6. Д. 65.	Рассекречено в 2018 году	Конструкторское бюро промышленной автоматики (КБПА) Министерства авиационной промышленности СССР, г. Саратов, 1947–
1964 г.	Годовой отчет по основной деятельности ОКБ-213 за 1964	РГА в г.Самаре. Ф. Р-430. Оп. 5-6. Д. 66.	Рассекречено в 2018 году	Конструкторское бюро промышленной автоматики (КБПА) Министерства авиационной промышленности СССР, г. Саратов, 1947–
1964 г.	Отчет о производственно-технической и хозяйственной деятельности ОКБ-213 за 1964	РГА в г.Самаре. Ф. Р-430. Оп. 5-6. Д. 67.	Рассекречено в 2018 году	Конструкторское бюро промышленной автоматики (КБПА) Министерства авиационной промышленности СССР, г. Саратов, 1947–
17.12.1965 г.	Производственно-технический паспорт государственного союзного ОКБ-213 по состоянию на 01.01.65	РГА в г.Самаре. Ф. Р-430. Оп. 5-6. Д. 68.	Рассекречено в 2018 году	Конструкторское бюро промышленной автоматики (КБПА) Министерства авиационной промышленности СССР, г. Саратов, 1947–
17.12.1965 г.	Приказы, распоряжения, директивные письма государственного комитета по авиационной технике, 4 Управления государственного комитета по авиационной технике, относящиеся к деятельности ОКБ	РГА в г.Самаре. Ф. Р-430. Оп. 5-6. Д. 69.	Рассекречено в 2018 году	Конструкторское бюро промышленной автоматики (КБПА) Министерства авиационной промышленности СССР, г. Саратов, 1947–
25.11.1965 г.	Приказы, распоряжения, директивные письма государственного комитета по авиационной технике, 4 Управления государственного комитета по авиационной технике, относящиеся к деятельности ОКБ	РГА в г.Самаре. Ф. Р-430. Оп. 5-6. Д. 70.	Рассекречено в 2018 году	Конструкторское бюро промышленной автоматики (КБПА) Министерства авиационной промышленности СССР, г. Саратов, 1947–
07.01.1965 г.	Приказы и распоряжения по ОКБ-213	РГА в г.Самаре. Ф. Р-430. Оп. 5-6. Д. 71.	Рассекречено в 2018 году	Конструкторское бюро промышленной автоматики (КБПА) Министерства авиационной промышленности СССР, г. Саратов, 1947–
31.03.1965 г.	Утвержденный годовой тематический план научно-исследовательских и опытных работ	РГА в г.Самаре. Ф. Р-430. Оп. 5-6. Д. 72.	Рассекречено в 2018 году	Конструкторское бюро промышленной автоматики (КБПА) Министерства авиационной промышленности СССР, г. Саратов, 1947–
12.01.1966 г.	Годовые лимиты, нормативы по труду и зарплате	РГА в г.Самаре. Ф. Р-430. Оп. 5-6. Д. 73.	Рассекречено в 2018 году	Конструкторское бюро промышленной автоматики (КБПА) Министерства авиационной промышленности СССР, г. Саратов, 1947–
13.09.1965 г.	Квартальные расчетные ведомости по взносам на государственное социальное страхование	РГА в г.Самаре. Ф. Р-430. Оп. 5-6. Д. 74.	Рассекречено в 2018 году	Конструкторское бюро промышленной автоматики (КБПА) Министерства авиационной промышленности СССР, г. Саратов, 1947–
31.01.1966 г.	Годовые лимиты финансирования капитальных работ; титульные списки по капитальному строительству	РГА в г.Самаре. Ф. Р-430. Оп. 5-6. Д. 75.	Рассекречено в 2018 году	Конструкторское бюро промышленной автоматики (КБПА) Министерства авиационной промышленности СССР, г. Саратов, 1947–
03.11.1965 г.	Изобретательские и рационализаторские предложения и отзывы по ним	РГА в г.Самаре. Ф. Р-430. Оп. 5-6. Д. 76.	Рассекречено в 2018 году	Конструкторское бюро промышленной автоматики (КБПА) Министерства авиационной промышленности СССР, г. Саратов, 1947–
06.01.1966 г.	Протоколы технического совета	РГА в г.Самаре. Ф. Р-430. Оп. 5-6. Д. 77.	Рассекречено в 2018 году	Конструкторское бюро промышленной автоматики (КБПА) Министерства авиационной промышленности СССР, г. Саратов, 1947–
1965 г.	Годовая смета государственного социального страхования и отчетность, и выполнение сметы	РГА в г.Самаре. Ф. Р-430. Оп. 5-6. Д. 78.	Рассекречено в 2018 году	Конструкторское бюро промышленной автоматики (КБПА) Министерства авиационной промышленности СССР, г. Саратов, 1947–
1965 г.	Номенклатура дел 1 отдела ОКБ-213 Госкомитета по авиационной технике СССР на 1965	РГА в г.Самаре. Ф. Р-430. Оп. 5-6. Д. 79.	Рассекречено в 2018 году	Конструкторское бюро промышленной автоматики (КБПА) Министерства авиационной промышленности СССР, г. Саратов, 1947–
1965 г.	Годовой отчет по капитальному строительству государственного союзного ОКБ-213 за 1965	РГА в г.Самаре. Ф. Р-430. Оп. 5-6. Д. 80.	Рассекречено в 2018 году	Конструкторское бюро промышленной автоматики (КБПА) Министерства авиационной промышленности СССР, г. Саратов, 1947–
1965 г.	Годовой отчет по основной деятельности государственного союзного ОКБ-213 за 1965	РГА в г.Самаре. Ф. Р-430. Оп. 5-6. Д. 81.	Рассекречено в 2018 году	Конструкторское бюро промышленной автоматики (КБПА) Министерства авиационной промышленности СССР, г. Саратов, 1947–
1965 г.	Отчет о производственно-технической деятельности государственного союзного ОКБ-213 за 1965	РГА в г.Самаре. Ф. Р-430. Оп. 5-6. Д. 82.	Рассекречено в 2018 году	Конструкторское бюро промышленной автоматики (КБПА) Министерства авиационной промышленности СССР, г. Саратов, 1947–
12.11.1966 г.	Производственно-технический паспорт государственного союзного ОКБ-213 5 Государственного Управления по состоянию на 01.01.66	РГА в г.Самаре. Ф. Р-430. Оп. 5-6. Д. 83.	Рассекречено в 2018 году	Конструкторское бюро промышленной автоматики (КБПА) Министерства авиационной промышленности СССР, г. Саратов, 1947–
16.12.1966 г.	Приказы, распоряжения, директивные письма Министерства авиационной промышленности, 5 Главного Управления Министерства авиационной промышленности, относящиеся к деятельности ОКБ	РГА в г.Самаре. Ф. Р-430. Оп. 5-6. Д. 84.	Рассекречено в 2018 году	Конструкторское бюро промышленной автоматики (КБПА) Министерства авиационной промышленности СССР, г. Саратов, 1947–
26.12.1966 г.	Приказы, распоряжения, директивные письма Министерства авиационной промышленности, 5 Главного Управления Министерства авиационной промышленности, относящиеся к деятельности ОКБ	РГА в г.Самаре. Ф. Р-430. Оп. 5-6. Д. 85.	Рассекречено в 2018 году	Конструкторское бюро промышленной автоматики (КБПА) Министерства авиационной промышленности СССР, г. Саратов, 1947–
07.04.1966 г.	Приказы и распоряжения по ОКБ-213	РГА в г.Самаре. Ф. Р-430. Оп. 5-6. Д. 86.	Рассекречено в 2018 году	Конструкторское бюро промышленной автоматики (КБПА) Министерства авиационной промышленности СССР, г. Саратов, 1947–
10.01.1966 г.	Утвержденный годовой тематический план научно-исследовательских и опытных работ	РГА в г.Самаре. Ф. Р-430. Оп. 5-6. Д. 87.	Рассекречено в 2018 году	Конструкторское бюро промышленной автоматики (КБПА) Министерства авиационной промышленности СССР, г. Саратов, 1947–
09.01.1967 г.	Годовые лимиты, нормативы по труду и зарплате	РГА в г.Самаре. Ф. Р-430. Оп. 5-6. Д. 88.	Рассекречено в 2018 году	Конструкторское бюро промышленной автоматики (КБПА) Министерства авиационной промышленности СССР, г. Саратов, 1947–
03.01.1966 г.	Квартальные расчетные ведомости по взносам на государственное социальное страхование	РГА в г.Самаре. Ф. Р-430. Оп. 5-6. Д. 89.	Рассекречено в 2018 году	Конструкторское бюро промышленной автоматики (КБПА) Министерства авиационной промышленности СССР, г. Саратов, 1947–
29.12.1966 г.	Годовые лимиты финансирования капитальных работ; титульные списки по капитальному строительству	РГА в г.Самаре. Ф. Р-430. Оп. 5-6. Д. 90.	Рассекречено в 2018 году	Конструкторское бюро промышленной автоматики (КБПА) Министерства авиационной промышленности СССР, г. Саратов, 1947–
28.12.1966 г.	Годовые лимиты финансирования капитальных работ; титульные списки по капитальному строительству	РГА в г.Самаре. Ф. Р-430. Оп. 5-6. Д. 91.	Рассекречено в 2018 году	Конструкторское бюро промышленной автоматики (КБПА) Министерства авиационной промышленности СССР, г. Саратов, 1947–
28.09.1966 г.	Изобретательские и рационализаторские предложения и отзывы по ним	РГА в г.Самаре. Ф. Р-430. Оп. 5-6. Д. 92.	Рассекречено в 2018 году	Конструкторское бюро промышленной автоматики (КБПА) Министерства авиационной промышленности СССР, г. Саратов, 1947–
1966 г.	Годовая смета государственного социального страхования и отчетность о выполнении сметы	РГА в г.Самаре. Ф. Р-430. Оп. 5-6. Д. 93.	Рассекречено в 2018 году	Конструкторское бюро промышленной автоматики (КБПА) Министерства авиационной промышленности СССР, г. Саратов, 1947–
1966 г.	Номенклатура дел 1 отдела ОКБ-213 Министерства авиационной промышленности на 1966	РГА в г.Самаре. Ф. Р-430. Оп. 5-6. Д. 94.	Рассекречено в 2018 году	Конструкторское бюро промышленной автоматики (КБПА) Министерства авиационной промышленности СССР, г. Саратов, 1947–
1966 г.	Годовой отчет по капитальному строительству предприятия п/я Р-6133 за 1966	РГА в г.Самаре. Ф. Р-430. Оп. 5-6. Д. 95.	Рассекречено в 2018 году	Конструкторское бюро промышленной автоматики (КБПА) Министерства авиационной промышленности СССР, г. Саратов, 1947–
1966 г.	Годовой отчет по основной деятельности предприятия п/я Р-6133 за 1966	РГА в г.Самаре. Ф. Р-430. Оп. 5-6. Д. 96.	Рассекречено в 2018 году	Конструкторское бюро промышленной автоматики (КБПА) Министерства авиационной промышленности СССР, г. Саратов, 1947–
1966 г.	Отчет о производственно-технической деятельности предприятия п/я Р-6133 за 1966	РГА в г.Самаре. Ф. Р-430. Оп. 5-6. Д. 97.	Рассекречено в 2018 году	Конструкторское бюро промышленной автоматики (КБПА) Министерства авиационной промышленности СССР, г. Саратов, 1947–
18.12.1967 г.	Производственно-технический паспорт предприятия п/я Р-6133 по состоянию на 01.01.67	РГА в г.Самаре. Ф. Р-430. Оп. 5-6. Д. 98.	Рассекречено в 2018 году	Конструкторское бюро промышленной автоматики (КБПА) Министерства авиационной промышленности СССР, г. Саратов, 1947–
28.12.1967 г.	Приказы, распоряжения, директивные письма Министерства авиационной промышленности, 5 Главного Управления Министерства авиационной промышленности, относящиеся к деятельности предприятия п/я Р-6133	РГА в г.Самаре. Ф. Р-430. Оп. 5-6. Д. 99.	Рассекречено в 2018 году	Конструкторское бюро промышленной автоматики (КБПА) Министерства авиационной промышленности СССР, г. Саратов, 1947–
20.11.1967 г.	Приказы, распоряжения, директивные письма Министерства авиационной промышленности, 5 Главного Управления Министерства авиационной промышленности, относящиеся к деятельности предприятия п/я Р-6133	РГА в г.Самаре. Ф. Р-430. Оп. 5-6. Д. 100.	Рассекречено в 2018 году	Конструкторское бюро промышленной автоматики (КБПА) Министерства авиационной промышленности СССР, г. Саратов, 1947–
25.03.1967 г.	Приказы и распоряжения по предприятию п/я Р-6133	РГА в г.Самаре. Ф. Р-430. Оп. 5-6. Д. 101.	Рассекречено в 2018 году	Конструкторское бюро промышленной автоматики (КБПА) Министерства авиационной промышленности СССР, г. Саратов, 1947–
29.11.1967 г.	Утвержденный годовой тематический план научно-исследовательских и опытных работ	РГА в г.Самаре. Ф. Р-430. Оп. 5-6. Д. 102.	Рассекречено в 2018 году	Конструкторское бюро промышленной автоматики (КБПА) Министерства авиационной промышленности СССР, г. Саратов, 1947–
10.01.1967 г.	Годовые лимиты, нормативы по труду и заработной плате	РГА в г.Самаре. Ф. Р-430. Оп. 5-6. Д. 103.	Рассекречено в 2018 году	Конструкторское бюро промышленной автоматики (КБПА) Министерства авиационной промышленности СССР, г. Саратов, 1947–
21.11.1967 г.	Квартальные расчетные ведомости по вопросам на государственное социальное страхование	РГА в г.Самаре. Ф. Р-430. Оп. 5-6. Д. 104.	Рассекречено в 2018 году	Конструкторское бюро промышленной автоматики (КБПА) Министерства авиационной промышленности СССР, г. Саратов, 1947–
13.11.1967 г.	Годовые лимиты финансирования капитальных работ, титульные списки по капитальному строительству	РГА в г.Самаре. Ф. Р-430. Оп. 5-6. Д. 105.	Рассекречено в 2018 году	Конструкторское бюро промышленной автоматики (КБПА) Министерства авиационной промышленности СССР, г. Саратов, 1947–
09.01.1967 г.	Изобретательские и рационализаторские предложения и отзывы по ним	РГА в г.Самаре. Ф. Р-430. Оп. 5-6. Д. 106.	Рассекречено в 2018 году	Конструкторское бюро промышленной автоматики (КБПА) Министерства авиационной промышленности СССР, г. Саратов, 1947–
20.12.1967 г.	Протоколы технического совета	РГА в г.Самаре. Ф. Р-430. Оп. 5-6. Д. 107.	Рассекречено в 2018 году	Конструкторское бюро промышленной автоматики (КБПА) Министерства авиационной промышленности СССР, г. Саратов, 1947–
1967 г.	Годовая смета государственного социального страхования и отчетность о выполнении сметы	РГА в г.Самаре. Ф. Р-430. Оп. 5-6. Д. 108.	Рассекречено в 2018 году	Конструкторское бюро промышленной автоматики (КБПА) Министерства авиационной промышленности СССР, г. Саратов, 1947–
1967 г.	Номенклатура особой важности, совершенно секретных и секретных дел предприятия п/я Р-6133 на 1967	РГА в г.Самаре. Ф. Р-430. Оп. 5-6. Д. 109.	Рассекречено в 2018 году	Конструкторское бюро промышленной автоматики (КБПА) Министерства авиационной промышленности СССР, г. Саратов, 1947–
1967 г.	Годовой отчет по основной деятельности предприятия п/я Р-6133 за 1967	РГА в г.Самаре. Ф. Р-430. Оп. 5-6. Д. 110.	Рассекречено в 2018 году	Конструкторское бюро промышленной автоматики (КБПА) Министерства авиационной промышленности СССР, г. Саратов, 1947–
1967 г.	Годовой отчет по капитальному строительству предприятия п/я Р-6133 за 1967	РГА в г.Самаре. Ф. Р-430. Оп. 5-6. Д. 111.	Рассекречено в 2018 году	Конструкторское бюро промышленной автоматики (КБПА) Министерства авиационной промышленности СССР, г. Саратов, 1947–
1967 г.	Отчет о производственно-технической деятельности предприятия п/я Р-6133 за 1967	РГА в г.Самаре. Ф. Р-430. Оп. 5-6. Д. 112.	Рассекречено в 2018 году	Конструкторское бюро промышленной автоматики (КБПА) Министерства авиационной промышленности СССР, г. Саратов, 1947–
20.12.1968 г.	Производственно-технический паспорт предприятия п/я Р-6133 по состоянию на 01.01.68.	РГА в г.Самаре. Ф. Р-430. Оп. 5-6. Д. 113.	Рассекречено в 2018 году	Конструкторское бюро промышленной автоматики (КБПА) Министерства авиационной промышленности СССР, г. Саратов, 1947–
18.09.1968 г.	Приказы, распоряжения, директивные письма Министерства авиационной промышленности, 5 Главного Управления Министерства авиационной промышленности, относящиеся к деятельности предприятия	РГА в г.Самаре. Ф. Р-430. Оп. 5-6. Д. 114.	Рассекречено в 2018 году	Конструкторское бюро промышленной автоматики (КБПА) Министерства авиационной промышленности СССР, г. Саратов, 1947–
20.12.1968 г.	Приказы, распоряжения, директивные письма Министерства авиационной промышленности, 5 Главного Управления Министерства авиационной промышленности, относящиеся к деятельности предприятия	РГА в г.Самаре. Ф. Р-430. Оп. 5-6. Д. 115.	Рассекречено в 2018 году	Конструкторское бюро промышленной автоматики (КБПА) Министерства авиационной промышленности СССР, г. Саратов, 1947–
31.12.1968 г.	Приказы, распоряжения, директивные письма Министерства авиационной промышленности, 5 Главного Управления Министерства авиационной промышленности, относящиеся к деятельности предприятия	РГА в г.Самаре. Ф. Р-430. Оп. 5-6. Д. 116.	Рассекречено в 2018 году	Конструкторское бюро промышленной автоматики (КБПА) Министерства авиационной промышленности СССР, г. Саратов, 1947–
04.03.1968 г.	Приказы и распоряжения по предприятию п/я Р-6133	РГА в г.Самаре. Ф. Р-430. Оп. 5-6. Д. 117.	Рассекречено в 2018 году	Конструкторское бюро промышленной автоматики (КБПА) Министерства авиационной промышленности СССР, г. Саратов, 1947–
06.06.1968 г.	Утвержденный годовой тематический план научно-исследовательских и опытно-конструкторских работ	РГА в г.Самаре. Ф. Р-430. Оп. 5-6. Д. 118.	Рассекречено в 2018 году	Конструкторское бюро промышленной автоматики (КБПА) Министерства авиационной промышленности СССР, г. Саратов, 1947–
08.01.1969 г.	Годовые лимиты, нормативы по труду и заработной плате	РГА в г.Самаре. Ф. Р-430. Оп. 5-6. Д. 119.	Рассекречено в 2018 году	Конструкторское бюро промышленной автоматики (КБПА) Министерства авиационной промышленности СССР, г. Саратов, 1947–
30.12.1968 г.	Квартальные расчетные ведомости по взносам на государственное социальное страхование	РГА в г.Самаре. Ф. Р-430. Оп. 5-6. Д. 120.	Рассекречено в 2018 году	Конструкторское бюро промышленной автоматики (КБПА) Министерства авиационной промышленности СССР, г. Саратов, 1947–
30.12.1968 г.	Годовые лимиты финансирования капитальных работ, титульные списки по капитальному строительству	РГА в г.Самаре. Ф. Р-430. Оп. 5-6. Д. 121.	Рассекречено в 2018 году	Конструкторское бюро промышленной автоматики (КБПА) Министерства авиационной промышленности СССР, г. Саратов, 1947–
30.12.1968 г.	Изобретательские и рационализаторские предложения и отзывы по ним	РГА в г.Самаре. Ф. Р-430. Оп. 5-6. Д. 122.	Рассекречено в 2018 году	Конструкторское бюро промышленной автоматики (КБПА) Министерства авиационной промышленности СССР, г. Саратов, 1947–
1968 г.	Годовая смета государственного социального страхования и отчетность о выполнении сметы	РГА в г.Самаре. Ф. Р-430. Оп. 5-6. Д. 123.	Рассекречено в 2018 году	Конструкторское бюро промышленной автоматики (КБПА) Министерства авиационной промышленности СССР, г. Саратов, 1947–
1968 г.	Номенклатура особой важности, совершенно секретных и секретных дел предприятия п/я Р-6133 на 1968	РГА в г.Самаре. Ф. Р-430. Оп. 5-6. Д. 124.	Рассекречено в 2018 году	Конструкторское бюро промышленной автоматики (КБПА) Министерства авиационной промышленности СССР, г. Саратов, 1947–
1968 г.	Годовой отчет по основной деятельности предприятия п/я Р-6133 за 1968	РГА в г.Самаре. Ф. Р-430. Оп. 5-6. Д. 125.	Рассекречено в 2018 году	Конструкторское бюро промышленной автоматики (КБПА) Министерства авиационной промышленности СССР, г. Саратов, 1947–
1968 г.	Годовой отчет по капитальному строительству предприятия п/я Р-6133 за 1968	РГА в г.Самаре. Ф. Р-430. Оп. 5-6. Д. 126.	Рассекречено в 2018 году	Конструкторское бюро промышленной автоматики (КБПА) Министерства авиационной промышленности СССР, г. Саратов, 1947–
1968 г.	Годовой отчет о производственно-технической деятельности предприятия п/я Р-6133 за 1968	РГА в г.Самаре. Ф. Р-430. Оп. 5-6. Д. 127.	Рассекречено в 2018 году	Конструкторское бюро промышленной автоматики (КБПА) Министерства авиационной промышленности СССР, г. Саратов, 1947–
29.09.1969 г.	Производственно-технический паспорт предприятия п/я Р-6133 по состоянию на 01.01.69	РГА в г.Самаре. Ф. Р-430. Оп. 5-6. Д. 128.	Рассекречено в 2018 году	Конструкторское бюро промышленной автоматики (КБПА) Министерства авиационной промышленности СССР, г. Саратов, 1947–
18.11.1969 г.	Приказы, распоряжения, директивные письма Министерства авиационной промышленности, 5 Главного Управления Министерства авиационной промышленности, относящиеся к деятельности предприятия	РГА в г.Самаре. Ф. Р-430. Оп. 5-6. Д. 129.	Рассекречено в 2018 году	Конструкторское бюро промышленной автоматики (КБПА) Министерства авиационной промышленности СССР, г. Саратов, 1947–
29.11.1969 г.	Приказы, распоряжения, директивные письма Министерства авиационной промышленности, 5 Главного Управления Министерства авиационной промышленности, относящиеся к деятельности предприятия	РГА в г.Самаре. Ф. Р-430. Оп. 5-6. Д. 130.	Рассекречено в 2018 году	Конструкторское бюро промышленной автоматики (КБПА) Министерства авиационной промышленности СССР, г. Саратов, 1947–
15.12.1969 г.	Приказы, распоряжения, директивные письма Министерства авиационной промышленности, 5 Главного Управления Министерства авиационной промышленности, относящиеся к деятельности предприятия	РГА в г.Самаре. Ф. Р-430. Оп. 5-6. Д. 131.	Рассекречено в 2018 году	Конструкторское бюро промышленной автоматики (КБПА) Министерства авиационной промышленности СССР, г. Саратов, 1947–
24.03.1969 г.	Приказы и распоряжения по предприятию п/я Р-6133	РГА в г.Самаре. Ф. Р-430. Оп. 5-6. Д. 132.	Рассекречено в 2018 году	Конструкторское бюро промышленной автоматики (КБПА) Министерства авиационной промышленности СССР, г. Саратов, 1947–
29.12.1969 г.	Утвержденный годовой тематический план научно-исследовательских и опытно-конструкторских работ	РГА в г.Самаре. Ф. Р-430. Оп. 5-6. Д. 133.	Рассекречено в 2018 году	Конструкторское бюро промышленной автоматики (КБПА) Министерства авиационной промышленности СССР, г. Саратов, 1947–
09.01.1970 г.	Годовые лимиты, нормативы по труду и зарплате	РГА в г.Самаре. Ф. Р-430. Оп. 5-6. Д. 134.	Рассекречено в 2018 году	Конструкторское бюро промышленной автоматики (КБПА) Министерства авиационной промышленности СССР, г. Саратов, 1947–
24.11.1969 г.	Квартальные расчетные ведомости по взносам на государственное социальное страхование	РГА в г.Самаре. Ф. Р-430. Оп. 5-6. Д. 135.	Рассекречено в 2018 году	Конструкторское бюро промышленной автоматики (КБПА) Министерства авиационной промышленности СССР, г. Саратов, 1947–
10.12.1969 г.	Годовые лимиты финансирования капитальные работ; титульные листы по капитальному строительству	РГА в г.Самаре. Ф. Р-430. Оп. 5-6. Д. 136.	Рассекречено в 2018 году	Конструкторское бюро промышленной автоматики (КБПА) Министерства авиационной промышленности СССР, г. Саратов, 1947–
15.01.1969 г.	Изобретательские и рационализаторские предложения и отзывы по ним	РГА в г.Самаре. Ф. Р-430. Оп. 5-6. Д. 137.	Рассекречено в 2018 году	Конструкторское бюро промышленной автоматики (КБПА) Министерства авиационной промышленности СССР, г. Саратов, 1947–
23.06.1969 г.	Протоколы технического совета	РГА в г.Самаре. Ф. Р-430. Оп. 5-6. Д. 138.	Рассекречено в 2018 году	Конструкторское бюро промышленной автоматики (КБПА) Министерства авиационной промышленности СССР, г. Саратов, 1947–
1969 г.	Годовая смета государственного социального страхования и отчетность о выполнении сметы	РГА в г.Самаре. Ф. Р-430. Оп. 5-6. Д. 139.	Рассекречено в 2018 году	Конструкторское бюро промышленной автоматики (КБПА) Министерства авиационной промышленности СССР, г. Саратов, 1947–
1969 г.	Номенклатура особой важности, совершенно секретных и секретных дел предприятия п\я Р-6133 на 1969	РГА в г.Самаре. Ф. Р-430. Оп. 5-6. Д. 140.	Рассекречено в 2018 году	Конструкторское бюро промышленной автоматики (КБПА) Министерства авиационной промышленности СССР, г. Саратов, 1947–
1969 г.	Годовой отчет по основной деятельности предприятия п/я Р-6133 за 1969	РГА в г.Самаре. Ф. Р-430. Оп. 5-6. Д. 141.	Рассекречено в 2018 году	Конструкторское бюро промышленной автоматики (КБПА) Министерства авиационной промышленности СССР, г. Саратов, 1947–
1969 г.	Годовой отчет по капитальному строительству предприятия п/я Р-6133 за 1969	РГА в г.Самаре. Ф. Р-430. Оп. 5-6. Д. 142.	Рассекречено в 2018 году	Конструкторское бюро промышленной автоматики (КБПА) Министерства авиационной промышленности СССР, г. Саратов, 1947–
1969 г.	Отчет о производственно-технической деятельности предприятия п/я Р-6133 за 1969	РГА в г.Самаре. Ф. Р-430. Оп. 5-6. Д. 143.	Рассекречено в 2018 году	Конструкторское бюро промышленной автоматики (КБПА) Министерства авиационной промышленности СССР, г. Саратов, 1947–
15.12.1970 г.	Производственно-технический паспорт предприятия п/я Р-6133 по состоянию на 01.01.70	РГА в г.Самаре. Ф. Р-430. Оп. 5-6. Д. 144.	Рассекречено в 2018 году	Конструкторское бюро промышленной автоматики (КБПА) Министерства авиационной промышленности СССР, г. Саратов, 1947–
31.12.1970 г.	Приказы, распоряжения, директивные письма Министерства авиационной промышленности, 5 Главного Управления Министерства авиационной промышленности, относящиеся к деятельности предприятия	РГА в г.Самаре. Ф. Р-430. Оп. 5-6. Д. 145.	Рассекречено в 2018 году	Конструкторское бюро промышленной автоматики (КБПА) Министерства авиационной промышленности СССР, г. Саратов, 1947–
07.09.1970 г.	Приказы, распоряжения, директивные письма Министерства авиационной промышленности, 5 Главного Управления Министерства авиационной промышленности, относящиеся к деятельности предприятия	РГА в г.Самаре. Ф. Р-430. Оп. 5-6. Д. 146.	Рассекречено в 2018 году	Конструкторское бюро промышленной автоматики (КБПА) Министерства авиационной промышленности СССР, г. Саратов, 1947–
08.04.1970 г.	Приказы и распоряжения по предприятию п/я Р-6133	РГА в г.Самаре. Ф. Р-430. Оп. 5-6. Д. 147.	Рассекречено в 2018 году	Конструкторское бюро промышленной автоматики (КБПА) Министерства авиационной промышленности СССР, г. Саратов, 1947–
31.12.1970 г.	Утвержденный годовой тематический план научно-исследовательских и опытно-конструкторских работ	РГА в г.Самаре. Ф. Р-430. Оп. 5-6. Д. 148.	Рассекречено в 2018 году	Конструкторское бюро промышленной автоматики (КБПА) Министерства авиационной промышленности СССР, г. Саратов, 1947–
11.02.1970 г.	Годовые лимиты, нормативы по труду и зарплате	РГА в г.Самаре. Ф. Р-430. Оп. 5-6. Д. 149.	Рассекречено в 2018 году	Конструкторское бюро промышленной автоматики (КБПА) Министерства авиационной промышленности СССР, г. Саратов, 1947–
22.05.1970 г.	Квартальные расчетные ведомости по взносам на государственное социальное страхование	РГА в г.Самаре. Ф. Р-430. Оп. 5-6. Д. 150.	Рассекречено в 2018 году	Конструкторское бюро промышленной автоматики (КБПА) Министерства авиационной промышленности СССР, г. Саратов, 1947–
15.12.1970 г.	Годовые лимиты финансирования капитальных работ, титульные списки по капитальному строительству	РГА в г.Самаре. Ф. Р-430. Оп. 5-6. Д. 151.	Рассекречено в 2018 году	Конструкторское бюро промышленной автоматики (КБПА) Министерства авиационной промышленности СССР, г. Саратов, 1947–
05.05.1970 г.	Изобретательские и рационализаторские предложения и отзывы по ним	РГА в г.Самаре. Ф. Р-430. Оп. 5-6. Д. 152.	Рассекречено в 2018 году	Конструкторское бюро промышленной автоматики (КБПА) Министерства авиационной промышленности СССР, г. Саратов, 1947–
31.12.1970 г.	Годовая смета государственного социального страхования и отчетность о выполнении сметы	РГА в г.Самаре. Ф. Р-430. Оп. 5-6. Д. 153.	Рассекречено в 2018 году	Конструкторское бюро промышленной автоматики (КБПА) Министерства авиационной промышленности СССР, г. Саратов, 1947–
1970 г.	Протоколы технического совета	РГА в г.Самаре. Ф. Р-430. Оп. 5-6. Д. 154.	Рассекречено в 2018 году	Конструкторское бюро промышленной автоматики (КБПА) Министерства авиационной промышленности СССР, г. Саратов, 1947–
1970 г.	Номенклатура особой важности, совершенно секретных и секретных дел предприятия п/я Р-6133 на 1979	РГА в г.Самаре. Ф. Р-430. Оп. 5-6. Д. 155.	Рассекречено в 2018 году	Конструкторское бюро промышленной автоматики (КБПА) Министерства авиационной промышленности СССР, г. Саратов, 1947–
1970 г.	Годовой отчет по основной деятельности предприятия п/я Р-6133 за 1970	РГА в г.Самаре. Ф. Р-430. Оп. 5-6. Д. 156.	Рассекречено в 2018 году	Конструкторское бюро промышленной автоматики (КБПА) Министерства авиационной промышленности СССР, г. Саратов, 1947–
1970 г.	Отчет о производственно-технической и хозяйственной деятельности предприятия п/я Р-6133 за 1970	РГА в г.Самаре. Ф. Р-430. Оп. 5-6. Д. 157.	Рассекречено в 2018 году	Конструкторское бюро промышленной автоматики (КБПА) Министерства авиационной промышленности СССР, г. Саратов, 1947–
1970 г.	Производственно-технический паспорт предприятия п/я Р-6133. Часть 1. Общие данные по предприятию по состоянию на 01.01.71.	РГА в г.Самаре. Ф. Р-430. Оп. 5-6. Д. 158.	Рассекречено в 2018 году	Конструкторское бюро промышленной автоматики (КБПА) Министерства авиационной промышленности СССР, г. Саратов, 1947–
12.03.1971 г. – 10.11.1971 г.	Производственно-технический паспорт предприятия п/я Р-6133. Часть II. Состав оборудования по цехам и энергетика предприятия по состоянию на 01.01.71.	РГА в г.Самаре. Ф. Р-430. Оп. 5-6. Д. 159.	Рассекречено в 2018 году	Конструкторское бюро промышленной автоматики (КБПА) Министерства авиационной промышленности СССР, г. Саратов, 1947–
08.01.1971 г. – 27.09.1971 г.	Приказы, распоряжения, директивные письма Министерства авиационной промышленности, 5 Главного Управления Министерства авиационной промышленности, относящиеся к деятельности предприятия	РГА в г.Самаре. Ф. Р-430. Оп. 5-6. Д. 160.	Рассекречено в 2018 году	Конструкторское бюро промышленной автоматики (КБПА) Министерства авиационной промышленности СССР, г. Саратов, 1947–
1971 г.	Приказы по предприятию п/я Р-6133	РГА в г.Самаре. Ф. Р-430. Оп. 5-6. Д. 161.	Рассекречено в 2018 году	Конструкторское бюро промышленной автоматики (КБПА) Министерства авиационной промышленности СССР, г. Саратов, 1947–
1971 г.	Утвержденный годовой тематический план научно-исследовательских и опытно-конструкторских работ на 1971 и 1972 г	РГА в г.Самаре. Ф. Р-430. Оп. 5-6. Д. 162.	Рассекречено в 2018 году	Конструкторское бюро промышленной автоматики (КБПА) Министерства авиационной промышленности СССР, г. Саратов, 1947–
12.04.1971 г. – 31.12.1971 г.	Годовые лимиты, нормативы по труду и зарплате на 1971 год	РГА в г.Самаре. Ф. Р-430. Оп. 5-6. Д. 163.	Рассекречено в 2018 году	Конструкторское бюро промышленной автоматики (КБПА) Министерства авиационной промышленности СССР, г. Саратов, 1947–
1971 г.	Квартальные расчетные ведомости по взносам на государственное социальное страхование	РГА в г.Самаре. Ф. Р-430. Оп. 5-6. Д. 164.	Рассекречено в 2018 году	Конструкторское бюро промышленной автоматики (КБПА) Министерства авиационной промышленности СССР, г. Саратов, 1947–
05.01.1971 г. – 29.06.1971 г.	Годовые лимиты финансирования капитальных работ; титульные списки по капитальному строительству на 1971 год	РГА в г.Самаре. Ф. Р-430. Оп. 5-6. Д. 165.	Рассекречено в 2018 году	Конструкторское бюро промышленной автоматики (КБПА) Министерства авиационной промышленности СССР, г. Саратов, 1947–
03.05.1971 г. – 31.08.1971 г.	Годовая смета государственного социального страхования и отчетность о выполнении сметы	РГА в г.Самаре. Ф. Р-430. Оп. 5-6. Д. 166.	Рассекречено в 2018 году	Конструкторское бюро промышленной автоматики (КБПА) Министерства авиационной промышленности СССР, г. Саратов, 1947–
1971 г.	Протоколы технического совета	РГА в г.Самаре. Ф. Р-430. Оп. 5-6. Д. 167.	Рассекречено в 2018 году	Конструкторское бюро промышленной автоматики (КБПА) Министерства авиационной промышленности СССР, г. Саратов, 1947–
1971 г.	Номенклатура особой важности, совершенно секретных и секретных дел предприятия п/я Р-6133 на 1971 год	РГА в г.Самаре. Ф. Р-430. Оп. 5-6. Д. 168.	Рассекречено в 2018 году	Конструкторское бюро промышленной автоматики (КБПА) Министерства авиационной промышленности СССР, г. Саратов, 1947–
1971 г.	Годовой отчет по основной деятельности предприятия п/я Р-6133 за 1971 год	РГА в г.Самаре. Ф. Р-430. Оп. 5-6. Д. 169.	Рассекречено в 2018 году	Конструкторское бюро промышленной автоматики (КБПА) Министерства авиационной промышленности СССР, г. Саратов, 1947–
1971 г.	Отчет о производственно-технической и хозяйственной деятельности предприятия п/я Р-6133 за 1971	РГА в г.Самаре. Ф. Р-430. Оп. 5-6. Д. 170.	Рассекречено в 2018 году	Конструкторское бюро промышленной автоматики (КБПА) Министерства авиационной промышленности СССР, г. Саратов, 1947–
1971 г.	Производственно-технический паспорт Конструкторского бюро промышленной автоматики. Часть I. Общие данные по предприятию по состоянию на 01.01.72	РГА в г.Самаре. Ф. Р-430. Оп. 5-6. Д. 171.	Рассекречено в 2018 году	Конструкторское бюро промышленной автоматики (КБПА) Министерства авиационной промышленности СССР, г. Саратов, 1947–
12.01.1972 г. – 26.06.1972 г.	Производственно-технический паспорт Конструкторского бюро промышленной автоматики. Часть II. Состав оборудования по цехам и энергетика предприятия по состоянию на 01.01.72	РГА в г.Самаре. Ф. Р-430. Оп. 5-6. Д. 172.	Рассекречено в 2018 году	Конструкторское бюро промышленной автоматики (КБПА) Министерства авиационной промышленности СССР, г. Саратов, 1947–
14.02.1972 г. – 21.08.1972 г.	Приказы, распоряжения, директивные письма Министерства авиационной промышленности, 5 Главного Управления Министерства авиационной промышленности, относящиеся к деятельности предприятия	РГА в г.Самаре. Ф. Р-430. Оп. 5-6. Д. 173.	Рассекречено в 2018 году	Конструкторское бюро промышленной автоматики (КБПА) Министерства авиационной промышленности СССР, г. Саратов, 1947–
27.06.1972 г. – 25.12.1972 г.	Приказы, распоряжения, директивные письма Министерства авиационной промышленности, 5 Главного Управления Министерства авиационной промышленности, относящиеся к деятельности предприятия	РГА в г.Самаре. Ф. Р-430. Оп. 5-6. Д. 174.	Рассекречено в 2018 году	Конструкторское бюро промышленной автоматики (КБПА) Министерства авиационной промышленности СССР, г. Саратов, 1947–
16.01.1972 г. – 23.11.1972 г.	Приказы, распоряжения, директивные письма Министерства авиационной промышленности, 5 Главного Управления Министерства авиационной промышленности, относящиеся к деятельности предприятия	РГА в г.Самаре. Ф. Р-430. Оп. 5-6. Д. 175.	Рассекречено в 2018 году	Конструкторское бюро промышленной автоматики (КБПА) Министерства авиационной промышленности СССР, г. Саратов, 1947–
11.04.1972 г. – 11.10.1972 г.	Приказы и распоряжения по предприятию п/я Р-6133	РГА в г.Самаре. Ф. Р-430. Оп. 5-6. Д. 176.	Рассекречено в 2018 году	Конструкторское бюро промышленной автоматики (КБПА) Министерства авиационной промышленности СССР, г. Саратов, 1947–
1972 г.	Квартальные расчетные ведомости по взносам на государственное социальное страхование	РГА в г.Самаре. Ф. Р-430. Оп. 5-6. Д. 177.	Рассекречено в 2018 году	Конструкторское бюро промышленной автоматики (КБПА) Министерства авиационной промышленности СССР, г. Саратов, 1947–
05.01.1972 г. – 29.06.1972 г.	Годовые лимиты финансирования капитальных работ, титульные списки по капитальному строительству на 1972 год	РГА в г.Самаре. Ф. Р-430. Оп. 5-6. Д. 178.	Рассекречено в 2018 году	Конструкторское бюро промышленной автоматики (КБПА) Министерства авиационной промышленности СССР, г. Саратов, 1947–
09.03.1972 г. – 07.09.1972 г.	Годовая смета государственного страхования и отчетность о выполнении сметы	РГА в г.Самаре. Ф. Р-430. Оп. 5-6. Д. 179.	Рассекречено в 2018 году	Конструкторское бюро промышленной автоматики (КБПА) Министерства авиационной промышленности СССР, г. Саратов, 1947–
1972 г.	Протоколы технического совета	РГА в г.Самаре. Ф. Р-430. Оп. 5-6. Д. 180.	Рассекречено в 2018 году	Конструкторское бюро промышленной автоматики (КБПА) Министерства авиационной промышленности СССР, г. Саратов, 1947–
1972 г.	Номенклатура особой важности совершенно секретных и секретных дел предприятия п/я Р-6133 на 1972 год	РГА в г.Самаре. Ф. Р-430. Оп. 5-6. Д. 181.	Рассекречено в 2018 году	Конструкторское бюро промышленной автоматики (КБПА) Министерства авиационной промышленности СССР, г. Саратов, 1947–
1972 г.	Годовой отчет по основной деятельности предприятия п/я Р-6133 за 1972 год	РГА в г.Самаре. Ф. Р-430. Оп. 5-6. Д. 182.	Рассекречено в 2018 году	Конструкторское бюро промышленной автоматики (КБПА) Министерства авиационной промышленности СССР, г. Саратов, 1947–
1972 г.	Отчет о производственно-технической и хозяйственной деятельности предприятия п/я Р-6133 за 1972 год	РГА в г.Самаре. Ф. Р-430. Оп. 5-6. Д. 183.	Рассекречено в 2018 году	Конструкторское бюро промышленной автоматики (КБПА) Министерства авиационной промышленности СССР, г. Саратов, 1947–
1972 г.	Производственно-технический паспорт Конструкторского бюро промышленной автоматики. Часть I. Общие данные по предприятию по состоянию на 01.01.73.	РГА в г.Самаре. Ф. Р-430. Оп. 5-6. Д. 184.	Рассекречено в 2018 году	Конструкторское бюро промышленной автоматики (КБПА) Министерства авиационной промышленности СССР, г. Саратов, 1947–
06.02.1973 г. – 26.11.1973 г.	Производственно-технический паспорт Конструкторского бюро промышленной автоматики. Часть II. Состав оборудования по цехам и энергетика предприятия по состоянию на 01.01.73.	РГА в г.Самаре. Ф. Р-430. Оп. 5-6. Д. 185.	Рассекречено в 2018 году	Конструкторское бюро промышленной автоматики (КБПА) Министерства авиационной промышленности СССР, г. Саратов, 1947–
22.01.1973 г. – 22.11.1973 г.	Приказы, распоряжения, директивные письма Министерства авиационной промышленности, 5 Главного Управления Министерства авиационной промышленности, 9 Главного Управления Министерства авиационной промышленности относящиеся к деятельности предприятия	РГА в г.Самаре. Ф. Р-430. Оп. 5-6. Д. 186.	Рассекречено в 2018 году	Конструкторское бюро промышленной автоматики (КБПА) Министерства авиационной промышленности СССР, г. Саратов, 1947–
08.01.1973 г. – 28.12.1973 г.	Приказы, распоряжения, директивные письма Министерства авиационной промышленности, 5 Главного Управления Министерства авиационной промышленности, 9 Главного Управления Министерства авиационной промышленности, относящиеся к деятельности предприятия	РГА в г.Самаре. Ф. Р-430. Оп. 5-6. Д. 187.	Рассекречено в 2018 году	Конструкторское бюро промышленной автоматики (КБПА) Министерства авиационной промышленности СССР, г. Саратов, 1947–
1973 г.	Приказы и распоряжения по предприятию п/я Р-6133	РГА в г.Самаре. Ф. Р-430. Оп. 5-6. Д. 188.	Рассекречено в 2018 году	Конструкторское бюро промышленной автоматики (КБПА) Министерства авиационной промышленности СССР, г. Саратов, 1947–
11.01.1973 г. – 11.10.1973 г.	Утвержденный годовой тематический план научно-исследовательских и опытно-конструкторских работ на 1973-1974 годы	РГА в г.Самаре. Ф. Р-430. Оп. 5-6. Д. 189.	Рассекречено в 2018 году	Конструкторское бюро промышленной автоматики (КБПА) Министерства авиационной промышленности СССР, г. Саратов, 1947–
1973 г.	Квартальные расчетные ведомости по взносам на государственное социальное страхование	РГА в г.Самаре. Ф. Р-430. Оп. 5-6. Д. 190.	Рассекречено в 2018 году	Конструкторское бюро промышленной автоматики (КБПА) Министерства авиационной промышленности СССР, г. Саратов, 1947–
03.01.1973 г. – 26.12.1973 г.	Годовые лимиты финансирования капитальных работ; титульные списки по капитальному строительству на 1973 год	РГА в г.Самаре. Ф. Р-430. Оп. 5-6. Д. 191.	Рассекречено в 2018 году	Конструкторское бюро промышленной автоматики (КБПА) Министерства авиационной промышленности СССР, г. Саратов, 1947–
1973 г.	Годовая смета государственного социального страхования и отчетность о выполнении сметы	РГА в г.Самаре. Ф. Р-430. Оп. 5-6. Д. 192.	Рассекречено в 2018 году	Конструкторское бюро промышленной автоматики (КБПА) Министерства авиационной промышленности СССР, г. Саратов, 1947–
1973 г.	Номенклатура особой важности, совершенно секретных, секретных дел предприятия п/я Р-6133 на 1973 год	РГА в г.Самаре. Ф. Р-430. Оп. 5-6. Д. 193.	Рассекречено в 2018 году	Конструкторское бюро промышленной автоматики (КБПА) Министерства авиационной промышленности СССР, г. Саратов, 1947–
1973 г.	Годовой отчет по основной деятельности предприятия п/я Р-6133 за 1973 год	РГА в г.Самаре. Ф. Р-430. Оп. 5-6. Д. 194.	Рассекречено в 2018 году	Конструкторское бюро промышленной автоматики (КБПА) Министерства авиационной промышленности СССР, г. Саратов, 1947–
1973 г.	Годовой отчет по капитальному строительству предприятия п/я Р-6133 за 1973 год	РГА в г.Самаре. Ф. Р-430. Оп. 5-6. Д. 195.	Рассекречено в 2018 году	Конструкторское бюро промышленной автоматики (КБПА) Министерства авиационной промышленности СССР, г. Саратов, 1947–
1973 г.	Отчет о производственно-технической и хозяйственной деятельности предприятия п/я Р-6133 за 1973 год	РГА в г.Самаре. Ф. Р-430. Оп. 5-6. Д. 196.	Рассекречено в 2018 году	Конструкторское бюро промышленной автоматики (КБПА) Министерства авиационной промышленности СССР, г. Саратов, 1947–
1973 г.	Производственно-технический паспорт Конструкторского бюро промышленной автоматики. Часть I. Общие данные по предприятию по состоянию на 01.01.74.	РГА в г.Самаре. Ф. Р-430. Оп. 5-6. Д. 197.	Рассекречено в 2018 году	Конструкторское бюро промышленной автоматики (КБПА) Министерства авиационной промышленности СССР, г. Саратов, 1947–
12.05.1974 г. – 23.12.1974 г.	Производственно-технический паспорт Конструкторского бюро промышленной автоматики. Часть II. Состав оборудования по цехам и энергетика предприятия по состоянию на 01.01.74.	РГА в г.Самаре. Ф. Р-430. Оп. 5-6. Д. 198.	Рассекречено в 2018 году	Конструкторское бюро промышленной автоматики (КБПА) Министерства авиационной промышленности СССР, г. Саратов, 1947–
26.03.1974 г.	Приказы, распоряжения, директивные письма Министерства авиационной промышленности, 5 Главного Управления Министерства авиационной промышленности, 9 Главного Управления Министерства авиационной промышленности относящиеся к деятельности предприятия	РГА в г.Самаре. Ф. Р-430. Оп. 5-6. Д. 199.	Рассекречено в 2018 году	Конструкторское бюро промышленной автоматики (КБПА) Министерства авиационной промышленности СССР, г. Саратов, 1947–
16.08.1974 г. – 31.10.1974 г.	Приказы, распоряжения, директивные письма Министерства авиационной промышленности, 5 Главного Управления Министерства авиационной промышленности, 9 Главного Управления Министерства авиационной промышленности относящиеся к деятельности предприятия	РГА в г.Самаре. Ф. Р-430. Оп. 5-6. Д. 200.	Рассекречено в 2018 году	Конструкторское бюро промышленной автоматики (КБПА) Министерства авиационной промышленности СССР, г. Саратов, 1947–
14.01.1974 г.	Приказы, распоряжения, директивные письма Министерства авиационной промышленности, 5 Главного Управления Министерства авиационной промышленности, 9 Главного Управления Министерства авиационной промышленности относящиеся к деятельности предприятия	РГА в г.Самаре. Ф. Р-430. Оп. 5-6. Д. 201.	Рассекречено в 2018 году	Конструкторское бюро промышленной автоматики (КБПА) Министерства авиационной промышленности СССР, г. Саратов, 1947–
17.07.1974 г. – 10.10.1974 г.	Приказы по предприятию п/я Р-6133	РГА в г.Самаре. Ф. Р-430. Оп. 5-6. Д. 202.	Рассекречено в 2018 году	Конструкторское бюро промышленной автоматики (КБПА) Министерства авиационной промышленности СССР, г. Саратов, 1947–
1974 г.	Квартальные расчетные ведомости по взносам на государственное социальное страхование	РГА в г.Самаре. Ф. Р-430. Оп. 5-6. Д. 203.	Рассекречено в 2018 году	Конструкторское бюро промышленной автоматики (КБПА) Министерства авиационной промышленности СССР, г. Саратов, 1947–
01.03.1974 г. – 29.11.1974 г.	Годовые лимиты финансирования капитальных работ; титульные списки по капитальному строительству на 1974 год	РГА в г.Самаре. Ф. Р-430. Оп. 5-6. Д. 204.	Рассекречено в 2018 году	Конструкторское бюро промышленной автоматики (КБПА) Министерства авиационной промышленности СССР, г. Саратов, 1947–
24.01.1974 г. – 01.04.1974 г.	Годовая смета государственного социального страхования и отчетность о выполнении сметы	РГА в г.Самаре. Ф. Р-430. Оп. 5-6. Д. 205.	Рассекречено в 2018 году	Конструкторское бюро промышленной автоматики (КБПА) Министерства авиационной промышленности СССР, г. Саратов, 1947–
1974 г.	Протоколы технического совета	РГА в г.Самаре. Ф. Р-430. Оп. 5-6. Д. 206.	Рассекречено в 2018 году	Конструкторское бюро промышленной автоматики (КБПА) Министерства авиационной промышленности СССР, г. Саратов, 1947–
1974 г.	Номенклатура особой важности совершенно секретных и секретных дел предприятия п/я Р-6133 на 1974 год	РГА в г.Самаре. Ф. Р-430. Оп. 5-6. Д. 207.	Рассекречено в 2018 году	Конструкторское бюро промышленной автоматики (КБПА) Министерства авиационной промышленности СССР, г. Саратов, 1947–
1974 г.	Годовой отчет по основной деятельности предприятия п/я Р-6133 за 1974 год	РГА в г.Самаре. Ф. Р-430. Оп. 5-6. Д. 208.	Рассекречено в 2018 году	Конструкторское бюро промышленной автоматики (КБПА) Министерства авиационной промышленности СССР, г. Саратов, 1947–
1974 г.	Годовой отчет по капитальному строительству предприятия п/я Р-6133 за 1974 год	РГА в г.Самаре. Ф. Р-430. Оп. 5-6. Д. 209.	Рассекречено в 2018 году	Конструкторское бюро промышленной автоматики (КБПА) Министерства авиационной промышленности СССР, г. Саратов, 1947–
1974 г.	Отчет о производственно-технической и хозяйственной деятельности предприятия п/я Р-6133 за 1974 год	РГА в г.Самаре. Ф. Р-430. Оп. 5-6. Д. 210.	Рассекречено в 2018 году	Конструкторское бюро промышленной автоматики (КБПА) Министерства авиационной промышленности СССР, г. Саратов, 1947–
1974 г.	Производственно-технический паспорт предприятия – Конструкторское бюро промышленной автоматики. Часть I. Общие данные по предприятию по состоянию на 01.01.75.	РГА в г.Самаре. Ф. Р-430. Оп. 5-6. Д. 211.	Рассекречено в 2018 году	Конструкторское бюро промышленной автоматики (КБПА) Министерства авиационной промышленности СССР, г. Саратов, 1947–
06.03.1975 г. – 15.09.1975 г.	Производственно-технический паспорт предприятия – Конструкторское бюро промышленной автоматики. Часть II. Состав оборудования по цехам и энергетика предприятия по состоянию на 01.01.75.	РГА в г.Самаре. Ф. Р-430. Оп. 5-6. Д. 212.	Рассекречено в 2018 году	Конструкторское бюро промышленной автоматики (КБПА) Министерства авиационной промышленности СССР, г. Саратов, 1947–
20.01.1975 г. – 10.11.1975 г.	Приказы, распоряжения, директивные письма Министерства авиационной промышленности, 5 Главного Управления Министерства авиационной промышленности, 9 Главного Управления Министерства авиационной промышленности относящиеся к деятельности предприятия	РГА в г.Самаре. Ф. Р-430. Оп. 5-6. Д. 213.	Рассекречено в 2018 году	Конструкторское бюро промышленной автоматики (КБПА) Министерства авиационной промышленности СССР, г. Саратов, 1947–
15.12.1975 г. – 15.12.1975 г.	Приказы, распоряжения, директивные письма Министерства авиационной промышленности, 5 Главного Управления Министерства авиационной промышленности, 9 Главного Управления Министерства авиационной промышленности относящиеся к деятельности предприятия	РГА в г.Самаре. Ф. Р-430. Оп. 5-6. Д. 214.	Рассекречено в 2018 году	Конструкторское бюро промышленной автоматики (КБПА) Министерства авиационной промышленности СССР, г. Саратов, 1947–
06.01.1975 г. – 07.03.1975 г.	Приказы, распоряжения, директивные письма Министерства авиационной промышленности, 5 Главного Управления Министерства авиационной промышленности, 9 Главного Управления Министерства авиационной промышленности относящиеся к деятельности предприятия	РГА в г.Самаре. Ф. Р-430. Оп. 5-6. Д. 215.	Рассекречено в 2018 году	Конструкторское бюро промышленной автоматики (КБПА) Министерства авиационной промышленности СССР, г. Саратов, 1947–
1975 г.	Приказы по предприятию п/я Р-6133	РГА в г.Самаре. Ф. Р-430. Оп. 5-6. Д. 216.	Рассекречено в 2018 году	Конструкторское бюро промышленной автоматики (КБПА) Министерства авиационной промышленности СССР, г. Саратов, 1947–
07.01.1975 г. – 15.10.1975 г.	Утвержденный годовой тематический план научно-исследовательских и опытно-конструкторских работ на 1975 год	РГА в г.Самаре. Ф. Р-430. Оп. 5-6. Д. 217.	Рассекречено в 2018 году	Конструкторское бюро промышленной автоматики (КБПА) Министерства авиационной промышленности СССР, г. Саратов, 1947–
1975 г.	Квартальные расчетные ведомости по взносам на государственное социальное страхование	РГА в г.Самаре. Ф. Р-430. Оп. 5-6. Д. 218.	Рассекречено в 2018 году	Конструкторское бюро промышленной автоматики (КБПА) Министерства авиационной промышленности СССР, г. Саратов, 1947–
02.01.1975 г. – 29.12.1975 г.	Годовые лимиты финансирования капитальных работ; титульные списки по капитальному строительству на 1975 год	РГА в г.Самаре. Ф. Р-430. Оп. 5-6. Д. 219.	Рассекречено в 2018 году	Конструкторское бюро промышленной автоматики (КБПА) Министерства авиационной промышленности СССР, г. Саратов, 1947–
1975 г.	Годовая смета государственного социального страхования и отчетность о выполнении сметы	РГА в г.Самаре. Ф. Р-430. Оп. 5-6. Д. 220.	Рассекречено в 2018 году	Конструкторское бюро промышленной автоматики (КБПА) Министерства авиационной промышленности СССР, г. Саратов, 1947–
1975 г.	Номенклатура особой важности, совершенно секретных и секретных дел предприятия п/я Р-6133 на 1975 год	РГА в г.Самаре. Ф. Р-430. Оп. 5-6. Д. 221.	Рассекречено в 2018 году	Конструкторское бюро промышленной автоматики (КБПА) Министерства авиационной промышленности СССР, г. Саратов, 1947–
1975 г.	Годовой отчет по капитальному строительству предприятия п/я Р-6133 на 1975 год	РГА в г.Самаре. Ф. Р-430. Оп. 5-6. Д. 222.	Рассекречено в 2018 году	Конструкторское бюро промышленной автоматики (КБПА) Министерства авиационной промышленности СССР, г. Саратов, 1947–
1975 г.	Годовой отчет по основной деятельности предприятия п/я Р-6133 за 1975 год	РГА в г.Самаре. Ф. Р-430. Оп. 5-6. Д. 223.	Рассекречено в 2018 году	Конструкторское бюро промышленной автоматики (КБПА) Министерства авиационной промышленности СССР, г. Саратов, 1947–
1975 г.	Отчет о производственно-технической и хозяйственной деятельности предприятия п/я Р-6133 за 1975 год	РГА в г.Самаре. Ф. Р-430. Оп. 5-6. Д. 224.	Рассекречено в 2018 году	Конструкторское бюро промышленной автоматики (КБПА) Министерства авиационной промышленности СССР, г. Саратов, 1947–
1975 г.	Производственно-технический паспорт предприятия – Конструкторское бюро промышленной автоматики. Часть I. Общие данные по предприятию по состоянию на 01.01.76.	РГА в г.Самаре. Ф. Р-430. Оп. 5-6. Д. 225.	Рассекречено в 2018 году	Конструкторское бюро промышленной автоматики (КБПА) Министерства авиационной промышленности СССР, г. Саратов, 1947–
04.01.1976 г. – 08.12.1976 г.	Производственно-технический паспорт предприятия – Конструкторское бюро промышленной автоматики. Часть II. Состав оборудования по цехам и энергетика предприятия по состоянию на 01.01.76.	РГА в г.Самаре. Ф. Р-430. Оп. 5-6. Д. 226.	Рассекречено в 2018 году	Конструкторское бюро промышленной автоматики (КБПА) Министерства авиационной промышленности СССР, г. Саратов, 1947–
1976 г.	Приказы и распоряжения по предприятию п/я Р-6133	РГА в г.Самаре. Ф. Р-430. Оп. 5-6. Д. 229.	Рассекречено в 2018 году	Конструкторское бюро промышленной автоматики (КБПА) Министерства авиационной промышленности СССР, г. Саратов, 1947–
1976 г.	Утвержденный годовой тематический план научно-исследовательских и опытно-конструкторских работ на 1976 год	РГА в г.Самаре. Ф. Р-430. Оп. 5-6. Д. 230.	Рассекречено в 2018 году	Конструкторское бюро промышленной автоматики (КБПА) Министерства авиационной промышленности СССР, г. Саратов, 1947–
02.03.1976 г. – 02.07.1976 г.	Годовые лимиты финансирования капитальных работ; титульные списки по капитальному строительству на 1976 год	РГА в г.Самаре. Ф. Р-430. Оп. 5-6. Д. 231.	Рассекречено в 2018 году	Конструкторское бюро промышленной автоматики (КБПА) Министерства авиационной промышленности СССР, г. Саратов, 1947–
1976 г.	Годовая смета государственного социального страхования и отчетность о выполнении сметы	РГА в г.Самаре. Ф. Р-430. Оп. 5-6. Д. 232.	Рассекречено в 2018 году	Конструкторское бюро промышленной автоматики (КБПА) Министерства авиационной промышленности СССР, г. Саратов, 1947–
1976 г.	Номенклатура особой важности совершенно секретных и секретных дел предприятия п/я Р-6133 на 1976 год	РГА в г.Самаре. Ф. Р-430. Оп. 5-6. Д. 233.	Рассекречено в 2018 году	Конструкторское бюро промышленной автоматики (КБПА) Министерства авиационной промышленности СССР, г. Саратов, 1947–
1976 г.	Годовой отчет по основной деятельности предприятия п/я Р-6133 за 1976 год	РГА в г.Самаре. Ф. Р-430. Оп. 5-6. Д. 234.	Рассекречено в 2018 году	Конструкторское бюро промышленной автоматики (КБПА) Министерства авиационной промышленности СССР, г. Саратов, 1947–
1976 г.	Годовой отчет по капитальному строительству предприятия п/я Р-6133 за 1976 год	РГА в г.Самаре. Ф. Р-430. Оп. 5-6. Д. 235.	Рассекречено в 2018 году	Конструкторское бюро промышленной автоматики (КБПА) Министерства авиационной промышленности СССР, г. Саратов, 1947–
1976 г.	Отчет о производственно-технической и хозяйственной деятельности предприятия п/я Р-6133 за 1976 год	РГА в г.Самаре. Ф. Р-430. Оп. 5-6. Д. 236.	Рассекречено в 2018 году	Конструкторское бюро промышленной автоматики (КБПА) Министерства авиационной промышленности СССР, г. Саратов, 1947–
1976 г.	Производственно-технический паспорт предприятия – Конструкторское бюро промышленной автоматики. Часть I. Общие данные по предприятию по состоянию на 01.01.77.	РГА в г.Самаре. Ф. Р-430. Оп. 5-6. Д. 237.	Рассекречено в 2018 году	Конструкторское бюро промышленной автоматики (КБПА) Министерства авиационной промышленности СССР, г. Саратов, 1947–
07.01.1977 г. – 28.12.1977 г.	Производственно-технический паспорт предприятия – Конструкторское бюро промышленной автоматики. Часть II. Состав оборудования по цехам и энергетика предприятия по состоянию на 01.01.77.	РГА в г.Самаре. Ф. Р-430. Оп. 5-6. Д. 238.	Рассекречено в 2018 году	Конструкторское бюро промышленной автоматики (КБПА) Министерства авиационной промышленности СССР, г. Саратов, 1947–
1976 г.	Приказы и распоряжения по предприятию п/я Р-6133	РГА в г.Самаре. Ф. Р-430. Оп. 5-6. Д. 241.	Рассекречено в 2018 году	Конструкторское бюро промышленной автоматики (КБПА) Министерства авиационной промышленности СССР, г. Саратов, 1947–
10.01.1977 г. – 12.10.1977 г.	Утвержденный годовой тематический план научно-исследовательских и опытно-конструкторских работ на 1977-1978 г	РГА в г.Самаре. Ф. Р-430. Оп. 5-6. Д. 242.	Рассекречено в 2018 году	Конструкторское бюро промышленной автоматики (КБПА) Министерства авиационной промышленности СССР, г. Саратов, 1947–
1977 г.	Квартальные расчетные ведомости по взносам на государственное социальное страхование	РГА в г.Самаре. Ф. Р-430. Оп. 5-6. Д. 243.	Рассекречено в 2018 году	Конструкторское бюро промышленной автоматики (КБПА) Министерства авиационной промышленности СССР, г. Саратов, 1947–
04.01.1977 г. – 30.06.1977 г.	Годовые лимиты финансирования капитальных работ; титульные списки по капитальному строительству на 1977 год	РГА в г.Самаре. Ф. Р-430. Оп. 5-6. Д. 244.	Рассекречено в 2018 году	Конструкторское бюро промышленной автоматики (КБПА) Министерства авиационной промышленности СССР, г. Саратов, 1947–
1977 г.	Годовая смета государственного социального страхования и отчетность о выполнении сметы	РГА в г.Самаре. Ф. Р-430. Оп. 5-6. Д. 245.	Рассекречено в 2018 году	Конструкторское бюро промышленной автоматики (КБПА) Министерства авиационной промышленности СССР, г. Саратов, 1947–
1977 г.	Номенклатура совершенно секретных и секретных дел предприятия п/я Р-6133 на 1977 год	РГА в г.Самаре. Ф. Р-430. Оп. 5-6. Д. 246.	Рассекречено в 2018 году	Конструкторское бюро промышленной автоматики (КБПА) Министерства авиационной промышленности СССР, г. Саратов, 1947–
1977 г.	Годовой отчет по капитальному строительству предприятия п/я Р-6133 за 1977 год	РГА в г.Самаре. Ф. Р-430. Оп. 5-6. Д. 247.	Рассекречено в 2018 году	Конструкторское бюро промышленной автоматики (КБПА) Министерства авиационной промышленности СССР, г. Саратов, 1947–
1977 г.	Годовой отчет по основной деятельности предприятия п/я Р-6133 за 1977 год	РГА в г.Самаре. Ф. Р-430. Оп. 5-6. Д. 248.	Рассекречено в 2018 году	Конструкторское бюро промышленной автоматики (КБПА) Министерства авиационной промышленности СССР, г. Саратов, 1947–
1977 г.	Отчет о производственно-технической и хозяйственной деятельности предприятия п/я Р-6133 за 1977 год	РГА в г.Самаре. Ф. Р-430. Оп. 5-6. Д. 249.	Рассекречено в 2018 году	Конструкторское бюро промышленной автоматики (КБПА) Министерства авиационной промышленности СССР, г. Саратов, 1947–
1977 г.	Производственно-технический паспорт конструкторского бюро промышленной автоматики. Часть I. Общие данные по предприятию по состоянию на 01.01.78	РГА в г.Самаре. Ф. Р-430. Оп. 5-6. Д. 250.	Рассекречено в 2018 году	Конструкторское бюро промышленной автоматики (КБПА) Министерства авиационной промышленности СССР, г. Саратов, 1947–
05.01.1978 г. – 06.07.1978 г.	Производственно-технический паспорт конструкторского бюро промышленной автоматики. Часть II. Состав оборудования по цехам и энергетика предприятия по состоянию на 01.01.78	РГА в г.Самаре. Ф. Р-430. Оп. 5-6. Д. 251.	Рассекречено в 2018 году	Конструкторское бюро промышленной автоматики (КБПА) Министерства авиационной промышленности СССР, г. Саратов, 1947–
13.01.1978 г. – 14.07.1978 г.	Приказы и распоряжения по предприятию	РГА в г.Самаре. Ф. Р-430. Оп. 5-6. Д. 253.	Рассекречено в 2018 году	Конструкторское бюро промышленной автоматики (КБПА) Министерства авиационной промышленности СССР, г. Саратов, 1947–
1978 г.	Квартальные расчетные ведомости по взносам на государственное социальное страхование	РГА в г.Самаре. Ф. Р-430. Оп. 5-6. Д. 254.	Рассекречено в 2018 году	Конструкторское бюро промышленной автоматики (КБПА) Министерства авиационной промышленности СССР, г. Саратов, 1947–
17.01.1978 г. – 21.03.1978 г.	Утвержденный план капитальных вложений на 1978 год. План капитального строительства на 1978 год.	РГА в г.Самаре. Ф. Р-430. Оп. 5-6. Д. 255.	Рассекречено в 2018 году	Конструкторское бюро промышленной автоматики (КБПА) Министерства авиационной промышленности СССР, г. Саратов, 1947–
1978 г.	Годовая смета государственного социального страхования и отчетность о выполнении сметы	РГА в г.Самаре. Ф. Р-430. Оп. 5-6. Д. 256.	Рассекречено в 2018 году	Конструкторское бюро промышленной автоматики (КБПА) Министерства авиационной промышленности СССР, г. Саратов, 1947–
1978 г.	Номенклатура совершенно секретных и секретных дел предприятия п/я Р-6133 на 1978 год	РГА в г.Самаре. Ф. Р-430. Оп. 5-6. Д. 257.	Рассекречено в 2018 году	Конструкторское бюро промышленной автоматики (КБПА) Министерства авиационной промышленности СССР, г. Саратов, 1947–
1978 г.	Объяснительная записка к годовому отчету по основной деятельности предприятия п/я В-8240 за 1978 год. Часть II. Работа конструкторского бюро промышленной автоматики предприятия	РГА в г.Самаре. Ф. Р-430. Оп. 5-6. Д. 258.	Рассекречено в 2018 году	Конструкторское бюро промышленной автоматики (КБПА) Министерства авиационной промышленности СССР, г. Саратов, 1947–
1978 г.	Производственно-технический паспорт предприятия п/я В-8240. Опытное производство. Часть I. Общие данные по предприятию по состоянию на 01.01.79.	РГА в г.Самаре. Ф. Р-430. Оп. 5-6. Д. 259.	Рассекречено в 2018 году	Конструкторское бюро промышленной автоматики (КБПА) Министерства авиационной промышленности СССР, г. Саратов, 1947–
26.01.1979 г. – 27.12.1979 г.	Производственно-технический паспорт предприятия п/я В-8240. Опытное производство. Часть II. Состав оборудования по цехам и энергетика предприятия по состоянию на 01.01.79.	РГА в г.Самаре. Ф. Р-430. Оп. 5-6. Д. 260.	Рассекречено в 2018 году	Конструкторское бюро промышленной автоматики (КБПА) Министерства авиационной промышленности СССР, г. Саратов, 1947–
1979 г.	Приказы и распоряжения по опытному производству	РГА в г.Самаре. Ф. Р-430. Оп. 5-6. Д. 262.	Рассекречено в 2018 году	Конструкторское бюро промышленной автоматики (КБПА) Министерства авиационной промышленности СССР, г. Саратов, 1947–
1979 г.	Утвержденный годовой тематический план научно-исследовательских и опытно-конструкторских работ на 1979 год	РГА в г.Самаре. Ф. Р-430. Оп. 5-6. Д. 263.	Рассекречено в 2018 году	Конструкторское бюро промышленной автоматики (КБПА) Министерства авиационной промышленности СССР, г. Саратов, 1947–
1979 г.	Квартальные и месячные отчеты и балансы по основной деятельности. Справка Управления Госбанка о зарплате за 1979 год	РГА в г.Самаре. Ф. Р-430. Оп. 5-6. Д. 264.	Рассекречено в 2018 году	Конструкторское бюро промышленной автоматики (КБПА) Министерства авиационной промышленности СССР, г. Саратов, 1947–
1979 г.	Номенклатура особой важности, совершенно секретных и секретных дел по опытному производству предприятия п/я В-8240 на 1979 год	РГА в г.Самаре. Ф. Р-430. Оп. 5-6. Д. 265.	Рассекречено в 2018 году	Конструкторское бюро промышленной автоматики (КБПА) Министерства авиационной промышленности СССР, г. Саратов, 1947–
1979 г.	Объяснительная записка к годовому отчету по основной деятельности предприятия п/я 8240 за 1979 год. Часть II. Работа конструкторского бюро предприятия	РГА в г.Самаре. Ф. Р-430. Оп. 5-6. Д. 266.	Рассекречено в 2018 году	Конструкторское бюро промышленной автоматики (КБПА) Министерства авиационной промышленности СССР, г. Саратов, 1947–
1979 г.	Производственно-технический паспорт предприятия п/я В-8240. Опытное производство. Часть I. Общие данные по предприятию по состоянию на 01.01.80	РГА в г.Самаре. Ф. Р-430. Оп. 5-6. Д. 267.	Рассекречено в 2018 году	Конструкторское бюро промышленной автоматики (КБПА) Министерства авиационной промышленности СССР, г. Саратов, 1947–
07.08.1958 г. – 27.04.1967 г.	Производственно-технический паспорт предприятия п/я В-8240. Опытное производство. Часть I. Состав оборудования по цехам и энергетика предприятия по состоянию на 01.01.80	РГА в г.Самаре. Ф. Р-430. Оп. 5-6. Д. 268.	Рассекречено в 2018 году	Конструкторское бюро промышленной автоматики (КБПА) Министерства авиационной промышленности СССР, г. Саратов, 1947–
28.04.1967 г. – 28.09.1973 г.	Директивные указания Первого отдела Государственного комитета по авиационной технике по секретному делопроизводству и акты обследования секретного отдела	РГА в г.Самаре. Ф. Р-430. Оп. 5-6. Д. 269.	Рассекречено в 2018 году	Конструкторское бюро промышленной автоматики (КБПА) Министерства авиационной промышленности СССР, г. Саратов, 1947–
28.06.1971 г. – 29.12.1971 г.	Директивные указания Первого отдела Министерства авиационной промышленности по секретному делопроизводству и акты обследования Первого отдела	РГА в г.Самаре. Ф. Р-430. Оп. 5-6. Д. 270.	Рассекречено в 2018 году	Конструкторское бюро промышленной автоматики (КБПА) Министерства авиационной промышленности СССР, г. Саратов, 1947–
15.03.1972 г. – 15.03.1972 г.	Акты на рассекречивание документации	РГА в г.Самаре. Ф. Р-430. Оп. 5-6. Д. 271.	Рассекречено в 2018 году	Конструкторское бюро промышленной автоматики (КБПА) Министерства авиационной промышленности СССР, г. Саратов, 1947–
10.10.1973 г. – 03.04.1976 г.	Акты на рассекречивание документации	РГА в г.Самаре. Ф. Р-430. Оп. 5-6. Д. 272.	Рассекречено в 2018 году	Конструкторское бюро промышленной автоматики (КБПА) Министерства авиационной промышленности СССР, г. Саратов, 1947–
21.03.1973 г. – 02.10.1973 г.	Директивные указания Первого отдела Министерства авиационной промышленности по секретному делопроизводству; Акты обследования первого отдела	РГА в г.Самаре. Ф. Р-430. Оп. 5-6. Д. 273.	Рассекречено в 2018 году	Конструкторское бюро промышленной автоматики (КБПА) Министерства авиационной промышленности СССР, г. Саратов, 1947–
03.02.1957 г. – 29.12.1972 г.	Акты на рассекречивание документации	РГА в г.Самаре. Ф. Р-430. Оп. 5-6. Д. 274.	Рассекречено в 2018 году	Конструкторское бюро промышленной автоматики (КБПА) Министерства авиационной промышленности СССР, г. Саратов, 1947–
10.11.1974 г. – 10.11.1974 г.	Отборочные списки документальных материалов ОКБ-213, не подлежащих дальнейшему хранению	РГА в г.Самаре. Ф. Р-430. Оп. 5-6. Д. 275.	Рассекречено в 2018 году	Конструкторское бюро промышленной автоматики (КБПА) Министерства авиационной промышленности СССР, г. Саратов, 1947–
11.09.1975 г. – 26.09.1975 г.	Акты на рассекречивание документации	РГА в г.Самаре. Ф. Р-430. Оп. 5-6. Д. 276.	Рассекречено в 2018 году	Конструкторское бюро промышленной автоматики (КБПА) Министерства авиационной промышленности СССР, г. Саратов, 1947–
21.11.1976 г. – 21.11.1976 г.	Акты на рассекречивание документации	РГА в г.Самаре. Ф. Р-430. Оп. 5-6. Д. 277.	Рассекречено в 2018 году	Конструкторское бюро промышленной автоматики (КБПА) Министерства авиационной промышленности СССР, г. Саратов, 1947–
04.02.1977 г. – 04.05.1977 г.	Акты на рассекречивание документации	РГА в г.Самаре. Ф. Р-430. Оп. 5-6. Д. 278.	Рассекречено в 2018 году	Конструкторское бюро промышленной автоматики (КБПА) Министерства авиационной промышленности СССР, г. Саратов, 1947–
1980 г.	Акты на рассекречивание документации	РГА в г.Самаре. Ф. Р-430. Оп. 5-6. Д. 279.	Рассекречено в 2018 году	Конструкторское бюро промышленной автоматики (КБПА) Министерства авиационной промышленности СССР, г. Саратов, 1947–
02.01.1980 г. – 31.12.1980 г.	Номенклатура особой важности, совершенно секретных и секретных дел по опытному производству п/я В-8240 на 1980 год	РГА в г.Самаре. Ф. Р-430. Оп. 5-6. Д. 281.	Рассекречено в 2018 году	Конструкторское бюро промышленной автоматики (КБПА) Министерства авиационной промышленности СССР, г. Саратов, 1947–
15.01.1980 г. – 11.12.1980 г.	Приказы и распоряжения по опытному производству	РГА в г.Самаре. Ф. Р-430. Оп. 5-6. Д. 283.	Рассекречено в 2018 году	Конструкторское бюро промышленной автоматики (КБПА) Министерства авиационной промышленности СССР, г. Саратов, 1947–
1980 г.	Утвержденный годовой план научно-исследовательских и опытно-конструкторских работ. Сметы, затраты на производство	РГА в г.Самаре. Ф. Р-430. Оп. 5-6. Д. 284.	Рассекречено в 2018 году	Конструкторское бюро промышленной автоматики (КБПА) Министерства авиационной промышленности СССР, г. Саратов, 1947–
05.01.1981 г. – 31.12.1981 г.	Номенклатура особой важности совершенно секретных и секретных дел по опытному производству п/я В-8240 на 1981 год	РГА в г.Самаре. Ф. Р-430. Оп. 5-6. Д. 285.	Рассекречено в 2018 году	Конструкторское бюро промышленной автоматики (КБПА) Министерства авиационной промышленности СССР, г. Саратов, 1947–
07.01.1981 г. – 16.01.1981 г.	Приказы и распоряжения по опытному образцу	РГА в г.Самаре. Ф. Р-430. Оп. 5-6. Д. 287.	Рассекречено в 2018 году	Конструкторское бюро промышленной автоматики (КБПА) Министерства авиационной промышленности СССР, г. Саратов, 1947–
1981 г.	Утвержденный годовой тематический план научно-исследовательских и опытно-конструкторских работ. Сметы, затрат на производство	РГА в г.Самаре. Ф. Р-430. Оп. 5-6. Д. 288.	Рассекречено в 2018 году	Конструкторское бюро промышленной автоматики (КБПА) Министерства авиационной промышленности СССР, г. Саратов, 1947–
1981 г.	Объяснительная записка к годовому отчету по основной деятельности п/я В-8240 за 1980 год. Часть II. Работа конструкторского бюро предприятия	РГА в г.Самаре. Ф. Р-430. Оп. 5-6. Д. 289.	Рассекречено в 2018 году	Конструкторское бюро промышленной автоматики (КБПА) Министерства авиационной промышленности СССР, г. Саратов, 1947–
1981 г.	Производственно-технический паспорт предприятия. Часть I. Общие данные по предприятию	РГА в г.Самаре. Ф. Р-430. Оп. 5-6. Д. 290.	Рассекречено в 2018 году	Конструкторское бюро промышленной автоматики (КБПА) Министерства авиационной промышленности СССР, г. Саратов, 1947–
1982 г.	Производственно-технический паспорт предприятия. Часть II. Состав оборудования по цехам и энергетика предприятия	РГА в г.Самаре. Ф. Р-430. Оп. 5-6. Д. 291.	Рассекречено в 2018 году	Конструкторское бюро промышленной автоматики (КБПА) Министерства авиационной промышленности СССР, г. Саратов, 1947–
21.01.1982 г. – 16.12.1982 г.	Номенклатура особой важности, совершенно секретных и секретных дел по опытному производству п/я В-8240 на 1982 год	РГА в г.Самаре. Ф. Р-430. Оп. 5-6. Д. 292.	Рассекречено в 2018 году	Конструкторское бюро промышленной автоматики (КБПА) Министерства авиационной промышленности СССР, г. Саратов, 1947–
26.06.1979 г. – 02.08.1982 г.	Причины и распоряжения по опытному производству п/я В-8240	РГА в г.Самаре. Ф. Р-430. Оп. 5-6. Д. 294.	Рассекречено в 2018 году	Конструкторское бюро промышленной автоматики (КБПА) Министерства авиационной промышленности СССР, г. Саратов, 1947–
14.01.1982 г. – 18.05.1982 г.	Отборочные списки документальных материалов, не подлежащих дальнейшему хранению. Списки дел постоянного хранения, акты на уничтожение архивных дел, утративших практическое значение. Акты на рассекречивание документации и изделий.	РГА в г.Самаре. Ф. Р-430. Оп. 5-6. Д. 295.	Рассекречено в 2018 году	Конструкторское бюро промышленной автоматики (КБПА) Министерства авиационной промышленности СССР, г. Саратов, 1947–
1982 г.	Утвержденный годовой тематический план научно-исследовательских и опытно-конструкторских работ. Сметы затрат на производство	РГА в г.Самаре. Ф. Р-430. Оп. 5-6. Д. 296.	Рассекречено в 2018 году	Конструкторское бюро промышленной автоматики (КБПА) Министерства авиационной промышленности СССР, г. Саратов, 1947–
1982 г.	Производственно-технический паспорт предприятия п/я В-8240. Опытное производство. Часть I	РГА в г.Самаре. Ф. Р-430. Оп. 5-6. Д. 297.	Рассекречено в 2018 году	Конструкторское бюро промышленной автоматики (КБПА) Министерства авиационной промышленности СССР, г. Саратов, 1947–
1963 г.	Производственно-технический паспорт предприятия п/я В-8240. Опытное производство. Часть II	РГА в г.Самаре. Ф. Р-430. Оп. 5-6. Д. 298.	Рассекречено в 2018 году	Конструкторское бюро промышленной автоматики (КБПА) Министерства авиационной промышленности СССР, г. Саратов, 1947–
1964 г.	Отчет по межведомственным испытаниям нормального ряда датчиков угловых скоростей типа ДУС-Б-2	РГА в г.Самаре. Ф. Р-430. Оп. 7-2. Д. 1.	Рассекречено в 2018 году	Конструкторское бюро промышленной автоматики (КБПА) Министерства авиационной промышленности СССР, г. Саратов, 1947–
1965 г.	Унифицированный ряд гироскопических датчиков угловых скоростей типа ДУС-Б-2С. Техническое описание и инструкция по эксплуатации 6А2.329.103/Вар. ТО	РГА в г.Самаре. Ф. Р-430. Оп. 7-2. Д. 2.	Рассекречено в 2018 году	Конструкторское бюро промышленной автоматики (КБПА) Министерства авиационной промышленности СССР, г. Саратов, 1947–
1964 г.	Унифицированный ряд малогабаритных гироскопических датчиков угловых скоростей типа ДУС-Б-2Б (на постоянном токе)	РГА в г.Самаре. Ф. Р-430. Оп. 7-2. Д. 3.	Рассекречено в 2018 году	Конструкторское бюро промышленной автоматики (КБПА) Министерства авиационной промышленности СССР, г. Саратов, 1947–
1963 г.	Отчет по разработке унифицированного ряда датчиков угловых скоростей типа ДУС-А	РГА в г.Самаре. Ф. Р-430. Оп. 7-2. Д. 4.	Рассекречено в 2018 году	Конструкторское бюро промышленной автоматики (КБПА) Министерства авиационной промышленности СССР, г. Саратов, 1947–
1965 г.	Основные расчеты датчиков угловой скорости ДУС-В	РГА в г.Самаре. Ф. Р-430. Оп. 7-2. Д. 5.	Рассекречено в 2018 году	Конструкторское бюро промышленной автоматики (КБПА) Министерства авиационной промышленности СССР, г. Саратов, 1947–
1964 г.	Основные расчеты датчика угловой скорости ДУС-Д-1 блока Б2ДГ (анализ) 6А2.562.040 Ре	РГА в г.Самаре. Ф. Р-430. Оп. 7-2. Д. 6.	Рассекречено в 2018 году	Конструкторское бюро промышленной автоматики (КБПА) Министерства авиационной промышленности СССР, г. Саратов, 1947–
1964 г.	Датчик угловой скорости ДУС-10. Техническое описание 6А2.329.085 ТО	РГА в г.Самаре. Ф. Р-430. Оп. 7-2. Д. 7.	Рассекречено в 2018 году	Конструкторское бюро промышленной автоматики (КБПА) Министерства авиационной промышленности СССР, г. Саратов, 1947–
1965 г.	Изделие ДУС-10. Технические условия 6А2.329.085 ТУ	РГА в г.Самаре. Ф. Р-430. Оп. 7-2. Д. 8.	Рассекречено в 2018 году	Конструкторское бюро промышленной автоматики (КБПА) Министерства авиационной промышленности СССР, г. Саратов, 1947–
1964 г.	Отчет. Определение влияния колебаний нулевого сигнала блока ДУСМ-37 на устойчивость продольного движения изделия 204	РГА в г.Самаре. Ф. Р-430. Оп. 7-2. Д. 9.	Рассекречено в 2018 году	Конструкторское бюро промышленной автоматики (КБПА) Министерства авиационной промышленности СССР, г. Саратов, 1947–
1965 г.	Изделие Б2ДГ-А. Техническое описание и инструкция по эксплуатации. 6А2.562.040 ТО/с	РГА в г.Самаре. Ф. Р-430. Оп. 7-2. Д. 10.	Рассекречено в 2018 году	Конструкторское бюро промышленной автоматики (КБПА) Министерства авиационной промышленности СССР, г. Саратов, 1947–
1965 г.	Изделие Б2ДГ-А. Технические условия. 6А2.562.040 ТУ	РГА в г.Самаре. Ф. Р-430. Оп. 7-2. Д. 11.	Рассекречено в 2018 году	Конструкторское бюро промышленной автоматики (КБПА) Министерства авиационной промышленности СССР, г. Саратов, 1947–
1965 г.	Основные расчеты блока Б2ДГ-М (анализ) 6А2.562.042 РР	РГА в г.Самаре. Ф. Р-430. Оп. 7-2. Д. 12.	Рассекречено в 2018 году	Конструкторское бюро промышленной автоматики (КБПА) Министерства авиационной промышленности СССР, г. Саратов, 1947–
1966 г.	Эскизный проект блока Б2ДГ-М 6А2.562.042	РГА в г.Самаре. Ф. Р-430. Оп. 7-2. Д. 13.	Рассекречено в 2018 году	Конструкторское бюро промышленной автоматики (КБПА) Министерства авиационной промышленности СССР, г. Саратов, 1947–
1966 г.	Изделие Б2ДГ-М. Технические условия 6А2.562.042 ТУ	РГА в г.Самаре. Ф. Р-430. Оп. 7-2. Д. 14.	Рассекречено в 2018 году	Конструкторское бюро промышленной автоматики (КБПА) Министерства авиационной промышленности СССР, г. Саратов, 1947–
1967 г.	Изделие Б2ДГ-М. Техническое описание и инструкция по эксплуатации. 6А2.562.042 ТО	РГА в г.Самаре. Ф. Р-430. Оп. 7-2. Д. 15.	Рассекречено в 2018 году	Конструкторское бюро промышленной автоматики (КБПА) Министерства авиационной промышленности СССР, г. Саратов, 1947–
1967 г.	Блок демпфирующих гироскопов БДГ-2Л. Технические условия 6А2.390.030 ТУ	РГА в г.Самаре. Ф. Р-430. Оп. 7-2. Д. 16.	Рассекречено в 2018 году	Конструкторское бюро промышленной автоматики (КБПА) Министерства авиационной промышленности СССР, г. Саратов, 1947–
1967 г.	Блок двух демпфирующих гироскопов БДГ-2Л. Техническое описание и инструкция по эксплуатации 6А2.390.030 ТУ	РГА в г.Самаре. Ф. Р-430. Оп. 7-2. Д. 17.	Рассекречено в 2018 году	Конструкторское бюро промышленной автоматики (КБПА) Министерства авиационной промышленности СССР, г. Саратов, 1947–
1968 г.	Датчик угловых скоростей ГТ-3. Технические условия 6А2.562.048 ТУ	РГА в г.Самаре. Ф. Р-430. Оп. 7-2. Д. 18.	Рассекречено в 2018 году	Конструкторское бюро промышленной автоматики (КБПА) Министерства авиационной промышленности СССР, г. Саратов, 1947–
1963 г.	Датчик угловых скоростей ГТ-2М. Технические условия 6А2.320.003 ТУ	РГА в г.Самаре. Ф. Р-430. Оп. 7-2. Д. 19.	Рассекречено в 2018 году	Конструкторское бюро промышленной автоматики (КБПА) Министерства авиационной промышленности СССР, г. Саратов, 1947–
1965 г.	Гиродин (гироскоп двухстепенный интегро-дифференцирующий). Описание	РГА в г.Самаре. Ф. Р-430. Оп. 7-2. Д. 20.	Рассекречено в 2018 году	Конструкторское бюро промышленной автоматики (КБПА) Министерства авиационной промышленности СССР, г. Саратов, 1947–
1963 г.	Комбинированные приборы типа ДА (дублеры авиагоризонта). Отчет. Стабилизация номинальных оборотов несущего винта модели ДА	РГА в г.Самаре. Ф. Р-430. Оп. 7-2. Д. 21.	Рассекречено в 2018 году	Конструкторское бюро промышленной автоматики (КБПА) Министерства авиационной промышленности СССР, г. Саратов, 1947–
1970 г.	Комбинированные приборы типа ДА. Заключение по результатам летной оценки доработанных совмещенных приборов ДА-200 (дублеры авиагоризонта)	РГА в г.Самаре. Ф. Р-430. Оп. 7-2. Д. 22.	Рассекречено в 2018 году	Конструкторское бюро промышленной автоматики (КБПА) Министерства авиационной промышленности СССР, г. Саратов, 1947–
1968 г.	Автопилоты для самолетов-мишеней и других летательных аппаратов АП-130, АП-119, КРМ. Изделие 130. Технические условия 6А2.550.046 ТУ	РГА в г.Самаре. Ф. Р-430. Оп. 7-2. Д. 23.	Рассекречено в 2018 году	Конструкторское бюро промышленной автоматики (КБПА) Министерства авиационной промышленности СССР, г. Саратов, 1947–
1966 г.	Автопилоты для самолетов-мишеней и других летательных аппаратов АП-130, АП-119, КРМ. Блок управления КУ-119М. Технические условия. 6А2.390.019-1 ТУ	РГА в г.Самаре. Ф. Р-430. Оп. 7-2. Д. 24.	Рассекречено в 2018 году	Конструкторское бюро промышленной автоматики (КБПА) Министерства авиационной промышленности СССР, г. Саратов, 1947–
1966 г.	Автопилоты для самолетов-мишеней и других летательных аппаратов АП-130, АП-119, КРМ. Поверочный лист приемных испытаний блока БУ-119М	РГА в г.Самаре. Ф. Р-430. Оп. 7-2. Д. 25.	Рассекречено в 2018 году	Конструкторское бюро промышленной автоматики (КБПА) Министерства авиационной промышленности СССР, г. Саратов, 1947–
1967 г.	Автопилоты для самолетов-мишеней и других летательных аппаратов АП-130, АП-119, КРМ. Изделие 119М. Инструкция по эксплуатации 6А2.550.032 И	РГА в г.Самаре. Ф. Р-430. Оп. 7-2. Д. 26.	Рассекречено в 2018 году	Конструкторское бюро промышленной автоматики (КБПА) Министерства авиационной промышленности СССР, г. Саратов, 1947–
1969 г.	Автопилоты для самолетов-мишеней и других летательных аппаратов АП-130, АП-119, КРМ. Отчет. Исследование устойчивости бокового коротко периодического движения ракеты-мишени ИЦ-59Мс АП-119М	РГА в г.Самаре. Ф. Р-430. Оп. 7-2. Д. 27.	Рассекречено в 2018 году	Конструкторское бюро промышленной автоматики (КБПА) Министерства авиационной промышленности СССР, г. Саратов, 1947–
1962 г.	Автопилоты для самолетов-мишеней и других летательных аппаратов АП-130, АП-119, КРМ. Акт по результатам межведомственных лабораторных испытаний автопилота АП-119М	РГА в г.Самаре. Ф. Р-430. Оп. 7-2. Д. 28.	Рассекречено в 2018 году	Конструкторское бюро промышленной автоматики (КБПА) Министерства авиационной промышленности СССР, г. Саратов, 1947–
1963 г.	Автопилоты для самолетов-мишеней и других летательных аппаратов АП-130, АП-119, КРМ. Отчет № 62-378. Исследование стабилизации высоты полета ракеты мишени ИЦ-59	РГА в г.Самаре. Ф. Р-430. Оп. 7-2. Д. 29.	Рассекречено в 2018 году	Конструкторское бюро промышленной автоматики (КБПА) Министерства авиационной промышленности СССР, г. Саратов, 1947–
1963 г.	Автопилоты для самолетов-мишеней и других летательных аппаратов АП-130, АП-119, КРМ. Акт по результатам первого этапа совместных летных испытаний крылатой ракеты-мишени «КРМ»	РГА в г.Самаре. Ф. Р-430. Оп. 7-2. Д. 30.	Рассекречено в 2018 году	Конструкторское бюро промышленной автоматики (КБПА) Министерства авиационной промышленности СССР, г. Саратов, 1947–
1963 г.	Автопилоты для самолетов-мишеней и других летательных аппаратов АП-130, АП-119, КРМ. Бюллетень № 6 на доработку автопилота АП-КРМ	РГА в г.Самаре. Ф. Р-430. Оп. 7-2. Д. 31.	Рассекречено в 2018 году	Конструкторское бюро промышленной автоматики (КБПА) Министерства авиационной промышленности СССР, г. Саратов, 1947–
1966 г.	Автопилоты для самолетов-мишеней и других летательных аппаратов АП-130, АП-119, КРМ. Акт № 9/863103-3 по результатам второго этапа совместных ВВС, войск ПВО страны и ГКАТ испытаний системы «Самолет – носитель – крылатая ракета – мишень КРМ».	РГА в г.Самаре. Ф. Р-430. Оп. 7-2. Д. 32.	Рассекречено в 2018 году	Конструкторское бюро промышленной автоматики (КБПА) Министерства авиационной промышленности СССР, г. Саратов, 1947–
1968 г.	Автопилоты для самолетов-мишеней и других летательных аппаратов АП-130, АП-119, КРМ. Исходные данные ракеты-мишени ИЦ-59М для исследования динамики полета	РГА в г.Самаре. Ф. Р-430. Оп. 7-2. Д. 33.	Рассекречено в 2018 году	Конструкторское бюро промышленной автоматики (КБПА) Министерства авиационной промышленности СССР, г. Саратов, 1947–
1963 г.	Автопилоты для самолетов-мишеней и других летательных аппаратов АП-130, АП-119, КРМ. Исходные данные ракеты-мишени ИЦ-598	РГА в г.Самаре. Ф. Р-430. Оп. 7-2. Д. 34.	Рассекречено в 2018 году	Конструкторское бюро промышленной автоматики (КБПА) Министерства авиационной промышленности СССР, г. Саратов, 1947–
1965 г.	Автопилоты для самолетов-мишеней и других летательных аппаратов АП-130, АП-119, КРМ. Бюллетень № (1-Д) 26330041. Самолет-мишень ЛА-17М	РГА в г.Самаре. Ф. Р-430. Оп. 7-2. Д. 35.	Рассекречено в 2018 году	Конструкторское бюро промышленной автоматики (КБПА) Министерства авиационной промышленности СССР, г. Саратов, 1947–
1983 г.	Годовые планы по НИР и ОКР за 1983 год. Том 1	РГА в г.Самаре. Ф. Р-595. Оп. 1-6. Д. 278.	Рассекречено в 2018 году	Казанское приборостроительное конструкторское бюро (КПКБ) Государственного Комитета Российской Федерации по оборонным отраслям промышленности, г. Казань, 1954–
1983 г.	Годовые планы по НИР и ОКР 1983 год. Том 2	РГА в г.Самаре. Ф. Р-595. Оп. 1-6. Д. 279.	Рассекречено в 2018 году	Казанское приборостроительное конструкторское бюро (КПКБ) Государственного Комитета Российской Федерации по оборонным отраслям промышленности, г. Казань, 1954–
1983 г.	Годовой бухгалтерский отчет за 1983 год	РГА в г.Самаре. Ф. Р-595. Оп. 1-6. Д. 280.	Рассекречено в 2018 году	Казанское приборостроительное конструкторское бюро (КПКБ) Государственного Комитета Российской Федерации по оборонным отраслям промышленности, г. Казань, 1954–
1983 г.	Годовой отчет по капитальным вложениям за 1983 год	РГА в г.Самаре. Ф. Р-595. Оп. 1-6. Д. 281.	Рассекречено в 2018 году	Казанское приборостроительное конструкторское бюро (КПКБ) Государственного Комитета Российской Федерации по оборонным отраслям промышленности, г. Казань, 1954–
1983 г.	Годовой отчет о выполнении плана по труду за 1983 год	РГА в г.Самаре. Ф. Р-595. Оп. 1-6. Д. 282.	Рассекречено в 2018 году	Казанское приборостроительное конструкторское бюро (КПКБ) Государственного Комитета Российской Федерации по оборонным отраслям промышленности, г. Казань, 1954–
1983 г.	Годовой отчет по наличию, учету, текучести и распределению кадров на 1983 год за 1983 год	РГА в г.Самаре. Ф. Р-595. Оп. 1-6. Д. 283.	Рассекречено в 2018 году	Казанское приборостроительное конструкторское бюро (КПКБ) Государственного Комитета Российской Федерации по оборонным отраслям промышленности, г. Казань, 1954–
1983 г.	Квартальные технические отчеты НИР и ОКР 1983 год	РГА в г.Самаре. Ф. Р-595. Оп. 1-6. Д. 284.	Рассекречено в 2018 году	Казанское приборостроительное конструкторское бюро (КПКБ) Государственного Комитета Российской Федерации по оборонным отраслям промышленности, г. Казань, 1954–
1983 г.	Отчетный доклад руководителя по основной деятельности предприятия за 1983 год	РГА в г.Самаре. Ф. Р-595. Оп. 1-6. Д. 285.	Рассекречено в 2018 году	Казанское приборостроительное конструкторское бюро (КПКБ) Государственного Комитета Российской Федерации по оборонным отраслям промышленности, г. Казань, 1954–
1983 г.	Отчет по технике безопасности за 1983 год	РГА в г.Самаре. Ф. Р-595. Оп. 1-6. Д. 286.	Рассекречено в 2018 году	Казанское приборостроительное конструкторское бюро (КПКБ) Государственного Комитета Российской Федерации по оборонным отраслям промышленности, г. Казань, 1954–
1983 г.	Годовой технический отчет предприятия п/я А-1902 за 1983 год	РГА в г.Самаре. Ф. Р-595. Оп. 1-6. Д. 287.	Рассекречено в 2018 году	Казанское приборостроительное конструкторское бюро (КПКБ) Государственного Комитета Российской Федерации по оборонным отраслям промышленности, г. Казань, 1954–
1983 г.	Производственно-технический паспорт предприятия А-1092 за 1983 год	РГА в г.Самаре. Ф. Р-595. Оп. 1-6. Д. 288.	Рассекречено в 2018 году	Казанское приборостроительное конструкторское бюро (КПКБ) Государственного Комитета Российской Федерации по оборонным отраслям промышленности, г. Казань, 1954–
1983 г.	Номенклатура дел на 1983 год	РГА в г.Самаре. Ф. Р-595. Оп. 1-6. Д. 289.	Рассекречено в 2018 году	Казанское приборостроительное конструкторское бюро (КПКБ) Государственного Комитета Российской Федерации по оборонным отраслям промышленности, г. Казань, 1954–
1984 г.	Годовые планы по НИР и ОКР за 1984 год	РГА в г.Самаре. Ф. Р-595. Оп. 1-6. Д. 290.	Рассекречено в 2018 году	Казанское приборостроительное конструкторское бюро (КПКБ) Государственного Комитета Российской Федерации по оборонным отраслям промышленности, г. Казань, 1954–
1984 г.	Годовой бухгалтерский отчет за 1984 год	РГА в г.Самаре. Ф. Р-595. Оп. 1-6. Д. 291.	Рассекречено в 2018 году	Казанское приборостроительное конструкторское бюро (КПКБ) Государственного Комитета Российской Федерации по оборонным отраслям промышленности, г. Казань, 1954–
1984 г.	Годовой бухгалтерский отчет по капитальным вложениям за 1984 год	РГА в г.Самаре. Ф. Р-595. Оп. 1-6. Д. 292.	Рассекречено в 2018 году	Казанское приборостроительное конструкторское бюро (КПКБ) Государственного Комитета Российской Федерации по оборонным отраслям промышленности, г. Казань, 1954–
1984 г.	Годовой отчет о выполнении плана по труду за 1984 год	РГА в г.Самаре. Ф. Р-595. Оп. 1-6. Д. 293.	Рассекречено в 2018 году	Казанское приборостроительное конструкторское бюро (КПКБ) Государственного Комитета Российской Федерации по оборонным отраслям промышленности, г. Казань, 1954–
1984 г.	Годовой отчет по наличию, учету, текучести и распределению кадров за 1984 год	РГА в г.Самаре. Ф. Р-595. Оп. 1-6. Д. 294.	Рассекречено в 2018 году	Казанское приборостроительное конструкторское бюро (КПКБ) Государственного Комитета Российской Федерации по оборонным отраслям промышленности, г. Казань, 1954–
1984 г.	Квартальные технические отчеты по НИР и ОКР за 1984 год.	РГА в г.Самаре. Ф. Р-595. Оп. 1-6. Д. 295.	Рассекречено в 2018 году	Казанское приборостроительное конструкторское бюро (КПКБ) Государственного Комитета Российской Федерации по оборонным отраслям промышленности, г. Казань, 1954–
1984 г.	Отчетный доклад руководителя по основной деятельности предприятия за 1984 год	РГА в г.Самаре. Ф. Р-595. Оп. 1-6. Д. 296.	Рассекречено в 2018 году	Казанское приборостроительное конструкторское бюро (КПКБ) Государственного Комитета Российской Федерации по оборонным отраслям промышленности, г. Казань, 1954–
1984 г.	Отчет по технике безопасности за 1984 год	РГА в г.Самаре. Ф. Р-595. Оп. 1-6. Д. 297.	Рассекречено в 2018 году	Казанское приборостроительное конструкторское бюро (КПКБ) Государственного Комитета Российской Федерации по оборонным отраслям промышленности, г. Казань, 1954–
1984 г.	Годовой технический отчет предприятия п/я А-1902 за 1984 год	РГА в г.Самаре. Ф. Р-595. Оп. 1-6. Д. 298.	Рассекречено в 2018 году	Казанское приборостроительное конструкторское бюро (КПКБ) Государственного Комитета Российской Федерации по оборонным отраслям промышленности, г. Казань, 1954–
1984 г.	Производственно-технический паспорт предприятия п/я А-1902 за 1984 год	РГА в г.Самаре. Ф. Р-595. Оп. 1-6. Д. 299.	Рассекречено в 2018 году	Казанское приборостроительное конструкторское бюро (КПКБ) Государственного Комитета Российской Федерации по оборонным отраслям промышленности, г. Казань, 1954–
1984 г.	Номенклатура дел на 1984 год	РГА в г.Самаре. Ф. Р-595. Оп. 1-6. Д. 300.	Рассекречено в 2018 году	Казанское приборостроительное конструкторское бюро (КПКБ) Государственного Комитета Российской Федерации по оборонным отраслям промышленности, г. Казань, 1954–
1985 г.	Годовые планы по НИР и ОКР за 1985 год. Том 1	РГА в г.Самаре. Ф. Р-595. Оп. 1-6. Д. 301.	Рассекречено в 2018 году	Казанское приборостроительное конструкторское бюро (КПКБ) Государственного Комитета Российской Федерации по оборонным отраслям промышленности, г. Казань, 1954–
1985 г.	Годовые планы по НИР и ОКР за 1985 год. Том 2	РГА в г.Самаре. Ф. Р-595. Оп. 1-6. Д. 302.	Рассекречено в 2018 году	Казанское приборостроительное конструкторское бюро (КПКБ) Государственного Комитета Российской Федерации по оборонным отраслям промышленности, г. Казань, 1954–
1985 г.	Годовой бухгалтерский отчет за 1985 год	РГА в г.Самаре. Ф. Р-595. Оп. 1-6. Д. 303.	Рассекречено в 2018 году	Казанское приборостроительное конструкторское бюро (КПКБ) Государственного Комитета Российской Федерации по оборонным отраслям промышленности, г. Казань, 1954–
1985 г.	Годовой бухгалтерский отчет по капитальным вложениям за 1985 год	РГА в г.Самаре. Ф. Р-595. Оп. 1-6. Д. 304.	Рассекречено в 2018 году	Казанское приборостроительное конструкторское бюро (КПКБ) Государственного Комитета Российской Федерации по оборонным отраслям промышленности, г. Казань, 1954–
1985 г.	Годовой отчет о выполнении плана по труду за 1985 год	РГА в г.Самаре. Ф. Р-595. Оп. 1-6. Д. 305.	Рассекречено в 2018 году	Казанское приборостроительное конструкторское бюро (КПКБ) Государственного Комитета Российской Федерации по оборонным отраслям промышленности, г. Казань, 1954–
1985 г.	Годовой отчет по наличию, учету, текучести и распределению кадров за 1985 год	РГА в г.Самаре. Ф. Р-595. Оп. 1-6. Д. 306.	Рассекречено в 2018 году	Казанское приборостроительное конструкторское бюро (КПКБ) Государственного Комитета Российской Федерации по оборонным отраслям промышленности, г. Казань, 1954–
1985 г.	Квартальные технические отчеты по НИР и ОКР за 1985 год.	РГА в г.Самаре. Ф. Р-595. Оп. 1-6. Д. 307.	Рассекречено в 2018 году	Казанское приборостроительное конструкторское бюро (КПКБ) Государственного Комитета Российской Федерации по оборонным отраслям промышленности, г. Казань, 1954–
1985 г.	Отчетный доклад руководителя по основной деятельности предприятия за 1985 год	РГА в г.Самаре. Ф. Р-595. Оп. 1-6. Д. 308.	Рассекречено в 2018 году	Казанское приборостроительное конструкторское бюро (КПКБ) Государственного Комитета Российской Федерации по оборонным отраслям промышленности, г. Казань, 1954–
1985 г.	Отчет по технике безопасности за 1985 год	РГА в г.Самаре. Ф. Р-595. Оп. 1-6. Д. 309.	Рассекречено в 2018 году	Казанское приборостроительное конструкторское бюро (КПКБ) Государственного Комитета Российской Федерации по оборонным отраслям промышленности, г. Казань, 1954–
1985 г.	Годовой тематический план по НИР и ОКР за 1985 год	РГА в г.Самаре. Ф. Р-595. Оп. 1-6. Д. 310.	Рассекречено в 2018 году	Казанское приборостроительное конструкторское бюро (КПКБ) Государственного Комитета Российской Федерации по оборонным отраслям промышленности, г. Казань, 1954–
1985 г.	Годовой технический отчет предприятия п/я А-1902 за 1985 год	РГА в г.Самаре. Ф. Р-595. Оп. 1-6. Д. 311.	Рассекречено в 2018 году	Казанское приборостроительное конструкторское бюро (КПКБ) Государственного Комитета Российской Федерации по оборонным отраслям промышленности, г. Казань, 1954–
1985 г.	Производственно-технический паспорт предприятия п/я А-1902 за 1985 год	РГА в г.Самаре. Ф. Р-595. Оп. 1-6. Д. 312.	Рассекречено в 2018 году	Казанское приборостроительное конструкторское бюро (КПКБ) Государственного Комитета Российской Федерации по оборонным отраслям промышленности, г. Казань, 1954–
1985 г.	Номенклатура дел на 1985 год	РГА в г.Самаре. Ф. Р-595. Оп. 1-6. Д. 313.	Рассекречено в 2018 году	Казанское приборостроительное конструкторское бюро (КПКБ) Государственного Комитета Российской Федерации по оборонным отраслям промышленности, г. Казань, 1954–
16.01.1986 г. – 26.12.1986 г.	Приказы по предприятию п/я А-5734 и п/я А-3522 с № 1 по № 27 за 1986 год	РГА в г.Самаре. Ф. Р-758. Оп. 1-6. Д. 200.	Рассекречено в 2018 году	Открытое акционерное общество «Центральный научно-исследовательский институт измерительной аппаратуры (ОАО «ЦНИИИА») Министерства промышленности и торговли Российской Федерации и его предшественник, г. Саратов, 1958–
06.01.1986 г. – 18.12.1986 г.	Протоколы заседаний постоянно действующей технической комиссии с № 1 по № 20 за 1986 год	РГА в г.Самаре. Ф. Р-758. Оп. 1-6. Д. 201.	Рассекречено в 2018 году	Открытое акционерное общество «Центральный научно-исследовательский институт измерительной аппаратуры (ОАО «ЦНИИИА») Министерства промышленности и торговли Российской Федерации и его предшественник, г. Саратов, 1958–
02.01.1986 г. – 30.12.1986 г.	Отчеты по наличию, учету, текучести и распределению кадров	РГА в г.Самаре. Ф. Р-758. Оп. 1-6. Д. 202.	Рассекречено в 2018 году	Открытое акционерное общество «Центральный научно-исследовательский институт измерительной аппаратуры (ОАО «ЦНИИИА») Министерства промышленности и торговли Российской Федерации и его предшественник, г. Саратов, 1958–
1986 г.	Тематический план предприятия п/я Х-5734 на 1986 год	РГА в г.Самаре. Ф. Р-758. Оп. 1-6. Д. 203.	Рассекречено в 2018 году	Открытое акционерное общество «Центральный научно-исследовательский институт измерительной аппаратуры (ОАО «ЦНИИИА») Министерства промышленности и торговли Российской Федерации и его предшественник, г. Саратов, 1958–
1986 г.	Пояснительная записка к отчету по научно-исследовательской и конструкторской деятельности предприятия п/я Х-5734 за 1986 год	РГА в г.Самаре. Ф. Р-758. Оп. 1-6. Д. 204.	Рассекречено в 2018 году	Открытое акционерное общество «Центральный научно-исследовательский институт измерительной аппаратуры (ОАО «ЦНИИИА») Министерства промышленности и торговли Российской Федерации и его предшественник, г. Саратов, 1958–
1986 г.	Пояснительная записка к годовому отчету за 1986 год по промышленной деятельности предприятия п/я Х-5734 (А-3522)	РГА в г.Самаре. Ф. Р-758. Оп. 1-6. Д. 205.	Рассекречено в 2018 году	Открытое акционерное общество «Центральный научно-исследовательский институт измерительной аппаратуры (ОАО «ЦНИИИА») Министерства промышленности и торговли Российской Федерации и его предшественник, г. Саратов, 1958–
1986 г.	Отчет о выполнении плана научно-исследовательских и опытно-конструкторских разработок за IV квартал 1986 года	РГА в г.Самаре. Ф. Р-758. Оп. 1-6. Д. 206.	Рассекречено в 2018 году	Открытое акционерное общество «Центральный научно-исследовательский институт измерительной аппаратуры (ОАО «ЦНИИИА») Министерства промышленности и торговли Российской Федерации и его предшественник, г. Саратов, 1958–
1986 г.	Годовой отчет по научно-исследовательской и конструкторской деятельности за 1986 год	РГА в г.Самаре. Ф. Р-758. Оп. 1-6. Д. 207.	Рассекречено в 2018 году	Открытое акционерное общество «Центральный научно-исследовательский институт измерительной аппаратуры (ОАО «ЦНИИИА») Министерства промышленности и торговли Российской Федерации и его предшественник, г. Саратов, 1958–
1986 г.	Годовой отчет по основной деятельности за 1986 год	РГА в г.Самаре. Ф. Р-758. Оп. 1-6. Д. 208.	Рассекречено в 2018 году	Открытое акционерное общество «Центральный научно-исследовательский институт измерительной аппаратуры (ОАО «ЦНИИИА») Министерства промышленности и торговли Российской Федерации и его предшественник, г. Саратов, 1958–
1986 г.	Годовой отчет по капитальным вложениям за 1986 год	РГА в г.Самаре. Ф. Р-758. Оп. 1-6. Д. 209.	Рассекречено в 2018 году	Открытое акционерное общество «Центральный научно-исследовательский институт измерительной аппаратуры (ОАО «ЦНИИИА») Министерства промышленности и торговли Российской Федерации и его предшественник, г. Саратов, 1958–
1986 г.	Основные технико-экономические показатели на пятилетний период 1986-1990 гг. по организации п/я Х-5734	РГА в г.Самаре. Ф. Р-758. Оп. 1-6. Д. 210.	Рассекречено в 2018 году	Открытое акционерное общество «Центральный научно-исследовательский институт измерительной аппаратуры (ОАО «ЦНИИИА») Министерства промышленности и торговли Российской Федерации и его предшественник, г. Саратов, 1958–
1986 г.	Комплексная программа работ по метрологическому обеспечению организации п/я А-1061 на 1986-1990 гг. (в части разработки средств измерений). Шифр «Агат-90» (проект)	РГА в г.Самаре. Ф. Р-758. Оп. 1-6. Д. 211.	Рассекречено в 2018 году	Открытое акционерное общество «Центральный научно-исследовательский институт измерительной аппаратуры (ОАО «ЦНИИИА») Министерства промышленности и торговли Российской Федерации и его предшественник, г. Саратов, 1958–
1985 г.	Программа работ по метрологическому обеспечению изделий электронной техники на 1985-2000 гг. (в части средств измерений и контроля)	РГА в г.Самаре. Ф. Р-758. Оп. 1-6. Д. 212.	Рассекречено в 2018 году	Открытое акционерное общество «Центральный научно-исследовательский институт измерительной аппаратуры (ОАО «ЦНИИИА») Министерства промышленности и торговли Российской Федерации и его предшественник, г. Саратов, 1958–
1986 г.	Номенклатура особой важности, совершенно секретных и секретных дел по предприятию п/я Х-5734 и п/я А-3522 на 1986 год	РГА в г.Самаре. Ф. Р-758. Оп. 1-6. Д. 213.	Рассекречено в 2018 году	Открытое акционерное общество «Центральный научно-исследовательский институт измерительной аппаратуры (ОАО «ЦНИИИА») Министерства промышленности и торговли Российской Федерации и его предшественник, г. Саратов, 1958–
07.01.1987 г. – 31.01.1987 г.	Отчеты по наличию, учету, текучести и распределению кадров	РГА в г.Самаре. Ф. Р-758. Оп. 1-6. Д. 216.	Рассекречено в 2018 году	Открытое акционерное общество «Центральный научно-исследовательский институт измерительной аппаратуры (ОАО «ЦНИИИА») Министерства промышленности и торговли Российской Федерации и его предшественник, г. Саратов, 1958–
14.01.1988 г. – 14.01.1988 г.	Отчеты по наличию, учету, текучести и распределению кадров	РГА в г.Самаре. Ф. Р-758. Оп. 1-6. Д. 229.	Рассекречено в 2018 году	Открытое акционерное общество «Центральный научно-исследовательский институт измерительной аппаратуры (ОАО «ЦНИИИА») Министерства промышленности и торговли Российской Федерации и его предшественник, г. Саратов, 1958–
02.01.1989 г. – 10.01.1989 г.	Отчеты по наличию, учету, текучести и распределению кадров	РГА в г.Самаре. Ф. Р-758. Оп. 1-6. Д. 244.	Рассекречено в 2018 году	Открытое акционерное общество «Центральный научно-исследовательский институт измерительной аппаратуры (ОАО «ЦНИИИА») Министерства промышленности и торговли Российской Федерации и его предшественник, г. Саратов, 1958–
10.01.1990 г. – 10.01.1990 г.	Отчеты по наличию, учету, текучести и распределению кадров	РГА в г.Самаре. Ф. Р-758. Оп. 1-6. Д. 254.	Рассекречено в 2018 году	Открытое акционерное общество «Центральный научно-исследовательский институт измерительной аппаратуры (ОАО «ЦНИИИА») Министерства промышленности и торговли Российской Федерации и его предшественник, г. Саратов, 1958–
10.04.1991 г. – 10.04.1991 г.	Приказы по ЦНИИА и заводу «Квант» по мобилизационной работе	РГА в г.Самаре. Ф. Р-758. Оп. 1-6. Д. 265.	Рассекречено в 2018 году	Открытое акционерное общество «Центральный научно-исследовательский институт измерительной аппаратуры (ОАО «ЦНИИИА») Министерства промышленности и торговли Российской Федерации и его предшественник, г. Саратов, 1958–
08.01.1991 г. – 04.02.1991 г.	Переписка о комплектовании и использовании трудовых ресурсов, текучести рабочей силы	РГА в г.Самаре. Ф. Р-758. Оп. 1-6. Д. 267.	Рассекречено в 2018 году	Открытое акционерное общество «Центральный научно-исследовательский институт измерительной аппаратуры (ОАО «ЦНИИИА») Министерства промышленности и торговли Российской Федерации и его предшественник, г. Саратов, 1958–
31.01.1992 г. – 03.12.1992 г.	Приказы о мобилизационной работе по научно-производственному объединению «Иридий»	РГА в г.Самаре. Ф. Р-758. Оп. 1-6. Д. 270.	Рассекречено в 2018 году	Открытое акционерное общество «Центральный научно-исследовательский институт измерительной аппаратуры (ОАО «ЦНИИИА») Министерства промышленности и торговли Российской Федерации и его предшественник, г. Саратов, 1958–
1985 г.	Научно-технический отчет о научно-технической работе № 1295 «Разработка макета автоматизированной установки для измерения спектральных характеристик изделия электронной техники с целью снижения трудоемкости их настройки не менее чем в 5 раз» (теоретические и экспериментальные исследования). Шифр «Берег»	РГА в г.Самаре. Ф. Р-758. Оп. 2-1. Д. 75.	Рассекречено в 2018 году	Открытое акционерное общество «Центральный научно-исследовательский институт измерительной аппаратуры (ОАО «ЦНИИИА») Министерства промышленности и торговли Российской Федерации и его предшественник, г. Саратов, 1958–
1986 г.	Научно-технический отчет № 1320 о научно-исследовательской работе «Организация планирования и управления восстановлением нарушенного производства подотрасли в военное время» (заключительный этап) Шифр «Клязьма-2.2.» («Айсберг-85»)	РГА в г.Самаре. Ф. Р-758. Оп. 2-1. Д. 76.	Рассекречено в 2018 году	Открытое акционерное общество «Центральный научно-исследовательский институт измерительной аппаратуры (ОАО «ЦНИИИА») Министерства промышленности и торговли Российской Федерации и его предшественник, г. Саратов, 1958–
1986 г.	Научно-технический отчет № 1352 о научно-исследовательской работе «Анализ использования зарубежного опыта в разработках контрольно-измерительного оборудования на предприятии п\я Х-5734» (Этап – заключительный). Шифр «Образец-86»	РГА в г.Самаре. Ф. Р-758. Оп. 2-1. Д. 77.	Рассекречено в 2018 году	Открытое акционерное общество «Центральный научно-исследовательский институт измерительной аппаратуры (ОАО «ЦНИИИА») Министерства промышленности и торговли Российской Федерации и его предшественник, г. Саратов, 1958–
1986 г.	Научно-технический отчет № 1353 о научно-исследовательской работе «Разработка предложений по повышению эффективности научных исследований по проблемам гражданской обороны» (заключительный) Шифр «Барселона-04» («Айсберг-86»)	РГА в г.Самаре. Ф. Р-758. Оп. 2-1. Д. 78.	Рассекречено в 2018 году	Открытое акционерное общество «Центральный научно-исследовательский институт измерительной аппаратуры (ОАО «ЦНИИИА») Министерства промышленности и торговли Российской Федерации и его предшественник, г. Саратов, 1958–
1986 г.	Научно-технический отчет о научно-исследовательской работе № 1362 «Анализ состояния и координации работ по использованию микроЭВМ и микропроцессоров в КИИО (контрольно-испытательном и измерительном оборудовании) на предприятиях подотрасли с целью применения в ГАП» (заключительный этап) Шифр «Анализ-85» («Хромит»)	РГА в г.Самаре. Ф. Р-758. Оп. 2-1. Д. 79.	Рассекречено в 2018 году	Открытое акционерное общество «Центральный научно-исследовательский институт измерительной аппаратуры (ОАО «ЦНИИИА») Министерства промышленности и торговли Российской Федерации и его предшественник, г. Саратов, 1958–
1986 г.	Научно-технический отчет № 1331 о научно-исследовательской работе «Анализ оснащенности, техническое состояние и координация работ по обеспечению контрольно-измерительным и испытательным оборудованием предприятий организации п/я А-1061» Шифр «Координация-85» Этап заключительный	РГА в г.Самаре. Ф. Р-758. Оп. 2-1. Д. 80.	Рассекречено в 2018 году	Открытое акционерное общество «Центральный научно-исследовательский институт измерительной аппаратуры (ОАО «ЦНИИИА») Министерства промышленности и торговли Российской Федерации и его предшественник, г. Саратов, 1958–
1987 г.	Научно-технический отчет № 1375 на научно-исследовательскую работу «Анализ состояния входного и межоперационного контроля параметров материалов, элементов и узлов СВЧ приборов при их разработке и производстве». Шифр «Состояние»	РГА в г.Самаре. Ф. Р-758. Оп. 2-1. Д. 81.	Рассекречено в 2018 году	Открытое акционерное общество «Центральный научно-исследовательский институт измерительной аппаратуры (ОАО «ЦНИИИА») Министерства промышленности и торговли Российской Федерации и его предшественник, г. Саратов, 1958–
1987 г.	Научно-технический отчет № 1382 на научно-исследовательскую работу «Анализ структурных схем и требований к оборудованию в рамках единой системы автоматизированного контрольно-измерительного и испытательного оборудования с целью выработки рекомендаций по разработке АКИИО (автоматизированного контрольно-испытательного и измерительного оборудования) на основе блочно-модульного принципа конструирования» Шифр «Анализ-86»	РГА в г.Самаре. Ф. Р-758. Оп. 2-1. Д. 82.	Рассекречено в 2018 году	Открытое акционерное общество «Центральный научно-исследовательский институт измерительной аппаратуры (ОАО «ЦНИИИА») Министерства промышленности и торговли Российской Федерации и его предшественник, г. Саратов, 1958–
1987 г.	Научно-технический отчет № 1394 об ОКР «Разработка прибора микропроцессорного управления и задания режима генератора касающейся частоты СВЧ» (заключительный). Шифр «Веер-II	РГА в г.Самаре. Ф. Р-758. Оп. 2-1. Д. 83.	Рассекречено в 2018 году	Открытое акционерное общество «Центральный научно-исследовательский институт измерительной аппаратуры (ОАО «ЦНИИИА») Министерства промышленности и торговли Российской Федерации и его предшественник, г. Саратов, 1958–
1987 г.	Научно-технический отчет № 1393 по ОКР «Разработка измерительного осциллографического прибора на базе микропроцессоров для анализатора СВЧ четырехполюсников» (заключительный). Шифр «Веер-I»	РГА в г.Самаре. Ф. Р-758. Оп. 2-1. Д. 84.	Рассекречено в 2018 году	Открытое акционерное общество «Центральный научно-исследовательский институт измерительной аппаратуры (ОАО «ЦНИИИА») Министерства промышленности и торговли Российской Федерации и его предшественник, г. Саратов, 1958–
1987 г.	Научно-технический отчет № 1416 по научно-исследовательской работе «Разработка предложений по обеспечению типовых технологических процессов производства ИЭТ (изделий электронной техники) автоматизированным контрольно-измерительным и испытательным оборудованием (АКИИО) (заключительный) Шифр «Аргон» («Румб-Примыкание)	РГА в г.Самаре. Ф. Р-758. Оп. 2-1. Д. 85.	Рассекречено в 2018 году	Открытое акционерное общество «Центральный научно-исследовательский институт измерительной аппаратуры (ОАО «ЦНИИИА») Министерства промышленности и торговли Российской Федерации и его предшественник, г. Саратов, 1958–
1987 г.	Научно-технический отчет № 1417 о научно-исследовательской работе «Анализ и обобщение планирования и проведения научных исследований по проблемам ГО в подотрасли и разработка предложений по их совершенствованию и повышению результативности» (заключительный) Шифр «Борселона-04» («Айсберг-87»)	РГА в г.Самаре. Ф. Р-758. Оп. 2-1. Д. 86.	Рассекречено в 2018 году	Открытое акционерное общество «Центральный научно-исследовательский институт измерительной аппаратуры (ОАО «ЦНИИИА») Министерства промышленности и торговли Российской Федерации и его предшественник, г. Саратов, 1958–
1987 г.	Научно-технический отчет № 1430 о НИР «Анализ состояния и перспективы развития спецтехнологического контрольно-измерительного оборудования для производства ИЭТ (изделий электронной техники) СВЧ (заключительный) Шифр «Анализ-87)	РГА в г.Самаре. Ф. Р-758. Оп. 2-1. Д. 87.	Рассекречено в 2018 году	Открытое акционерное общество «Центральный научно-исследовательский институт измерительной аппаратуры (ОАО «ЦНИИИА») Министерства промышленности и торговли Российской Федерации и его предшественник, г. Саратов, 1958–
1987 г.	Научно-технический отчет № 1437 о научно-исследовательской работе «Оценка готовности к безаварийной остановке предприятий отрасли по сигналам гражданской обороны и разработка предложений по ее совершенствованию (заключительный). Шифр «Калужанка С3-2» («Айсберг-87»)	РГА в г.Самаре. Ф. Р-758. Оп. 2-1. Д. 88.	Рассекречено в 2018 году	Открытое акционерное общество «Центральный научно-исследовательский институт измерительной аппаратуры (ОАО «ЦНИИИА») Министерства промышленности и торговли Российской Федерации и его предшественник, г. Саратов, 1958–
1988 г.	Научно-технический отчет № 1444 о научно-исследовательской работе «Патентные исследования по основным тематическим направлениям предприятия» (заключительный) Шифр «Патент-87»	РГА в г.Самаре. Ф. Р-758. Оп. 2-1. Д. 90.	Рассекречено в 2018 году	Открытое акционерное общество «Центральный научно-исследовательский институт измерительной аппаратуры (ОАО «ЦНИИИА») Министерства промышленности и торговли Российской Федерации и его предшественник, г. Саратов, 1958–
1988 г.	Научно-технический отчет № 1451 о научно-исследовательской работе «Разработка технологии формообразования элементов коаксиальной линии передачи в канале 1,75/0,76 мм» (заключительный) Шифр «Жук-7»	РГА в г.Самаре. Ф. Р-758. Оп. 2-1. Д. 91.	Рассекречено в 2018 году	Открытое акционерное общество «Центральный научно-исследовательский институт измерительной аппаратуры (ОАО «ЦНИИИА») Министерства промышленности и торговли Российской Федерации и его предшественник, г. Саратов, 1958–
1988 г.	Научно-технический отчет № 1430 о научно-исследовательской работе «Разработка предложений в проекты основных направлений научных исследований по гражданской обороне, плана комплексных НИР по ГО на 1991-1995 гг., имеющих общегосударственное, межотраслевое и отраслевое значение» (заключительный) Шифр «Барселона-04-87» («Айсберг-88»)	РГА в г.Самаре. Ф. Р-758. Оп. 2-1. Д. 92.	Рассекречено в 2018 году	Открытое акционерное общество «Центральный научно-исследовательский институт измерительной аппаратуры (ОАО «ЦНИИИА») Министерства промышленности и торговли Российской Федерации и его предшественник, г. Саратов, 1958–
1988 г.	Научно-технический отчет № 1482 о научно-исследовательской работе «Анализ состояния и перспективы развития специального технологического контрольно-измерительного оборудования для производства ИЭТ (изделий электронной техники) СВЧ» (заключительный) Шифр «Анализ-88»	РГА в г.Самаре. Ф. Р-758. Оп. 2-1. Д. 93.	Рассекречено в 2018 году	Открытое акционерное общество «Центральный научно-исследовательский институт измерительной аппаратуры (ОАО «ЦНИИИА») Министерства промышленности и торговли Российской Федерации и его предшественник, г. Саратов, 1958–
1988 г.	Научно-технический отчет № 1484 о научно-исследовательской работе «Анализ и оценка состояния предприятий организации п/я А-1061 по устойчивому функционированию в условиях военного времени» Шифр «Скала» («Айсберг-88»)	РГА в г.Самаре. Ф. Р-758. Оп. 2-1. Д. 94.	Рассекречено в 2018 году	Открытое акционерное общество «Центральный научно-исследовательский институт измерительной аппаратуры (ОАО «ЦНИИИА») Министерства промышленности и торговли Российской Федерации и его предшественник, г. Саратов, 1958–
1988 г.	Научно-технический отчет № 1438 о научно-исследовательской работе «Анализ состояния элементной базы для построения автоматизированного функционального модуля ЕС АКИИО (автоматизированным контрольно-измерительным и испытательным оборудованием) с расширенным динамическим диапазоном для контроля спектральных характеристик ИЭТ (изделий электронной техники» (заключительный) Шифр «Буклет»	РГА в г.Самаре. Ф. Р-758. Оп. 2-1. Д. 95.	Рассекречено в 2018 году	Открытое акционерное общество «Центральный научно-исследовательский институт измерительной аппаратуры (ОАО «ЦНИИИА») Министерства промышленности и торговли Российской Федерации и его предшественник, г. Саратов, 1958–
1989 г.	Научно-технический отчет № 1501 о научно-исследовательской работе «Исследование и разработка технических требований и инженерное сопровождение НИОКР по созданию средств измерений (СИ) для выходного контроля изделий электронной техники (ИЭТ) смежными отраслями в интересах предприятий отрасли» Шифр «Ангара» («Голос»)	РГА в г.Самаре. Ф. Р-758. Оп. 2-1. Д. 97.	Рассекречено в 2018 году	Открытое акционерное общество «Центральный научно-исследовательский институт измерительной аппаратуры (ОАО «ЦНИИИА») Министерства промышленности и торговли Российской Федерации и его предшественник, г. Саратов, 1958–
1989 г.	Научно-технический отчет № 1517 о научно-исследовательской работе «Анализ состояния и перспективы развития специального технологического контрольно-измерительного оборудования для производства и разработки электронной техники СВЧ» (заключительный). Шифр «Анализ-89» (Анализ-Орбита «89И»)	РГА в г.Самаре. Ф. Р-758. Оп. 2-1. Д. 98.	Рассекречено в 2018 году	Открытое акционерное общество «Центральный научно-исследовательский институт измерительной аппаратуры (ОАО «ЦНИИИА») Министерства промышленности и торговли Российской Федерации и его предшественник, г. Саратов, 1958–
18.01.1982 г. – 30.12.1982 г.	Заключения, описания опытов, акты и переписка по исследованию повышения надежности изделий и долговечности изделий	РГА в г.Самаре. Ф. Р-774. Оп. 1-6. Д. 275.	Рассекречено в 2018 году	Открытое акционерное общество «Конструкторское бюро электроизделий XXI века (ОАО КБЭ XXI века) и его предшественник, г. Сарапул, Удмуртская Республика, 1957–
04.01.1982 г. – 15.12.1982 г.	Планы работ и статистические отчеты профкома КБЭ по Государственному социальному страхованию на 1982 год	РГА в г.Самаре. Ф. Р-774. Оп. 1-6. Д. 281.	Рассекречено в 2018 году	Открытое акционерное общество «Конструкторское бюро электроизделий XXI века (ОАО КБЭ XXI века) и его предшественник, г. Сарапул, Удмуртская Республика, 1957–
30.11.1981 г. – 06.12.1983 г.	Годовые тематические планы НИР и ОКР на 1982–1983 год	РГА в г.Самаре. Ф. Р-774. Оп. 1-6. Д. 287.	Рассекречено в 2018 году	Открытое акционерное общество «Конструкторское бюро электроизделий XXI века (ОАО КБЭ XXI века) и его предшественник, г. Сарапул, Удмуртская Республика, 1957–
30.11.1981 г. – 09.12.1983 г.	Годовые планы кооперированных поставок комплектующих изделий на 1982–1983 годы	РГА в г.Самаре. Ф. Р-774. Оп. 1-6. Д. 289.	Рассекречено в 2018 году	Открытое акционерное общество «Конструкторское бюро электроизделий XXI века (ОАО КБЭ XXI века) и его предшественник, г. Сарапул, Удмуртская Республика, 1957–
03.01.1983 г. – 28.12.1983 г.	Заключения, описания опытов, акты и переписка по исследованию повышения надежности и долговечности изделий	РГА в г.Самаре. Ф. Р-774. Оп. 1-6. Д. 294.	Рассекречено в 2018 году	Открытое акционерное общество «Конструкторское бюро электроизделий XXI века (ОАО КБЭ XXI века) и его предшественник, г. Сарапул, Удмуртская Республика, 1957–
03.01.1984 г. – 09.06.1984 г.	Приказы и распоряжения руководителя предприятия	РГА в г.Самаре. Ф. Р-774. Оп. 1-6. Д. 302.	Рассекречено в 2018 году	Открытое акционерное общество «Конструкторское бюро электроизделий XXI века (ОАО КБЭ XXI века) и его предшественник, г. Сарапул, Удмуртская Республика, 1957–
16.01.1984 г. – 25.12.1984 г.	Годовые тематические планы НИР и ОКР и переписка по ним	РГА в г.Самаре. Ф. Р-774. Оп. 1-6. Д. 305.	Рассекречено в 2018 году	Открытое акционерное общество «Конструкторское бюро электроизделий XXI века (ОАО КБЭ XXI века) и его предшественник, г. Сарапул, Удмуртская Республика, 1957–
1984 г.	Номенклатура особой важности, совершенно секретных и секретных дел предприятия п/я Р-6679 на 1984 год	РГА в г.Самаре. Ф. Р-774. Оп. 1-6. Д. 306.	Рассекречено в 2018 году	Открытое акционерное общество «Конструкторское бюро электроизделий XXI века (ОАО КБЭ XXI века) и его предшественник, г. Сарапул, Удмуртская Республика, 1957–
30.12.1983 г. – 15.03.1984 г.	Годовые планы кооперированных поставок комплектующих изделий	РГА в г.Самаре. Ф. Р-774. Оп. 1-6. Д. 307.	Рассекречено в 2018 году	Открытое акционерное общество «Конструкторское бюро электроизделий XXI века (ОАО КБЭ XXI века) и его предшественник, г. Сарапул, Удмуртская Республика, 1957–
23.04.1984 г. – 10.12.1984 г.	Переписка с Министерством и предприятиями по согласованию и утверждению цен на изделия	РГА в г.Самаре. Ф. Р-774. Оп. 1-6. Д. 308.	Рассекречено в 2018 году	Открытое акционерное общество «Конструкторское бюро электроизделий XXI века (ОАО КБЭ XXI века) и его предшественник, г. Сарапул, Удмуртская Республика, 1957–
15.01.1982 г. – 11.03.1984 г.	Годовые технические отчеты и переписка по ним за 1982, 1983 годы	РГА в г.Самаре. Ф. Р-774. Оп. 1-6. Д. 309.	Рассекречено в 2018 году	Открытое акционерное общество «Конструкторское бюро электроизделий XXI века (ОАО КБЭ XXI века) и его предшественник, г. Сарапул, Удмуртская Республика, 1957–
1984 г.	Доклад о работе предприятия п/я Р-6679 за 1984 год	РГА в г.Самаре. Ф. Р-774. Оп. 1-6. Д. 310.	Рассекречено в 2018 году	Открытое акционерное общество «Конструкторское бюро электроизделий XXI века (ОАО КБЭ XXI века) и его предшественник, г. Сарапул, Удмуртская Республика, 1957–
1984 г.	Годовой отчет по основной деятельности предприятия п/я Р-6879 за 1984 год	РГА в г.Самаре. Ф. Р-774. Оп. 1-6. Д. 311.	Рассекречено в 2018 году	Открытое акционерное общество «Конструкторское бюро электроизделий XXI века (ОАО КБЭ XXI века) и его предшественник, г. Сарапул, Удмуртская Республика, 1957–
01.02.1984 г. – 28.12.1984 г.	Заключения, описания опытов, акты и переписка по исследованию повышения надежности изделий	РГА в г.Самаре. Ф. Р-774. Оп. 1-6. Д. 312.	Рассекречено в 2018 году	Открытое акционерное общество «Конструкторское бюро электроизделий XXI века (ОАО КБЭ XXI века) и его предшественник, г. Сарапул, Удмуртская Республика, 1957–
1984 г.	Отчет по эксплуатационной надежности изделий разработки предприятия п/я Р-6679 на 1984 год	РГА в г.Самаре. Ф. Р-774. Оп. 1-6. Д. 314.	Рассекречено в 2018 году	Открытое акционерное общество «Конструкторское бюро электроизделий XXI века (ОАО КБЭ XXI века) и его предшественник, г. Сарапул, Удмуртская Республика, 1957–
11.01.1984 г. – 09.01.1985 г.	Планы работы и статистические отчеты профкома КБЭ по Государственному социальному страхованию	РГА в г.Самаре. Ф. Р-774. Оп. 1-6. Д. 315.	Рассекречено в 2018 году	Открытое акционерное общество «Конструкторское бюро электроизделий XXI века (ОАО КБЭ XXI века) и его предшественник, г. Сарапул, Удмуртская Республика, 1957–
1985 г.	Номенклатура особой важности, совершенно секретных и секретных дел предприятия п/я Р-6679 на 1985 год	РГА в г.Самаре. Ф. Р-774. Оп. 1-6. Д. 319.	Рассекречено в 2018 году	Открытое акционерное общество «Конструкторское бюро электроизделий XXI века (ОАО КБЭ XXI века) и его предшественник, г. Сарапул, Удмуртская Республика, 1957–
25.12.1984 г. – 13.03.1985 г.	Годовые планы кооперированных поставок комплектующих изделий	РГА в г.Самаре. Ф. Р-774. Оп. 1-6. Д. 320.	Рассекречено в 2018 году	Открытое акционерное общество «Конструкторское бюро электроизделий XXI века (ОАО КБЭ XXI века) и его предшественник, г. Сарапул, Удмуртская Республика, 1957–
10.11.1984 г. – 18.12.1985 г.	Переписка с Министерством и предприятиями по согласованию и утверждению цен на изделия	РГА в г.Самаре. Ф. Р-774. Оп. 1-6. Д. 321.	Рассекречено в 2018 году	Открытое акционерное общество «Конструкторское бюро электроизделий XXI века (ОАО КБЭ XXI века) и его предшественник, г. Сарапул, Удмуртская Республика, 1957–
1985 г.	Доклад о работе предприятия п/я Р-5679 за 1985 год	РГА в г.Самаре. Ф. Р-774. Оп. 1-6. Д. 322.	Рассекречено в 2018 году	Открытое акционерное общество «Конструкторское бюро электроизделий XXI века (ОАО КБЭ XXI века) и его предшественник, г. Сарапул, Удмуртская Республика, 1957–
1985 г.	Годовой отчет по основной деятельности предприятия п/я Р-6679 за 1985 год	РГА в г.Самаре. Ф. Р-774. Оп. 1-6. Д. 323.	Рассекречено в 2018 году	Открытое акционерное общество «Конструкторское бюро электроизделий XXI века (ОАО КБЭ XXI века) и его предшественник, г. Сарапул, Удмуртская Республика, 1957–
10.01.1985 г. – 29.12.1984 г.	Заключения, описания опытов, акты и переписка по исследованию повышения надежности изделий	РГА в г.Самаре. Ф. Р-774. Оп. 1-6. Д. 324.	Рассекречено в 2018 году	Открытое акционерное общество «Конструкторское бюро электроизделий XXI века (ОАО КБЭ XXI века) и его предшественник, г. Сарапул, Удмуртская Республика, 1957–
1985 г.	Отчеты по эксплуатационной надежности изделий разработки предприятия п/я Р-6679 за 1985 год	РГА в г.Самаре. Ф. Р-774. Оп. 1-6. Д. 326.	Рассекречено в 2018 году	Открытое акционерное общество «Конструкторское бюро электроизделий XXI века (ОАО КБЭ XXI века) и его предшественник, г. Сарапул, Удмуртская Республика, 1957–
09.04.1985 г. – 01.01.1986 г.	Планы работы и статистические отчеты профкома по государственному страхованию	РГА в г.Самаре. Ф. Р-774. Оп. 1-6. Д. 327.	Рассекречено в 2018 году	Открытое акционерное общество «Конструкторское бюро электроизделий XXI века (ОАО КБЭ XXI века) и его предшественник, г. Сарапул, Удмуртская Республика, 1957–
1986 г.	Отчет о производственно-хозяйственной деятельности предприятия за 1986 год	РГА в г.Самаре. Ф. Р-799. Оп. 1-6. Д. 28.	Рассекречено в 2018 году	Государственный проектный и научно-исследовательский институт «Гипрониипромсвязь» Министерства промышленности и средств связи СССР, г. Москва, 1977–
1986 г.	Годовые тематические планы научно-исследовательских и опытно-конструкторских работ на 1986 год	РГА в г.Самаре. Ф. Р-800. Оп. 1-6. Д. 512.	Рассекречено в 2018 году	Ульяновское конструкторское бюро приборостроения (УКБП) Министерства авиационной промышленности СССР, г. Ульяновск, 1954–
1986 г.	Утвержденные планы, лимиты по производству, труду и заработной плате. Отчеты о выполнении планов производства, труду, зарплате (квартальные, годовые) за 1986 год	РГА в г.Самаре. Ф. Р-800. Оп. 1-6. Д. 513.	Рассекречено в 2018 году	Ульяновское конструкторское бюро приборостроения (УКБП) Министерства авиационной промышленности СССР, г. Ульяновск, 1954–
1986 г.	Финансовые планы (балансы доходов и расходов) и акты документальных ревизий за 1986 год	РГА в г.Самаре. Ф. Р-800. Оп. 1-6. Д. 514.	Рассекречено в 2018 году	Ульяновское конструкторское бюро приборостроения (УКБП) Министерства авиационной промышленности СССР, г. Ульяновск, 1954–
1986 г.	Паспорт предприятия за 1986–1988 годы	РГА в г.Самаре. Ф. Р-800. Оп. 1-6. Д. 515.	Рассекречено в 2018 году	Ульяновское конструкторское бюро приборостроения (УКБП) Министерства авиационной промышленности СССР, г. Ульяновск, 1954–
1986 г.	Годовой отчет предприятия о производственно-хозяйственной деятельности за 1986 год	РГА в г.Самаре. Ф. Р-800. Оп. 1-6. Д. 516.	Рассекречено в 2018 году	Ульяновское конструкторское бюро приборостроения (УКБП) Министерства авиационной промышленности СССР, г. Ульяновск, 1954–
1986 г.	Годовой баланс предприятия по основной деятельности и объяснительные записки к нему за 1986 год	РГА в г.Самаре. Ф. Р-800. Оп. 1-6. Д. 517.	Рассекречено в 2018 году	Ульяновское конструкторское бюро приборостроения (УКБП) Министерства авиационной промышленности СССР, г. Ульяновск, 1954–
1986 г.	Годовой баланс предприятия по капитальным вложениям и объяснительные записки к нему за 1986 год	РГА в г.Самаре. Ф. Р-800. Оп. 1-6. Д. 518.	Рассекречено в 2018 году	Ульяновское конструкторское бюро приборостроения (УКБП) Министерства авиационной промышленности СССР, г. Ульяновск, 1954–
1986 г.	Годовой технический отчет предприятия за 1986 год	РГА в г.Самаре. Ф. Р-800. Оп. 1-6. Д. 519.	Рассекречено в 2018 году	Ульяновское конструкторское бюро приборостроения (УКБП) Министерства авиационной промышленности СССР, г. Ульяновск, 1954–
1986 г.	Квартальные отчеты о выполнении тематических планов научно-исследовательских и опытно-конструкторских работ за 1986 год Том 1	РГА в г.Самаре. Ф. Р-800. Оп. 1-6. Д. 520.	Рассекречено в 2018 году	Ульяновское конструкторское бюро приборостроения (УКБП) Министерства авиационной промышленности СССР, г. Ульяновск, 1954–
1986 г.	Квартальные отчеты о выполнении тематических планов научно-исследовательских и опытно-конструкторских работ за 1986 год Том 2	РГА в г.Самаре. Ф. Р-800. Оп. 1-6. Д. 521.	Рассекречено в 2018 году	Ульяновское конструкторское бюро приборостроения (УКБП) Министерства авиационной промышленности СССР, г. Ульяновск, 1954–
21.01.1986 г. – 06.01.1987 г.	Отчеты и донесения командованию и переписка по личному составу	РГА в г.Самаре. Ф. Р-800. Оп. 1-6. Д. 522.	Рассекречено в 2018 году	Ульяновское конструкторское бюро приборостроения (УКБП) Министерства авиационной промышленности СССР, г. Ульяновск, 1954–
31.01.1986 г. – 25.12.1987 г.	Отчеты, заключения и переписка по изучению иностранных образцов и техдокументации	РГА в г.Самаре. Ф. Р-800. Оп. 1-6. Д. 523.	Рассекречено в 2018 году	Ульяновское конструкторское бюро приборостроения (УКБП) Министерства авиационной промышленности СССР, г. Ульяновск, 1954–
22.01.1986 г. – 22.12.1986 г.	Заключения, описания опытов, акты и переписка по повышению надежности и долговечности изделий	РГА в г.Самаре. Ф. Р-800. Оп. 1-6. Д. 524.	Рассекречено в 2018 году	Ульяновское конструкторское бюро приборостроения (УКБП) Министерства авиационной промышленности СССР, г. Ульяновск, 1954–
1987 г.	Проекты пятилетних тематических планов опытно-конструкторских и научно-исследовательских работ за 1987 год	РГА в г.Самаре. Ф. Р-800. Оп. 1-6. Д. 526.	Рассекречено в 2018 году	Ульяновское конструкторское бюро приборостроения (УКБП) Министерства авиационной промышленности СССР, г. Ульяновск, 1954–
1987 г.	Годовые тематические планы научно-исследовательских и опытно-конструкторских работ за 1987 год	РГА в г.Самаре. Ф. Р-800. Оп. 1-6. Д. 527.	Рассекречено в 2018 году	Ульяновское конструкторское бюро приборостроения (УКБП) Министерства авиационной промышленности СССР, г. Ульяновск, 1954–
1987 г.	Утвержденные планы, лимиты по производству, труду и заработной плате. Отчеты о выполнении планов по производству, труду, заработной плате (годовые, квартальные) за 1987 год	РГА в г.Самаре. Ф. Р-800. Оп. 1-6. Д. 528.	Рассекречено в 2018 году	Ульяновское конструкторское бюро приборостроения (УКБП) Министерства авиационной промышленности СССР, г. Ульяновск, 1954–
1987 г.	Финансовые планы (балансы доходов и расходов) за 1987 год	РГА в г.Самаре. Ф. Р-800. Оп. 1-6. Д. 529.	Рассекречено в 2018 году	Ульяновское конструкторское бюро приборостроения (УКБП) Министерства авиационной промышленности СССР, г. Ульяновск, 1954–
1987 г.	Годовой отчет предприятия о производственно-хозяйственной деятельности за 1987 год	РГА в г.Самаре. Ф. Р-800. Оп. 1-6. Д. 530.	Рассекречено в 2018 году	Ульяновское конструкторское бюро приборостроения (УКБП) Министерства авиационной промышленности СССР, г. Ульяновск, 1954–
1987 г.	Годовой баланс по основной деятельности и объяснительные записки к нему за 1987 год	РГА в г.Самаре. Ф. Р-800. Оп. 1-6. Д. 531.	Рассекречено в 2018 году	Ульяновское конструкторское бюро приборостроения (УКБП) Министерства авиационной промышленности СССР, г. Ульяновск, 1954–
1987 г.	Годовой баланс по капитальным вложениям и объяснительные записки к нему за 1987 год	РГА в г.Самаре. Ф. Р-800. Оп. 1-6. Д. 532.	Рассекречено в 2018 году	Ульяновское конструкторское бюро приборостроения (УКБП) Министерства авиационной промышленности СССР, г. Ульяновск, 1954–
1987 г.	Годовой технический отчет за 1987 год	РГА в г.Самаре. Ф. Р-800. Оп. 1-6. Д. 533.	Рассекречено в 2018 году	Ульяновское конструкторское бюро приборостроения (УКБП) Министерства авиационной промышленности СССР, г. Ульяновск, 1954–
1987 г.	Квартальные отчеты о выполнении тематических планов научно-исследовательских и опытно-конструкторских работ за 1987 год Том 1	РГА в г.Самаре. Ф. Р-800. Оп. 1-6. Д. 534.	Рассекречено в 2018 году	Ульяновское конструкторское бюро приборостроения (УКБП) Министерства авиационной промышленности СССР, г. Ульяновск, 1954–
1987 г.	Квартальные отчеты о выполнении тематических планов научно-исследовательских и опытно-конструкторских работ за 1987 год Том 2	РГА в г.Самаре. Ф. Р-800. Оп. 1-6. Д. 535.	Рассекречено в 2018 году	Ульяновское конструкторское бюро приборостроения (УКБП) Министерства авиационной промышленности СССР, г. Ульяновск, 1954–
1987 г.	Отчеты по наличию, учету, текучести и распределению кадров. О наличии специалистов с высшим и средним специальным техническим образованием за 1987 год	РГА в г.Самаре. Ф. Р-800. Оп. 1-6. Д. 536.	Рассекречено в 2018 году	Ульяновское конструкторское бюро приборостроения (УКБП) Министерства авиационной промышленности СССР, г. Ульяновск, 1954–
12.01.1987 г. – 08.01.1988 г.	Отчеты и донесения командованию и переписка по личному составу	РГА в г.Самаре. Ф. Р-800. Оп. 1-6. Д. 537.	Рассекречено в 2018 году	Ульяновское конструкторское бюро приборостроения (УКБП) Министерства авиационной промышленности СССР, г. Ульяновск, 1954–
09.01.1987 г. – 31.12.1987 г.	Отчеты, заключения и переписка по изучению иностранных образцов и техдокументации	РГА в г.Самаре. Ф. Р-800. Оп. 1-6. Д. 538.	Рассекречено в 2018 году	Ульяновское конструкторское бюро приборостроения (УКБП) Министерства авиационной промышленности СССР, г. Ульяновск, 1954–
23.01.1987 г. – 31.12.1987 г.	Заключения, описания опытов, акты и переписка по повышению надежности и долговечности изделий	РГА в г.Самаре. Ф. Р-800. Оп. 1-6. Д. 539.	Рассекречено в 2018 году	Ульяновское конструкторское бюро приборостроения (УКБП) Министерства авиационной промышленности СССР, г. Ульяновск, 1954–
23.01.1987 г. – 19.01.1988 г.	Заявки на выдачу авторских свидетельств и патентов, заключения, отзывы по ним и переписка по этим вопросам	РГА в г.Самаре. Ф. Р-800. Оп. 1-6. Д. 540.	Рассекречено в 2018 году	Ульяновское конструкторское бюро приборостроения (УКБП) Министерства авиационной промышленности СССР, г. Ульяновск, 1954–
22.07.1987 г. – 04.04.1988 г.	Переписка с партийными органами по вопросам основной деятельности предприятия за 1987–1989 годы	РГА в г.Самаре. Ф. Р-800. Оп. 1-6. Д. 541.	Рассекречено в 2018 году	Ульяновское конструкторское бюро приборостроения (УКБП) Министерства авиационной промышленности СССР, г. Ульяновск, 1954–
1987 г. – 1989 г.	Сметы и статистические отчеты профкома за 1987–1989 годы	РГА в г.Самаре. Ф. Р-800. Оп. 1-6. Д. 542.	Рассекречено в 2018 году	Ульяновское конструкторское бюро приборостроения (УКБП) Министерства авиационной промышленности СССР, г. Ульяновск, 1954–
17.01.1986 г. – 29.01.1986 г.	Приказы с № 1 по № 31 и распоряжения с № 1 по № 7 института по производственным вопросам	РГА в г.Самаре. Ф. Р-803. Оп. 1-6. Д. 544.	Рассекречено в 2018 году	Научно-исследовательский институт электронных приборов (НИИЭП) Министерства машиностроения СССР, г. Новосибирск, 1949–
28.10.1986 г.	Приказ № М-26 института по мобилизационной работе	РГА в г.Самаре. Ф. Р-803. Оп. 1-6. Д. 545.	Рассекречено в 2018 году	Научно-исследовательский институт электронных приборов (НИИЭП) Министерства машиностроения СССР, г. Новосибирск, 1949–
26.02.1986 г. – 24.09.1986 г.	Приказы №№ 4, 10, 23 института, относящиеся к деятельности базовой группы измерений	РГА в г.Самаре. Ф. Р-803. Оп. 1-6. Д. 546.	Рассекречено в 2018 году	Научно-исследовательский институт электронных приборов (НИИЭП) Министерства машиностроения СССР, г. Новосибирск, 1949–
29.12.1986 г.	Приказ № 32 института, относящийся к деятельности спецтехгруппы	РГА в г.Самаре. Ф. Р-803. Оп. 1-6. Д. 547.	Рассекречено в 2018 году	Научно-исследовательский институт электронных приборов (НИИЭП) Министерства машиностроения СССР, г. Новосибирск, 1949–
1986 г.	Годовые лимиты и отчеты по труду. Основные показатели работы коллектива предприятия по проведению Всесоюзного общественного смотра эффективности использования сырья, материалов и топливно-энергетических ресурсов за год	РГА в г.Самаре. Ф. Р-803. Оп. 1-6. Д. 548.	Рассекречено в 2018 году	Научно-исследовательский институт электронных приборов (НИИЭП) Министерства машиностроения СССР, г. Новосибирск, 1949–
1986 г.	Годовой тематический план научно-исследовательских и опытно-конструкторских работ	РГА в г.Самаре. Ф. Р-803. Оп. 1-6. Д. 549.	Рассекречено в 2018 году	Научно-исследовательский институт электронных приборов (НИИЭП) Министерства машиностроения СССР, г. Новосибирск, 1949–
1986 г.	Годовые план и отчет о выполнении плана научно-исследовательских и опытно-конструкторских работ по тематике 11 Главного Управления	РГА в г.Самаре. Ф. Р-803. Оп. 1-6. Д. 550.	Рассекречено в 2018 году	Научно-исследовательский институт электронных приборов (НИИЭП) Министерства машиностроения СССР, г. Новосибирск, 1949–
1986 г.	Программа изготовления изделий и аппаратуры на год	РГА в г.Самаре. Ф. Р-803. Оп. 1-6. Д. 551.	Рассекречено в 2018 году	Научно-исследовательский институт электронных приборов (НИИЭП) Министерства машиностроения СССР, г. Новосибирск, 1949–
1986 г.	Баланс доходов и расходов предприятия. Нормативы собственных оборотных средств и источники их покрытия	РГА в г.Самаре. Ф. Р-803. Оп. 1-6. Д. 552.	Рассекречено в 2018 году	Научно-исследовательский институт электронных приборов (НИИЭП) Министерства машиностроения СССР, г. Новосибирск, 1949–
1986 г.	Годовой план капитальных вложений	РГА в г.Самаре. Ф. Р-803. Оп. 1-6. Д. 553.	Рассекречено в 2018 году	Научно-исследовательский институт электронных приборов (НИИЭП) Министерства машиностроения СССР, г. Новосибирск, 1949–
1986 г.	Годовой отчет по основной деятельности	РГА в г.Самаре. Ф. Р-803. Оп. 1-6. Д. 554.	Рассекречено в 2018 году	Научно-исследовательский институт электронных приборов (НИИЭП) Министерства машиностроения СССР, г. Новосибирск, 1949–
1986 г.	Объяснительная записка к годовому отчету по основной деятельности	РГА в г.Самаре. Ф. Р-803. Оп. 1-6. Д. 555.	Рассекречено в 2018 году	Научно-исследовательский институт электронных приборов (НИИЭП) Министерства машиностроения СССР, г. Новосибирск, 1949–
1986 г.	Показатели научно-производственной деятельности института за год	РГА в г.Самаре. Ф. Р-803. Оп. 1-6. Д. 556.	Рассекречено в 2018 году	Научно-исследовательский институт электронных приборов (НИИЭП) Министерства машиностроения СССР, г. Новосибирск, 1949–
1986 г.	Годовой отчет о выполнении плана научно-исследовательских и опытно-конструкторских работ	РГА в г.Самаре. Ф. Р-803. Оп. 1-6. Д. 557.	Рассекречено в 2018 году	Научно-исследовательский институт электронных приборов (НИИЭП) Министерства машиностроения СССР, г. Новосибирск, 1949–
1986 г.	Годовой отчет по капитальным вложениям и объяснительная записка к отчету	РГА в г.Самаре. Ф. Р-803. Оп. 1-6. Д. 558.	Рассекречено в 2018 году	Научно-исследовательский институт электронных приборов (НИИЭП) Министерства машиностроения СССР, г. Новосибирск, 1949–
1986 г.	Показатели, протоколы, акты, расчеты по изобретательской, рационализаторской и патентной работе за год	РГА в г.Самаре. Ф. Р-803. Оп. 1-6. Д. 559.	Рассекречено в 2018 году	Научно-исследовательский институт электронных приборов (НИИЭП) Министерства машиностроения СССР, г. Новосибирск, 1949–
1986 г.	Отчеты, справки о работе с кадрами	РГА в г.Самаре. Ф. Р-803. Оп. 1-6. Д. 560.	Рассекречено в 2018 году	Научно-исследовательский институт электронных приборов (НИИЭП) Министерства машиностроения СССР, г. Новосибирск, 1949–
1986 г.	Годовой отчет о числе дней неявок в связи с временной нетрудоспособностью, пострадавших при несчастных случаях на производстве, и затратах на мероприятия по охране труда	РГА в г.Самаре. Ф. Р-803. Оп. 1-6. Д. 561.	Рассекречено в 2018 году	Научно-исследовательский институт электронных приборов (НИИЭП) Министерства машиностроения СССР, г. Новосибирск, 1949–
1986 г.	Годовые планы работы, протоколы заседаний, решения научно-технического совета института, радиотехнической и конструкторской секции научно-технического совета и материалы к ним	РГА в г.Самаре. Ф. Р-803. Оп. 1-6. Д. 562.	Рассекречено в 2018 году	Научно-исследовательский институт электронных приборов (НИИЭП) Министерства машиностроения СССР, г. Новосибирск, 1949–
1986 г.	Программы, протоколы, решения, тезисы докладов XXVII научно-технической конференции и VII научно-технической конференции молодых специалистов	РГА в г.Самаре. Ф. Р-803. Оп. 1-6. Д. 563.	Рассекречено в 2018 году	Научно-исследовательский институт электронных приборов (НИИЭП) Министерства машиностроения СССР, г. Новосибирск, 1949–
1986 г.	Характеристики, этикетки, акты и другие документы на экспонаты межотраслевой выставки «Стандартизация-86», представленные предприятием	РГА в г.Самаре. Ф. Р-803. Оп. 1-6. Д. 564.	Рассекречено в 2018 году	Научно-исследовательский институт электронных приборов (НИИЭП) Министерства машиностроения СССР, г. Новосибирск, 1949–
1986 г.	Годовой статистический отчет профсоюзного комитета	РГА в г.Самаре. Ф. Р-803. Оп. 1-6. Д. 565.	Рассекречено в 2018 году	Научно-исследовательский институт электронных приборов (НИИЭП) Министерства машиностроения СССР, г. Новосибирск, 1949–
1984 г.	Отчет № НВ8-771-82 по теме «Непер»: Исследование обнаружительных характеристик неконтактных систем подрыва для перспективных противокорабельных ракет военно-морского флота	РГА в г.Самаре. Ф. Р-803. Оп. 3-1. Д. 151.	Рассекречено в 2018 году	Научно-исследовательский институт электронных приборов (НИИЭП) Министерства машиностроения СССР, г. Новосибирск, 1949–
1986 г.	Инженерная записка: Оценка возможности реализации требований к станции помех с ФАР (фазированной антенной решеткой) «Рычаг-БВ2» по созданию помех РЛС (радиолокационным станциям) с квазинепрерывным и длинноимпульсным излучением	РГА в г.Самаре. Ф. Р-812. Оп. 3-1. Д. 232.	Рассекречено в 2018 году	Федеральное государственное унитарное предприятие «Научно-исследовательский институт «Экран» (ФГУП «НИИ «Экран») Министерства промышленности и энергетики РФ и его предшественник, г. Самара, 1949–
1986 г.	План-график мероприятий по результатам предварительных испытаний самолетной станции исполнительной радиотехнической разведки «Проран-БВБ2»	РГА в г.Самаре. Ф. Р-812. Оп. 3-1. Д. 238.	Рассекречено в 2018 году	Федеральное государственное унитарное предприятие «Научно-исследовательский институт «Экран» (ФГУП «НИИ «Экран») Министерства промышленности и энергетики РФ и его предшественник, г. Самара, 1949–
1986 г.	Акт предварительных испытаний самолетной станции исполнительной радиотехнической разведки «Проран-БВБ2»	РГА в г.Самаре. Ф. Р-812. Оп. 3-1. Д. 242.	Рассекречено в 2018 году	Федеральное государственное унитарное предприятие «Научно-исследовательский институт «Экран» (ФГУП «НИИ «Экран») Министерства промышленности и энергетики РФ и его предшественник, г. Самара, 1949–
1986 г.	Технический отчет: Разработка и внедрение технологии настройки. Сборки и герметизации объемных гибридных СВЧ устройств	РГА в г.Самаре. Ф. Р-812. Оп. 3-1. Д. 247.	Рассекречено в 2018 году	Федеральное государственное унитарное предприятие «Научно-исследовательский институт «Экран» (ФГУП «НИИ «Экран») Министерства промышленности и энергетики РФ и его предшественник, г. Самара, 1949–
1986 г.	Акт предварительных испытаний станции активных помех «Гардения-2ФУ»	РГА в г.Самаре. Ф. Р-812. Оп. 3-1. Д. 249.	Рассекречено в 2018 году	Федеральное государственное унитарное предприятие «Научно-исследовательский институт «Экран» (ФГУП «НИИ «Экран») Министерства промышленности и энергетики РФ и его предшественник, г. Самара, 1949–
1986 г.	Промежуточный отчет: Разработка и оптимизация планов создания и ускоренного внедрения в радиоэлектронную аппаратуру электрорадиоизделий профиля предприятия п/я А-3570, создаваемых на основе отраслевых аппаратурно-ориентированных программ («Элемент ПО-87»).	РГА в г.Самаре. Ф. Р-812. Оп. 3-1. Д. 250.	Рассекречено в 2018 году	Федеральное государственное унитарное предприятие «Научно-исследовательский институт «Экран» (ФГУП «НИИ «Экран») Министерства промышленности и энергетики РФ и его предшественник, г. Самара, 1949–
1986 г.	Отчет: Исследование и анализ надежности разрабатываемой радиоэлектронной аппаратуры и ее составных частей («Анализ-НВ-86»)	РГА в г.Самаре. Ф. Р-812. Оп. 3-1. Д. 253.	Рассекречено в 2018 году	Федеральное государственное унитарное предприятие «Научно-исследовательский институт «Экран» (ФГУП «НИИ «Экран») Министерства промышленности и энергетики РФ и его предшественник, г. Самара, 1949–
1986 г.	Пояснительная записка к годовому отчету по основной деятельности за 1986 год	РГА в г.Самаре. Ф. Р-812. Оп. 3-1. Д. 254.	Рассекречено в 2018 году	Федеральное государственное унитарное предприятие «Научно-исследовательский институт «Экран» (ФГУП «НИИ «Экран») Министерства промышленности и энергетики РФ и его предшественник, г. Самара, 1949–
1982 г.	Годовой отчет по основной деятельности за 1982 год	РГА в г.Самаре. Ф. Р-914. Оп. 1-6. Д. 234.	Рассекречено в 2018 году	Государственное унитарное предприятие «Радиоприборный завод» (ГУП «Радиоприборный завод») Министерства промышленности и торговли РФ, г. Саратов, 1947–
1982 г.	Годовой отчет по капитальному строительству предприятия п/я В-8358 за 1982 год	РГА в г.Самаре. Ф. Р-914. Оп. 1-6. Д. 236.	Рассекречено в 2018 году	Государственное унитарное предприятие «Радиоприборный завод» (ГУП «Радиоприборный завод») Министерства промышленности и торговли РФ, г. Саратов, 1947–
1982 г.	Номенклатура особой важности, совершенно секретных и секретных дел предприятия п/я В-8358 на 1982 год	РГА в г.Самаре. Ф. Р-914. Оп. 1-6. Д. 241.	Рассекречено в 2018 году	Государственное унитарное предприятие «Радиоприборный завод» (ГУП «Радиоприборный завод») Министерства промышленности и торговли РФ, г. Саратов, 1947–
1983 г.	Годовой отчет по основной деятельности за 1983 год	РГА в г.Самаре. Ф. Р-914. Оп. 1-6. Д. 243.	Рассекречено в 2018 году	Государственное унитарное предприятие «Радиоприборный завод» (ГУП «Радиоприборный завод») Министерства промышленности и торговли РФ, г. Саратов, 1947–
1983 г.	Годовой отчет по капитальному строительству предприятия п/я В-8358 за 1983 год	РГА в г.Самаре. Ф. Р-914. Оп. 1-6. Д. 245.	Рассекречено в 2018 году	Государственное унитарное предприятие «Радиоприборный завод» (ГУП «Радиоприборный завод») Министерства промышленности и торговли РФ, г. Саратов, 1947–
1983 г.	Номенклатура особой важности, совершенно секретных и секретных дел предприятия п/я В-8358 на 1983 год	РГА в г.Самаре. Ф. Р-914. Оп. 1-6. Д. 249.	Рассекречено в 2018 году	Государственное унитарное предприятие «Радиоприборный завод» (ГУП «Радиоприборный завод») Министерства промышленности и торговли РФ, г. Саратов, 1947–
1984 г.	Годовой отчет по основной деятельности за 1984 год	РГА в г.Самаре. Ф. Р-914. Оп. 1-6. Д. 251.	Рассекречено в 2018 году	Государственное унитарное предприятие «Радиоприборный завод» (ГУП «Радиоприборный завод») Министерства промышленности и торговли РФ, г. Саратов, 1947–
1984 г.	Годовой отчет по капитальному строительству предприятия п/я В-8358 за 1984 год	РГА в г.Самаре. Ф. Р-914. Оп. 1-6. Д. 253.	Рассекречено в 2018 году	Государственное унитарное предприятие «Радиоприборный завод» (ГУП «Радиоприборный завод») Министерства промышленности и торговли РФ, г. Саратов, 1947–
1984 г.	Номенклатура особой важности, совершенно секретных и секретных дел предприятия п/я В-8358 на 1984 год	РГА в г.Самаре. Ф. Р-914. Оп. 1-6. Д. 260.	Рассекречено в 2018 году	Государственное унитарное предприятие «Радиоприборный завод» (ГУП «Радиоприборный завод») Министерства промышленности и торговли РФ, г. Саратов, 1947–
1985 г.	Годовой отчет по основной деятельности за 1985 год	РГА в г.Самаре. Ф. Р-914. Оп. 1-6. Д. 262.	Рассекречено в 2018 году	Государственное унитарное предприятие «Радиоприборный завод» (ГУП «Радиоприборный завод») Министерства промышленности и торговли РФ, г. Саратов, 1947–
1985 г.	Годовой отчет по капитальному строительству предприятия п/я В-8358 за 1985 год	РГА в г.Самаре. Ф. Р-914. Оп. 1-6. Д. 264.	Рассекречено в 2018 году	Государственное унитарное предприятие «Радиоприборный завод» (ГУП «Радиоприборный завод») Министерства промышленности и торговли РФ, г. Саратов, 1947–
1985 г.	Номенклатура особой важности, совершенно секретных и секретных дел предприятия п/я В-8358 на 1985 год	РГА в г.Самаре. Ф. Р-914. Оп. 1-6. Д. 268.	Рассекречено в 2018 году	Государственное унитарное предприятие «Радиоприборный завод» (ГУП «Радиоприборный завод») Министерства промышленности и торговли РФ, г. Саратов, 1947–
1986 г.	Годовой отчет по основной деятельности за 1986 год	РГА в г.Самаре. Ф. Р-914. Оп. 1-6. Д. 270.	Рассекречено в 2018 году	Государственное унитарное предприятие «Радиоприборный завод» (ГУП «Радиоприборный завод») Министерства промышленности и торговли РФ, г. Саратов, 1947–
1986 г.	Годовой отчет по капитальному строительству предприятия п/я В-8358 за 1986 год	РГА в г.Самаре. Ф. Р-914. Оп. 1-6. Д. 272.	Рассекречено в 2018 году	Государственное унитарное предприятие «Радиоприборный завод» (ГУП «Радиоприборный завод») Министерства промышленности и торговли РФ, г. Саратов, 1947–
1986 г.	Номенклатура особой важности, совершенно секретных и секретных дел предприятия п/я В-8358 на 1986 год	РГА в г.Самаре. Ф. Р-914. Оп. 1-6. Д. 277.	Рассекречено в 2018 году	Государственное унитарное предприятие «Радиоприборный завод» (ГУП «Радиоприборный завод») Министерства промышленности и торговли РФ, г. Саратов, 1947–
03.12.1956 г. – 22.05.1964 г.	Технические проекты, схемы, расчеты и другие материалы строительства предприятия (материалы строительства завода № 869 за 1956–1964 гг.)	РГА в г.Самаре. Ф. Р-914. Оп. 1-6. Д. 311.	Рассекречено в 2018 году	Государственное унитарное предприятие «Радиоприборный завод» (ГУП «Радиоприборный завод») Министерства промышленности и торговли РФ, г. Саратов, 1947–
06.01.1981 г. – 26.06.1981 г.	Протокольные записи заседаний Секретариата ЦК КПСС за 1981 г. Том I. Материалы, рассмотренные Секретариатом ЦК КПСС по вопросам организационной работы, идеологии, пропаганды, международных отношений, внешнеполитических, научно-технических, культурных, межпартийных связей, деятельности государственных, правительственных, местных органов, центральных, территориальных органов ЦК КПСС, партийного аппарата, кадров в структурах управления, профсоюзных, молодежных, общественных организаций здравоохранения, науки, образования, культуры и искусства, печати, информации, физической культуры и спорта, туризма, религии, развитии народного хозяйства, социального обеспечения труда, награждений, присвоения почетных званий, приветствий и поздравлений, знаменательных событий и дат, писем и обращений, приглашений в СССР, выезда за границу.	РГАНИ. Ф. 4. Оп. 44. Д. 27.	Рассекречено в 2018 году	Секретариат ЦК КПСС (1952–1991)
01.07.1981 г. – 29.12.1981 г.	Протокольные записи заседаний Секретариата ЦК КПСС за 1981 г. Том II (последний). Материалы, рассмотренные Секретариатом ЦК КПСС по вопросам организационной работы, идеологии, пропаганды, международных отношений, внешнеполитических, научно-технических, культурных, межпартийных связей, деятельности государственных, правительственных, местных органов, центральных, территориальных органов ЦК КПСС, партийного аппарата, кадров в структурах управления, профсоюзных, молодежных, общественных организаций здравоохранения, науки, образования, культуры и искусства, печати, информации, физической культуры и спорта, туризма, религии, развитии народного хозяйства, социального обеспечения труда, награждений, присвоения почетных званий, приветствий и поздравлений, знаменательных событий и дат, писем и обращений, приглашений в СССР, выезда за границу.	РГАНИ. Ф. 4. Оп. 44. Д. 28.	Рассекречено в 2018 году	Секретариат ЦК КПСС (1952–1991)
05.01.1982 г. – 27.07.1982 г.	Протокольные записи заседаний Секретариата ЦК КПСС за 1982 г. Том I (со схемой). Материалы, рассмотренные Секретариатом ЦК КПСС по вопросам организационной работы, идеологии, пропаганды, международных отношений, внешнеполитических, научно-технических, культурных, межпартийных связей, деятельности государственных, правительственных, местных органов, центральных, территориальных органов ЦК КПСС, партийного аппарата, кадров в структурах управления, профсоюзных, молодежных, общественных организаций здравоохранения, науки, образования, культуры и искусства, печати, информации, физической культуры и спорта, туризма, религии, развитии народного хозяйства, социального обеспечения труда, награждений, присвоения почетных званий, приветствий и поздравлений, знаменательных событий и дат, писем и обращений, приглашений в СССР, выезда за границу.	РГАНИ. Ф. 4. Оп. 44. Д. 29.	Рассекречено в 2018 году	Секретариат ЦК КПСС (1952–1991)
03.08.1982 г. – 27.07.1982 г.	Протокольные записи заседаний Секретариата ЦК КПСС за 1982 г. Материалы, рассмотренные Секретариатом ЦК КПСС по вопросам организационной работы, идеологии, пропаганды, международных отношений, внешнеполитических, научно-технических, культурных, межпартийных связей, деятельности государственных, правительственных, местных органов, центральных, территориальных органов ЦК КПСС, партийного аппарата, кадров в структурах управления, профсоюзных, молодежных, общественных организаций здравоохранения, науки, образования, культуры и искусства, печати, информации, физической культуры и спорта, туризма, религии, развитии народного хозяйства, социального обеспечения труда, награждений, присвоения почетных званий, приветствий и поздравлений, знаменательных событий и дат, писем и обращений, приглашений в СССР, выезда за границу.	РГАНИ. Ф. 4. Оп. 44. Д. 30.	Рассекречено в 2018 году	Секретариат ЦК КПСС (1952–1991)
04.01.1983 г. – 28.06.1983 г.	Протокольные записи заседаний Секретариата ЦК КПСС за 1983 г. Том I. Материалы, рассмотренные Секретариатом ЦК КПСС по вопросам организационной работы, идеологии, пропаганды, международных отношений, внешнеполитических, научно-технических, культурных, межпартийных связей, деятельности государственных, правительственных, местных органов, центральных, территориальных органов ЦК КПСС, партийного аппарата, кадров в структурах управления, профсоюзных, молодежных, общественных организаций здравоохранения, науки, образования, культуры и искусства, печати, информации, физической культуры и спорта, туризма, религии, развитии народного хозяйства, социального обеспечения труда, награждений, присвоения почетных званий, приветствий и поздравлений, знаменательных событий и дат, писем и обращений, приглашений в СССР, выезда за границу.	РГАНИ. Ф. 4. Оп. 44. Д. 31.	Рассекречено в 2018 году	Секретариат ЦК КПСС (1952–1991)
05.07.1983 г. – 20.12.1983 г.	Протокольные записи заседаний Секретариата ЦК КПСС за 1983 г. Том II (последний). Материалы, рассмотренные Секретариатом ЦК КПСС по вопросам организационной работы, идеологии, пропаганды, международных отношений, внешнеполитических, научно-технических, культурных, межпартийных связей, деятельности государственных, правительственных, местных органов, центральных, территориальных органов ЦК КПСС, партийного аппарата, кадров в структурах управления, профсоюзных, молодежных, общественных организаций здравоохранения, науки, образования, культуры и искусства, печати, информации, физической культуры и спорта, туризма, религии, развитии народного хозяйства, социального обеспечения труда, награждений, присвоения почетных званий, приветствий и поздравлений, знаменательных событий и дат, писем и обращений, приглашений в СССР, выезда за границу.	РГАНИ. Ф. 4. Оп. 44. Д. 32.	Рассекречено в 2018 году	Секретариат ЦК КПСС (1952–1991)
03.01.1984 г. – 20.03.1984 г.	Протокольные записи заседаний Секретариата ЦК КПСС за 1984 г. Том I. Материалы, рассмотренные Секретариатом ЦК КПСС по вопросам организационной работы, идеологии, пропаганды, международных отношений, внешнеполитических, научно-технических, культурных, межпартийных связей, деятельности государственных, правительственных, местных органов, центральных, территориальных органов ЦК КПСС, партийного аппарата, кадров в структурах управления, профсоюзных, молодежных, общественных организаций здравоохранения, науки, образования, культуры и искусства, печати, информации, физической культуры и спорта, туризма, религии, развитии народного хозяйства, социального обеспечения труда, награждений, присвоения почетных званий, приветствий и поздравлений, знаменательных событий и дат, писем и обращений, приглашений в СССР, выезда за границу.	РГАНИ. Ф. 4. Оп. 44. Д. 33.	Рассекречено в 2018 году	Секретариат ЦК КПСС (1952–1991)
03.07.1984 г. – 25.09.1984 г.	Протокольные записи заседаний Секретариата ЦК КПСС за 1984 г. Том II. Материалы, рассмотренные Секретариатом ЦК КПСС по вопросам организационной работы, идеологии, пропаганды, международных отношений, внешнеполитических, научно-технических, культурных, межпартийных связей, деятельности государственных, правительственных, местных органов, центральных, территориальных органов ЦК КПСС, партийного аппарата, кадров в структурах управления, профсоюзных, молодежных, общественных организаций здравоохранения, науки, образования, культуры и искусства, печати, информации, физической культуры и спорта, туризма, религии, развитии народного хозяйства, социального обеспечения труда, награждений, присвоения почетных званий, приветствий и поздравлений, знаменательных событий и дат, писем и обращений, приглашений в СССР, выезда за границу.	РГАНИ. Ф. 4. Оп. 44. Д. 34.	Рассекречено в 2018 году	Секретариат ЦК КПСС (1952–1991)
03.04.1984 г. – 19.07.1984 г.	Протокольные записи заседаний Секретариата ЦК КПСС за 1984 г. Том III. Материалы, рассмотренные Секретариатом ЦК КПСС по вопросам организационной работы, идеологии, пропаганды, международных отношений, внешнеполитических, научно-технических, культурных, межпартийных связей, деятельности государственных, правительственных, местных органов, центральных, территориальных органов ЦК КПСС, партийного аппарата, кадров в структурах управления, профсоюзных, молодежных, общественных организаций здравоохранения, науки, образования, культуры и искусства, печати, информации, физической культуры и спорта, туризма, религии, развитии народного хозяйства, социального обеспечения труда, награждений, присвоения почетных званий, приветствий и поздравлений, знаменательных событий и дат, писем и обращений, приглашений в СССР, выезда за границу.	РГАНИ. Ф. 4. Оп. 44. Д. 35.	Рассекречено в 2018 году	Секретариат ЦК КПСС (1952–1991)
02.10.1984 г. – 25.12.1984 г.	Протокольные записи заседаний Секретариата ЦК КПСС за 1984 г. Том IV (последний). Материалы, рассмотренные Секретариатом ЦК КПСС по вопросам организационной работы, идеологии, пропаганды, международных отношений, внешнеполитических, научно-технических, культурных, межпартийных связей, деятельности государственных, правительственных, местных органов, центральных, территориальных органов ЦК КПСС, партийного аппарата, кадров в структурах управления, профсоюзных, молодежных, общественных организаций здравоохранения, науки, образования, культуры и искусства, печати, информации, физической культуры и спорта, туризма, религии, развитии народного хозяйства, социального обеспечения труда, награждений, присвоения почетных званий, приветствий и поздравлений, знаменательных событий и дат, писем и обращений, приглашений в СССР, выезда за границу.	РГАНИ. Ф. 4. Оп. 44. Д. 36.	Рассекречено в 2018 году	Секретариат ЦК КПСС (1952–1991)
08.01.1985 г. – 19.03.1985 г.	Протокольные записи заседаний Секретариата ЦК КПСС за 1985 г. Том I. Материалы, рассмотренные Секретариатом ЦК КПСС по вопросам организационной работы, идеологии, пропаганды, международных отношений, внешнеполитических, научно-технических, культурных, межпартийных связей, деятельности государственных, правительственных, местных органов, центральных, территориальных органов ЦК КПСС, партийного аппарата, кадров в структурах управления, профсоюзных, молодежных, общественных организаций здравоохранения, науки, образования, культуры и искусства, печати, информации, физической культуры и спорта, туризма, религии, развитии народного хозяйства, социального обеспечения труда, награждений, присвоения почетных званий, приветствий и поздравлений, знаменательных событий и дат, писем и обращений, приглашений в СССР, выезда за границу.	РГАНИ. Ф. 4. Оп. 44. Д. 37.	Рассекречено в 2018 году	Секретариат ЦК КПСС (1952–1991)
02.04.1985 г. – 25.06.1985 г.	Протокольные записи заседаний Секретариата ЦК КПСС за 1985 г. Том II. Материалы, рассмотренные Секретариатом ЦК КПСС по вопросам организационной работы, идеологии, пропаганды, международных отношений, внешнеполитических, научно-технических, культурных, межпартийных связей, деятельности государственных, правительственных, местных органов, центральных, территориальных органов ЦК КПСС, партийного аппарата, кадров в структурах управления, профсоюзных, молодежных, общественных организаций здравоохранения, науки, образования, культуры и искусства, печати, информации, физической культуры и спорта, туризма, религии, развитии народного хозяйства, социального обеспечения труда, награждений, присвоения почетных званий, приветствий и поздравлений, знаменательных событий и дат, писем и обращений, приглашений в СССР, выезда за границу.	РГАНИ. Ф. 4. Оп. 44. Д. 38.	Рассекречено в 2018 году	Секретариат ЦК КПСС (1952–1991)
01.10.1985 г. – 29.12.1985 г.	Протокольные записи заседаний Секретариата ЦК КПСС за 1985 г. Том IV (последний). Материалы, рассмотренные Секретариатом ЦК КПСС по вопросам организационной работы, идеологии, пропаганды, международных отношений, внешнеполитических, научно-технических, культурных, межпартийных связей, деятельности государственных, правительственных, местных органов, центральных, территориальных органов ЦК КПСС, партийного аппарата, кадров в структурах управления, профсоюзных, молодежных, общественных организаций здравоохранения, науки, образования, культуры и искусства, печати, информации, физической культуры и спорта, туризма, религии, развитии народного хозяйства, социального обеспечения труда, награждений, присвоения почетных званий, приветствий и поздравлений, знаменательных событий и дат, писем и обращений, приглашений в СССР, выезда за границу.	РГАНИ. Ф. 4. Оп. 44. Д. 40.	Рассекречено в 2018 году	Секретариат ЦК КПСС (1952–1991)
15.05.1953 г.	Справка Главного управления гидрометеорологической службы при Совете Министров СССР (А. Золотухин) о работах по исследованию атмосферы, проведенных в 1950–1959 гг. с помощью метеорологических ракет.	РГАНИ. Ф. 5. Оп. 21. Д. 489.	Рассекречено в 2018 году	Аппарат ЦК КПСС (1935–1991)
01.03.1953 г. – 31.03.1953 г.	Докладная записка бригады ЦК КПСС о результатах проверки деятельности промышленных предприятий и строек «Енисейстроя» и объяснения по записке начальника Главного управления и начальника Политотдела Главного управления «Енисейстрой» МВД СССР.	РГАНИ. Ф. 5. Оп. 21. Д. 497.	Рассекречено в 2018 году	Аппарат ЦК КПСС (1935–1991)
01.02.1953 г. – 31.03.1953 г.	Материалы бригады ЦК КПСС о результатах проверки производственной деятельности Геологического управления «Енисейстрой» МВД СССР.	РГАНИ. Ф. 5. Оп. 21. Д. 501.	Рассекречено в 2018 году	Аппарат ЦК КПСС (1935–1991)
01.04.1954 г. – 31.05.1954 г.	Проект постановления Совета Министров СССР о Главном управлении гражданского воздушного флота при Совете Министров СССР со справкой Отдела и сектора военно-воздушных сил.	РГАНИ. Ф. 5. Оп. 21. Д. 608.	Рассекречено в 2018 году	Аппарат ЦК КПСС (1935–1991)
01.01.1954 г. – 31.05.1954 г.	Записки, письма Главнокомандующего Военно-Воздушными силами Министерства обороны СССР, Главного управления и Политуправления ГВФ, заявления отдельных лиц о недостатках в работе авиационных училищ, школ и курсов по подготовке летных кадров и мерах по их устранению, о реконструкции и материально-техническом снабжении некоторых аэродромов, авиаремонтных заводов и мастерских, об обеспечении безопасности полетов и улучшении обслуживания пассажиров, о льготах для военнослужащих войск противовоздушной обороны, находящихся в районах с тяжелыми климатическими условиями, о порядке допуска лиц к секретной работе и др. вопросам со справками Отдела и сектора военно-воздушных сил.	РГАНИ. Ф. 5. Оп. 21. Д. 609.	Рассекречено в 2018 году	Аппарат ЦК КПСС (1935–1991)
01.01.1954 г. – 30.06.1954 г.	Постановления, записки, письма местных партийных органов, МВД СССР КГБ при Совете Министров СССР, Политотдела Главного управления милиции, заявления отдельных лиц о состоянии мерах по улучшению партийно-политической работы и служебной деятельности среди личного состава милиции, постановки оперативной работы, секретного делопроизводства, соблюдения правил пользования и сбережения личного оружия в органах МВД и др. вопросам со справками Отдела и сектора органов МВД.	РГАНИ. Ф. 5. Оп. 21. Д. 612.	Рассекречено в 2018 году	Аппарат ЦК КПСС (1935–1991)
01.03.1953 г. – 31.05.1954 г.	Справки, отчеты, письма местных парторганов, МИД СССР, советских общественных организаций со справками Отдела и сектора Британской империи о положении в английском правительстве и консервативной партии, выходе из английской компартии трех руководящих работников шотландской организации, пребывания в СССР отдельных английских делегаций и их высказываниях о поездке в Советский Союз, опубликованных в английской печати; заявление Исполкома компартии Великобритании в связи с 52-й конференцией лейбористской партии, письма и другие материалы компартии.	РГАНИ. Ф. 5. Оп. 28. Д. 49.	Рассекречено в 2018 году	Аппарат ЦК КПСС (1935–1991)
01.01.1955 г. – 31.08.1959 г.	Записки, справки, информации, письма Отдела, МИД СССР о Западноевропейском Союзе и политике западных держав по современным международным вопросам, деятельности Социалистического интернационала, о брошюре В. Григорьяна «Кто такие правые социалисты?». Перевод статьи Тодора Павлова «Относительно народного восстания 9 сентября и четырех капитуляций болгарской буржуазии», опубликованной в газете «Отечествн фронт» 2 сентября 1955 г. Замечания У. Фостера к статье И. Трахтенберга «Основные закономерности и особенности экономических кризисов» («Коммунист» № 9, за 1955 г.).	РГАНИ. Ф. 5. Оп. 28. Д. 283.	Рассекречено в 2018 году	Аппарат ЦК КПСС (1935–1991)
01.01.1955 г. – 30.04.1956 г.	Записки, информации, письма Отдела, МИД СССР, Канцелярии Секретариата Информбюро коммунистических и рабочих партий, руководства Коммунистической партии Греции и греческих политэмигрантов со справками сектора Франции, Италии и других капиталистических стран Европы о политическом положении в Греции, деятельности Компартии Греции, преследованиях в Греции коммунистов и прогрессивных деятелей, об итогах обсуждения кипрского вопроса на Совещании в Лондоне, погромах в Турции греческого населения, о взаимоотношениях между греческими политэмигрантами в СССР.	РГАНИ. Ф. 5. Оп. 28. Д. 340.	Рассекречено в 2018 году	Аппарат ЦК КПСС (1935–1991)
01.01.1954 г. – 31.12.1954 г.	Проект постановления ЦК КПСС, записки и информации Министерств торговли, внешней торговли и культуры, редакции газеты «Правда», ТАСС, Всесоюзного акционерного общества «Интурист» о расширении научно-технических, культурных и торговых связей СССР с другими странами и о пребывании в СССР делегаций из зарубежных стран.	РГАНИ. Ф. 5. Оп. 30. Д. 71.	Рассекречено в 2018 году	Аппарат ЦК КПСС (1935–1991)
01.01.1956 г. – 31.03.1957 г.	Проекты постановлений ЦК КПСС и Совета Министров СССР, записки и справки местных партийных органов, Госплана и ЦСУ СССР, министерств и др. о мероприятиях по обеспечению наращивания мощностей по производству проката черных металлов и труб, о ресурсах важнейших полезных ископаемых, гидроэнергетических ресурсах, о потерях от простоев, аварий и брака на геологоразведочных работах, процессе непрерывной разливки стали, об использовании электроэнергии Куйбышевской и Сталинградской ГЭС в г. Москве и районах Московской энергосистемы, о выполнении плана лесозаготовок, водоснабжении Кустанайской области и др.	РГАНИ. Ф. 5. Оп. 30. Д. 151.	Рассекречено в 2018 году	Аппарат ЦК КПСС (1935–1991)
01.01.1959 г. – 30.04.1960 г.	Проекты постановлений ЦК КПСС и СМ СССР, записки Министерства культуры СССР, Госкомитета по радиовещанию и телевидению при СМ СССР и др. о состоянии и задачах советского театрального искусства, дальнейшем развитии художественной самодеятельности, гастролях большого театра в США, об улучшении проката советских кинофильмов в зарубежных странах, откликах в зарубежной прессе о градостроительстве и архитектуре в СССР, о фильме «Нормандия-Неман» и др.	РГАНИ. Ф. 5. Оп. 30. Д. 315.	Рассекречено в 2018 году	Аппарат ЦК КПСС (1935–1991)
01.01.1965 г. – 31.08.1967 г.	Записки местных партийных органов, СМ СССР, министерств, совнархозов, КГБ при СМ СССР и др. об улучшении руководства промышленностью, о ходе строительства Новиковского карьера по добыче германиеносных углей и горнообогатительного предприятия на базе золоторудного месторождения Мурун-Тау, об открытии Средне-Балыкского нефтяного месторождения и месторождения газа в Тюменской области, о мерах по дальнейшему развитию рыбной промышленности, введении единых тарифных условий оплаты труда в текстильной промышленности и др.	РГАНИ. Ф. 5. Оп. 30. Д. 476.	Рассекречено в 2018 году	Аппарат ЦК КПСС (1935–1991)
01.01.1959 г. – 31.05.1960 г.	Проект постановления ЦК КПСС, письма, выписки из протоколов заседаний, копии писем, информации, справки местных партийных и советских органов, Президиума Академии наук СССР, научных учреждений, Госпланов СССР и РСФСР, зарубежных организаций, отдельных лиц с заключениями Отдела и сектора науки и вузов по вопросам науки: о работе Карельского и Уральского филиалов и Сахалинского комплексного научно-исследовательского института АН, о результатах работ по получению металлического цезия, о планах научных исследований Сибирского отделения АН, об организации и строительстве новых институтов и лабораторий о командировании советских ученых за границу, о приглашении и приеме зарубежных ученых в СССР, о представлении некоторых ученых к правительственным наградам и др.	РГАНИ. Ф. 5. Оп. 37. Д. 55.	Рассекречено в 2018 году	Аппарат ЦК КПСС (1935–1991)
01.05.1958 г. – 31.07.1959 г.	Проекты постановлений и распоряжений Совмина СССР, записки, письма местных партийных и советских органов, министерств и ведомств, заявления отдельных граждан о пересмотре заработной платы советским работникам за границей, о награждении группы немецких специалистов денежными премиями, распространении преимуществ и льгот на работников предприятий с особо вредными условиями труда, выделении пассажирского транспорта для обслуживания трудящихся, улучшении медицинского обслуживания трудящихся, улучшении медицинского обслуживания и принятых мерах по оздоровлению условий труда рабочих промышленных и горнорудных предприятий, о допуске отдельных партийных работников на режимные объекты, со справками по ним отдела и подотдела среднего машиностроения.	РГАНИ. Ф. 5. Оп. 39. Д. 107.	Рассекречено в 2018 году	Аппарат ЦК КПСС (1935–1991)
01.01.1956 г. – 31.08.1957 г.	Проект постановления Совета Министров СССР, записки, письма местных партийных органов, Госплана СССР, министерств, руководителей предприятий и отдельных лиц о развитии энергетики Узбекской ССР; о качестве строительно-монтажных работ на строительстве электростанций; о ходе строительства Днепродзержинской, Саратовской и Плавинской ГЭС, об ускорении строительства Куйбышевской, Сталинградской, Новосибирской, Красноярской ГЭС; об очередности строительства Братской и Красноярской ГЭС и другим вопросам с заключениями Госплана СССР, Госэкономкомиссии СССР, министерств и справками отделов ЦК КПСС.	РГАНИ. Ф. 5. Оп. 40. Д. 42.	Рассекречено в 2018 году	Аппарат ЦК КПСС (1935–1991)
01.02.1956 г. – 28.02.1957 г.	Записки Отдела, проект постановления Совета Министров СССР, письма местных партийных органов, министерств и ведомств об объединении карьеров, добывающих сырье для стекольной, фарфоровой и керамической отраслей промышленности, о создании в г. Ленинграде Главного управления промышленности строительных материалов и деталей, об ускорении реорганизации союзного и республиканского министерств промышленности строительных материалов и др. вопросам совершенствования структуры управления промышленностью строительных материалов со справками Отдела.	РГАНИ. Ф. 5. Оп. 41. Д. 68.	Рассекречено в 2018 году	Аппарат ЦК КПСС (1935–1991)
01.12.1958 г. – 30.09.1959 г.	Проекты постановлений ЦК КПСС и Совета Министров СССР, проект распоряжения Совета Министров СССР, записки Отдела, министерств и ведомств о повышении качества аэродромного строительства и плане строительства и реконструкции аэропортов на 1959–1965 годы со справкой Отдела.	РГАНИ. Ф. 5. Оп. 41. Д. 94.	Рассекречено в 2018 году	Аппарат ЦК КПСС (1935–1991)
01.02.1963 г. – 29.02.1964 г.	Письма местных партийных органов, центральных ведомств, проектных и научно-исследовательских институтов, предприятий и строительных организаций о сохранении в проектных институтах отделов строительного проектирования, о сохранении академий строительства и архитектуры СССР и УССР и перестройке их работы, о неудовлетворительном обеспечении деревообрабатывающей и лесозаготовительной промышленности современным высокопроизводительным оборудованием, об улучшении научно-исследовательской и проектной работы, повышении технического уровня строительства и др. вопросам повышения роли проектных и научно- исследовательских институтов в вопросах внедрения новой техники в строительство со справками отделов ЦК КПСС.	РГАНИ. Ф. 5. Оп. 41. Д. 169.	Рассекречено в 2018 году	Аппарат ЦК КПСС (1935–1991)
01.05.1963 г. – 31.12.1963 г.	Проект постановления Совета Министров СССР, письма местных партийных органов, центральных ведомств, АН СССР, министерств и предприятий об усилении строительства Западной водопроводной станции г. Москвы, туберкулезного санатория в Можайском районе Московской области, о теплофикации г. Петропавловска-Камчатского, о нецелесообразности строительства объектов промышленности, проектных организаций, высших и средних учебных заведений в г. Москве и необходимости отменить в связи с этим некоторые постановления правительства и др. вопросам ускорения капитального строительства со справками Отделов ЦК КПСС.	РГАНИ. Ф. 5. Оп. 41. Д. 220.	Рассекречено в 2018 году	Аппарат ЦК КПСС (1935–1991)
01.01.1965 г. – 31.03.1966 г.	Проекты постановлений Бюро ЦК КПСС по РСФСР, Совета Министров СССР, записка отделов ЦК КПСС, письма местных партийных органов, центральных ведомств, министерств и строительных организаций о ходе выполнения постановления партии и правительства о создании Братского промышленного узла, об усилении строительства цеха холодной прокатки труб на Челябинском трубопрокатном заводе, объектов на Подольском машзаводе, в совхозе «Оренбургский», объекта № 516, корпуса Куйбышевского подшипникового завода, очистных сооружений на предприятиях Челябинской области, элеваторов, зерноскладов, зерносушилок на хлебоприемных пунктах РСФСР и др. вопросам ускорения капитального строительства со справками Отделов ЦК КПСС.	РГАНИ. Ф. 5. Оп. 41. Д. 245.	Рассекречено в 2018 году	Аппарат ЦК КПСС (1935–1991)
01.04.1954 г. – 31.12.1954 г.	Постановления и выписки из постановлений, проект Указа Президиума Верховного Совета СССР, записки, письма, информации местных партийных органов, министерств и ведомств о состоянии и мерах по подготовке руководящих кадров для флота и улучшению работы с ними; о структуре и профиле работы Центрального научно-исследовательского института морского флота; об опыте работы по повышению скорости судов; о недостатках в конструкции крупных морских танкеров; о правилах поведения советского моряка за границей; об американском военном самолете, обнаруженном во льдах советской Арктики, и о некоторых других происшествиях на флоте со справками Отдела транспорта и связи ЦК КПСС.	РГАНИ. Ф. 5. Оп. 42. Д. 9.	Рассекречено в 2018 году	Аппарат ЦК КПСС (1935–1991)
01.02.1958 г. – 31.03.1959 г.	Записки, письма, информации отделов ЦК КПСС, местных партийных органов, министерств, ведомств и отдельных лиц о работе с кадрами в Мурманском арктическом, Дальневосточном морском пароходствах и угольных рудниках треста «Арктикуголь» на о. Шпицбергене; о развитии Архангельского мореходного училища; о нормах бронирования военнообязанных работников морского флота; о валютном законодательстве и правилах поведения советских моряков за границей; о некоторых чрезвычайных происшествиях на судах загранплавания, Северного флота, в полярной авиации и др. вопросам со справками Отделов ЦК КПСС.	РГАНИ. Ф. 5. Оп. 42. Д. 76.	Рассекречено в 2018 году	Аппарат ЦК КПСС (1935–1991)
01.05.1962 г. – 31.10.1962 г.	Проект постановления ЦК КПСС и Совета Министров СССР о развитии общегосударственных средств связи радиовещания и телевидения; записки, письма местных партийных и советских органов, министерств, руководителей предприятий о перестройке системы распространения печати в стране; о развитии производственно-технической и экспериментальной базы НИИ-100 Министерства связи СССР; о дальнейшем совершенствовании управления органами связи; об установлении проводной связи Камчатки с Москвой и прокладке в связи с этим кабеля через Охотское море; о передаче колхозных и совхозных узлов в ведение местных органов Министерства связи СССР и другим вопросам со справками Отдела транспорта и связи ЦК КПСС.	РГАНИ. Ф. 5. Оп. 42. Д. 139.	Рассекречено в 2018 году	Аппарат ЦК КПСС (1935–1991)
01.03.1957 г. – 30.04.1958 г.	Справки, информации МИД СССР, записи бесед сотрудников Посольств СССР в Чехословакии с руководящими партийными и государственными работниками о положении в Коммунистической партии Чехословакии, о мероприятиях по дальнейшему укреплению связей между КПЧ и КПСС, о недостатках в работе отдельных министерств, положении в судебных органах Чехословакии и мерах по перестройке их работы, о новой системе подготовки кадров молодых рабочих в Чехословакии, о ходе коллективизации сельского хозяйства, деятельности в Чехословакии дипломатических представительств капиталистических стран, состоянии молодежного движения в стране, деятельности римско-католической церкви в Чехословакии, о чехословацко-испанских торговых переговорах, о подрывной деятельности «Свободной Европы» против Чехословацкой Республики и др.	РГАНИ. Ф. 5. Оп. 49. Д. 12.	Рассекречено в 2018 году	Аппарат ЦК КПСС (1935–1991)
01.01.1959 г. – 30.11.1959 г.	Информационные материалы МИД СССР об откликах населения ГДР на пребывание Н.С. Хрущева в ГДР и США, о предложениях правительства СССР по германскому вопросу, о созыве совещания министров иностранных дел в Женеве с участием делегаций ГДР и ФРГ.	РГАНИ. Ф. 5. Оп. 49. Д. 183.	Рассекречено в 2018 году	Аппарат ЦК КПСС (1935–1991)
01.01.1959 г. – 31.03.1960 г.	Записки, справки, информации, письма отделов ЦК КПСС, местных парторганов, министерств и ведомств, советских общественных организаций о развитии народного просвещения и искусства в КНР, культурном и научном сотрудничестве СССР и КНР в 1958-1959 гг., культурных связях КНР с другими странами, о работе Общества советско-китайской дружбы, об обмене между СССР и КНР делегациями представителей общественных организаций, деятелей науки, культуры и искусства в 1959г.	РГАНИ. Ф. 5. Оп. 49. Д. 237.	Рассекречено в 2018 году	Аппарат ЦК КПСС (1935–1991)
01.07.1959 г. – 31.03.1960 г.	Справки, информации Государственного Комитета Совмина СССР по внешним экономическим связям и МИД СССР о современном экономическом положении КНР, о мероприятиях ЦК КПК и правительства КНР по повышению уровня материальной жизни трудящихся КНР.	РГАНИ. Ф. 5. Оп. 49. Д. 243.	Рассекречено в 2018 году	Аппарат ЦК КПСС (1935–1991)
01.01.1960 г. – 30.04.1961 г.	План работы Отдела на 1960г., записки, справки, информации, письма отделов ЦК КПСС, министерств, комитетов и др. ведомств СССР, Института марксизма-ленинизма при ЦК КПСС редакции газеты «Правда» об итогах Международного совещания представителей социалистических стран Европы по вопросам развития сельского хозяйства, о работе посольства СССР в МНР, порядке использования архивных документов Коминтерна в научных работах, об участии представителей СССР в Международной организации по стандартизации, о ходе выполнения 12-летниго плана развития сельского хозяйства КНР, освещении в советской печати материалов о досрочном выполнении второго пятилетнего плана развития народного хозяйства КНР, о деятельности китайских дипломатов в СССР и др. странах, о выступлениях албанской печати по поводу Совещания представителей коммунистических и рабочих партий в г. Москве в ноябре 1960г. и албано-югославских отношений, о присутствии дипкорпуса на процессе над Пауэрсом в г. Москве, командировании работников Отдела в зарубежные страны. Приветственные телеграммы в адрес ЦК КПСС от ЦК МНРП и Совета Министров МНР, общественности ГДР, трудящихся НРА, участников встречи городов в г. Дрездене.	РГАНИ. Ф. 5. Оп. 49. Д. 264.	Рассекречено в 2018 году	Аппарат ЦК КПСС (1935–1991)
01.01.1964 г. – 31.12.1964 г.	Записка Секретариата СЭВ и КГБ при Совмине СССР об утверждении Инструкции по обеспечению сохранения секретности в работе органов СЭВ и перечне сведений, подлежащих засекречиванию; справка научно-исследовательского института Госплана СССР «Некоторые методологические вопросы сравнения национальных доходов разных стран».	РГАНИ. Ф. 5. Оп. 49. Д. 914.	Рассекречено в 2018 году	Аппарат ЦК КПСС (1935–1991)
01.06.1965 г. – 31.12.1965 г.	Записка т. Капитонова И.В. «О проведенных мероприятиях в поддержку освободительной борьбы вьетнамского народа». Записка Отдела информации ЦК КПСС в связи с опубликованием 11 ноября 1965 г. в «Жаньминь кибао» и «Хунци» антисоветской статьи и план публикаций АПН в печати зарубежных стран комментариев к этой статье. Информации, записи бесед и другие материалы АПН, посольств СССР, Академии наук СССР о нашей пропаганде в связи с раскольнической антисоветской деятельностью руководства КПК; об издании советской литературы на вьетнамском языке; о поездке советских туристов в Китай и другим вопросам.	РГАНИ. Ф. 5. Оп. 51. Д. 7.	Рассекречено в 2018 году	Аппарат ЦК КПСС (1935–1991)
01.03.1965 г. – 31.01.1966 г.	Отчет посольства СССР в ГДР за 1965 год; Обзор посольства СССР в ПНР о развитии экономики Польской Народной Республики за 1964 год.	РГАНИ. Ф. 5. Оп. 51. Д. 10.	Рассекречено в 2018 году	Аппарат ЦК КПСС (1935–1991)
01.01.1966 г. – 30.04.1966 г.	Информационные материалы посольств СССР в Чехословакии и Польше, о развитии чехословацко-советского сотрудничества в области науки и культуры; о сотрудничестве между журналистами СССР и ПНР; об усилении информационно-пропагандистской работы на Польшу; о реализации результатов встречи в Москве представителей Идеологических отделов ЦК КПСС и ЦК КПЧ (26.11.1966 г.), записи бесед с секретарем ЦК КП Словакии т. Биляком, с заведующим отделом культуры МИД ЧССР т. Краусом; о сотрудничестве в области радиовещания между СССР и ЧССР и др. вопросам.	РГАНИ. Ф. 5. Оп. 51. Д. 18.	Рассекречено в 2018 году	Аппарат ЦК КПСС (1935–1991)
01.01.1966 г. – 30.04.1966 г.	Записки, информации и другие материалы Министерства иностранных дел СССР, АПН, посольств СССР о реакции в Индонезии на статью «Правды» от 26.XII.1965 г.; о формах местной и западной пропаганды в Марокко; о работе АПН по усилению пропаганды в Колумбии; об идеологической и пропагандистской работе посольства СССР в Индонезии; о положении в Ираке; о пребывании в СССР туристских групп и другим вопросам.	РГАНИ. Ф. 5. Оп. 51. Д. 21.	Рассекречено в 2018 году	Аппарат ЦК КПСС (1935–1991)
01.01.1966 г. – 30.04.1966 г.	Записки, информации и другие материалы Министерства иностранных дел СССР, АПН, Академии наук СССР, посольств СССР о деятельности АПН в Японии; о пропаганде на США; о сотрудничестве АПН с Социалистической партией Японии, информационными агентствами и издательством «Кобунся»; о пропагандистской деятельности КНР на Японию, страны Азии и Африки и другим вопросам.	РГАНИ. Ф. 5. Оп. 51. Д. 23.	Рассекречено в 2018 году	Аппарат ЦК КПСС (1935–1991)
1976 г.	0000-0-ПЗ. Долговременные орбитальные станции ДОС 7 КМ №№ 7 и 8. Пояснительная записка. Часть двенадцатая. Радиационная и метеорная безопасность 27 км.	РГАНТД. Ф. 4. Оп. 10н-сс. Д. 55.	Рассекречено в 2018 году	Институт медико-биологических проблем (ИМБП) Министерства здравоохранения СССР
1986 г.	Отчет «Возникновение и развитие свободнорадикальных процессов поражения органов и тканей при огнестрельных ранениях».	РГАНТД. Ф. 291. Оп. 2-1. Д. 17.	Рассекречено в 2018 году	Центральный ордена Трудового Красного Знамени научно-исследовательский институт травматологии и ортопедии им. Н.И. Приорова (ЦИТО) Министерства здравоохранения СССР
1987 г.	Заключительный отчет «Медико-биологическая оценка результатов опытных артиллерийских стрельб РСЗО «Ураган» 220-мм реактивными снарядами 9М51 с боевой частью 9Н515 и реактивными снарядами 9М27Ф».	РГАНТД. Ф. 291. Оп. 2-1. Д. 18.	Рассекречено в 2018 году	Центральный ордена Трудового Красного Знамени научно-исследовательский институт травматологии и ортопедии им. Н.И. Приорова (ЦИТО) Министерства здравоохранения СССР
1987 г.	Отчет «Научные обоснования организации деятельности НИИ травматологического профиля в военное время».	РГАНТД. Ф. 291. Оп. 2-1. Д. 19.	Рассекречено в 2018 году	Центральный ордена Трудового Красного Знамени научно-исследовательский институт травматологии и ортопедии им. Н.И. Приорова (ЦИТО) Министерства здравоохранения СССР
1987 г.	Диссертация на соискание ученой степени доктора медицинских наук Назаренко Герасима Игоревича «Теоретические и прикладные аспекты проблемы прогнозирования тяжести и исходов шока при тяжелых механических повреждениях».	РГАНТД. Ф. 291. Оп. 2-1. Д. 20.	Рассекречено в 2018 году	Центральный ордена Трудового Красного Знамени научно-исследовательский институт травматологии и ортопедии им. Н.И. Приорова (ЦИТО) Министерства здравоохранения СССР
1988 г.	Тема «Поражающее действие боеприпасов стрелкового оружия». Методика проведения экспериментальных исследований взаимодействия поражающих элементов патронов стрелкового оружия с мишенями-имитаторами». Инв.301.	РГАНТД. Ф. 291. Оп. 2-1. Д. 21.	Рассекречено в 2018 году	Центральный ордена Трудового Красного Знамени научно-исследовательский институт травматологии и ортопедии им. Н.И. Приорова (ЦИТО) Министерства здравоохранения СССР
1988 г.	Методика определения потери энергии пули в преграде (приложение к инв.301). Ксерокопия.	РГАНТД. Ф. 291. Оп. 2-1. Д. 22.	Рассекречено в 2018 году	Центральный ордена Трудового Красного Знамени научно-исследовательский институт травматологии и ортопедии им. Н.И. Приорова (ЦИТО) Министерства здравоохранения СССР
1988 г.	Методика выполнения измерений давления в мишенях-имитаторах (приложение к инв.301). Ксерокопия.	РГАНТД. Ф. 291. Оп. 2-1. Д. 23.	Рассекречено в 2018 году	Центральный ордена Трудового Красного Знамени научно-исследовательский институт травматологии и ортопедии им. Н.И. Приорова (ЦИТО) Министерства здравоохранения СССР
21.04.1986 г. – 09.07.1986 г.	Приказы №№ 53с, 228с, 229с, 250с, 256с ЦИТО по основной деятельности за 1986 г.	РГАНТД. Ф. 291. Оп. 3-6. Д. 94.	Рассекречено в 2018 году	Центральный ордена Трудового Красного Знамени научно-исследовательский институт травматологии и ортопедии им. Н.И. Приорова (ЦИТО) Министерства здравоохранения СССР
12.03.1986 г. – 09.10.1986 г.	Протоколы заседаний проблемной комиссии союзного значения №2 и документы (доклады, письма и др.) к ним за 1986 г.	РГАНТД. Ф. 291. Оп. 3-6. Д. 95.	Рассекречено в 2018 году	Центральный ордена Трудового Красного Знамени научно-исследовательский институт травматологии и ортопедии им. Н.И. Приорова (ЦИТО) Министерства здравоохранения СССР
05.05.1986 г. – 19.05.1986 г.	Протоколы заседаний проблемной комиссии №7 ЦИТО за 1986 г.	РГАНТД. Ф. 291. Оп. 3-6. Д. 96.	Рассекречено в 2018 году	Центральный ордена Трудового Красного Знамени научно-исследовательский институт травматологии и ортопедии им. Н.И. Приорова (ЦИТО) Министерства здравоохранения СССР
24.01.1986 г. – 04.11.1986 г.	Документы Спецсовета ЦИТО по защите диссертаций на соискание ученой степени доктора наук (приказ ВАК при СМ СССР, выписка из протокола заседаний проблемной комиссии № 7, списки, письма) за 1986 г.	РГАНТД. Ф. 291. Оп. 3-6. Д. 97.	Рассекречено в 2018 году	Центральный ордена Трудового Красного Знамени научно-исследовательский институт травматологии и ортопедии им. Н.И. Приорова (ЦИТО) Министерства здравоохранения СССР
1986 г.	План НИР по проблеме № 2 «Травмы военного времени» на 1986–1987 гг.	РГАНТД. Ф. 291. Оп. 3-6. Д. 98.	Рассекречено в 2018 году	Центральный ордена Трудового Красного Знамени научно-исследовательский институт травматологии и ортопедии им. Н.И. Приорова (ЦИТО) Министерства здравоохранения СССР
1986 г.	Отчет о выполнении плана НИР по проблеме № 2 «Травмы военного времени» в области медицинской защиты войск и населения при применении ядерного оружия за 1986 г.	РГАНТД. Ф. 291. Оп. 3-6. Д. 99.	Рассекречено в 2018 году	Центральный ордена Трудового Красного Знамени научно-исследовательский институт травматологии и ортопедии им. Н.И. Приорова (ЦИТО) Министерства здравоохранения СССР
27.03.1986 г. – 10.12.1986 г.	Документы (планы, отчеты, справки) Межведомственного координационного совета по комплексной программе «Физико-химические и медико-биологические основы боевой травмы» за 1986 г.	РГАНТД. Ф. 291. Оп. 3-6. Д. 100.	Рассекречено в 2018 году	Центральный ордена Трудового Красного Знамени научно-исследовательский институт травматологии и ортопедии им. Н.И. Приорова (ЦИТО) Министерства здравоохранения СССР
13.01.1987 г. – 06.10.1987 г.	Приказы №№ 13с, 198с, 278с ЦИТО по основной деятельности за 1987 г.	РГАНТД. Ф. 291. Оп. 3-6. Д. 101.	Рассекречено в 2018 году	Центральный ордена Трудового Красного Знамени научно-исследовательский институт травматологии и ортопедии им. Н.И. Приорова (ЦИТО) Министерства здравоохранения СССР
18.03.1987 г. – 23.09.1987 г.	Протоколы заседаний проблемной комиссии союзного значения № 2 и документы (доклады, решения и др.) к ним за 1987 г.	РГАНТД. Ф. 291. Оп. 3-6. Д. 102.	Рассекречено в 2018 году	Центральный ордена Трудового Красного Знамени научно-исследовательский институт травматологии и ортопедии им. Н.И. Приорова (ЦИТО) Министерства здравоохранения СССР
17.04.1987 г. – 19.11.1987 г.	Протоколы заседаний проблемной комиссии № 7 ЦИТО и документы (протокол совместного заседания проблемной комиссии № 7 ЦИТО и проблемной комиссии № 4 Ленинградского НИИ скорой помощи им. И.И. Джанелидзе, аннотированные отчеты, заключения и др.) к ним за 1987 г.	РГАНТД. Ф. 291. Оп. 3-6. Д. 103.	Рассекречено в 2018 году	Центральный ордена Трудового Красного Знамени научно-исследовательский институт травматологии и ортопедии им. Н.И. Приорова (ЦИТО) Министерства здравоохранения СССР
26.03.1987 г. – 26.07.1987 г.	Протоколы Спецсовета ЦИТО по защите диссертаций и документы (отчеты, отзывы, рецензии, заключения, списки и др.) к ним за 1987 г.	РГАНТД. Ф. 291. Оп. 3-6. Д. 104.	Рассекречено в 2018 году	Центральный ордена Трудового Красного Знамени научно-исследовательский институт травматологии и ортопедии им. Н.И. Приорова (ЦИТО) Министерства здравоохранения СССР
1987 г.	Отчет о выполнении плана НИР по проблеме № 2 «Травмы военного времени» в области медицинской защиты войск и населения при применении ядерного оружия за 1987 г.	РГАНТД. Ф. 291. Оп. 3-6. Д. 105.	Рассекречено в 2018 году	Центральный ордена Трудового Красного Знамени научно-исследовательский институт травматологии и ортопедии им. Н.И. Приорова (ЦИТО) Министерства здравоохранения СССР
1987 г.	Документы (планы, технические задания, отчеты, письма и др.) Межведомственного координационного совета по комплексной программе «Физико-химические и медико-биологические основы боевой травмы» за 1987 г.	РГАНТД. Ф. 291. Оп. 3-6. Д. 106.	Рассекречено в 2018 году	Центральный ордена Трудового Красного Знамени научно-исследовательский институт травматологии и ортопедии им. Н.И. Приорова (ЦИТО) Министерства здравоохранения СССР
27.03.1988 г. – 12.10.1988 г.	Протоколы заседаний проблемной комиссии союзного значения № 2 и документы (положения, списки и др.) к ним за 1988 г.	РГАНТД. Ф. 291. Оп. 3-6. Д. 107.	Рассекречено в 2018 году	Центральный ордена Трудового Красного Знамени научно-исследовательский институт травматологии и ортопедии им. Н.И. Приорова (ЦИТО) Министерства здравоохранения СССР
21.06.1988 г. – 14.11.1988 г.	Протоколы заседаний проблемной комиссии № 6 ЦИТО и документы (списки, планы и др.) к ним за 1988 г.	РГАНТД. Ф. 291. Оп. 3-6. Д. 108.	Рассекречено в 2018 году	Центральный ордена Трудового Красного Знамени научно-исследовательский институт травматологии и ортопедии им. Н.И. Приорова (ЦИТО) Министерства здравоохранения СССР
29.01.1988 г. – 29.12.1988 г.	Протоколы заседаний спецсовета ЦИТО и документы (отзывы, отчеты и др.) к ним за 1988 г.	РГАНТД. Ф. 291. Оп. 3-6. Д. 109.	Рассекречено в 2018 году	Центральный ордена Трудового Красного Знамени научно-исследовательский институт травматологии и ортопедии им. Н.И. Приорова (ЦИТО) Министерства здравоохранения СССР
1988 г.	Отчет о выполнении плана НИР по проблеме № 2 «Травмы военного времени» в области медицинской защиты войск и населения при применении ядерного оружия за 1988 г.	РГАНТД. Ф. 291. Оп. 3-6. Д. 110.	Рассекречено в 2018 году	Центральный ордена Трудового Красного Знамени научно-исследовательский институт травматологии и ортопедии им. Н.И. Приорова (ЦИТО) Министерства здравоохранения СССР
14.01.1988 г. – 02.03.1989 г.	Протокол от 02.03.1988 г. и документы (планы, отчеты, положения, технические задания, договоры, письма и др.) к нему Межведомственного координационного совета по комплексной программе «Физико-химические и медико-биологические основы боевой травмы» за 1988 г.	РГАНТД. Ф. 291. Оп. 3-6. Д. 111.	Рассекречено в 2018 году	Центральный ордена Трудового Красного Знамени научно-исследовательский институт травматологии и ортопедии им. Н.И. Приорова (ЦИТО) Министерства здравоохранения СССР
29.05.1948 г. – 27.01.1949 г.	Проект постановления ЦК ВКП(б), записки, письма, справки местных партийных органов, управлений Министерства вооруженных сил, Главного политуправления, ведомств, отдельных лиц с заключениями сектора сухопутных войск: о награждении советских военнослужащих венгерскими орденами, о материальном положении советских офицеров, находящихся в Войске Польском, о результатах проверки кадров Главного военно-медицинского управления, о структуре и штатах ДОСАРМа, о проведении выборов руководящих органов этого обществ, о призыве в армию местного населения северных районов Хабаровского края, о неправильном отношении Курганского обкома ВКП(б) к призыву трактористов	РГАСПИ. Ф. 17. Оп. 136. Д. 3.	Рассекречено в 2018 году	ЦК КПСС
12.05.1948 г. – 16.09.1948 г.	Записки, письма, справки управлений Министерства вооруженных сил СССР, местных партийных органов с заключениями сектора сухопутных войск: о передаче Дома офицеров в ведение Муромского горисполкома, о сокращении количества военно-почтовых учреждений, о расхищении государственной собственности в Северной группе войск, о недостатках в работе военных представительств на заводах, о разминировании территории Калужской области	РГАСПИ. Ф. 17. Оп. 136. Д. 4.	Рассекречено в 2018 году	ЦК КПСС
04.09.1948 г. – 12.10.1948 г.	Списки работников Главного управления Командующего артиллерией вооруженных сил, бронетанковых и механизированных войск, работников военных округов, входящих в номенклатуру ЦК ВКП(б), с заключениями сектора сухопутных войск	РГАСПИ. Ф. 17. Оп. 136. Д. 9.	Рассекречено в 2018 году	ЦК КПСС
30.11.1949 г. – 25.03.1950 г.	Записка Административного отдела ЦК ВКП(б) о результатах проверки заявления о недостатках в работе органов суда и прокуратуры Северо-Осетинской АССР и материалы проверки. Том 1.	РГАСПИ. Ф. 17. Оп. 136. Д. 178.	Рассекречено в 2018 году	ЦК КПСС
02.06.1949 г. – 09.01.1950 г.	Материалы проверки работы органов суда и прокуратуры Северо-Осетинской АССР. Том 2.	РГАСПИ. Ф. 17. Оп. 136. Д. 179.	Рассекречено в 2018 году	ЦК КПСС
02.01.1951 г. – 30.10.1952 г.	Записки, письма, справки Военного министерства СССР, Командования и Военного совета бронетанковых и механизированных войск Советской Армии, управления кадров этих войск, Главного автотракторного управления, войсковых частей, отдельных лиц с заключениями сектора сухопутных войск: об агрегатном методе ремонта танков и бронемашин, о результатах проверки технического состояния танков одной базы, о выполнении постановления правительства об устранении конструктивных недостатков танков ИС-3, о воспитательной работе в некоторых войсковых частях, о нарушениях дисциплины отдельными офицерами	РГАСПИ. Ф. 17. Оп. 136. Д. 221.	Рассекречено в 2018 году	ЦК КПСС
06.02.1951 г. – 27.05.1952 г.	Записки, письма, справки, военных округов, войсковых частей, отдельных лиц с заключениями сектора сухопутных войск: о планах работы Управления кадров артиллерии, об улучшении службы связи в артиллерийских частях, о нарушении порядка секретного делопроизводства, о недостатках в работе некоторых командиров и др.	РГАСПИ. Ф. 17. Оп. 136. Д. 222.	Рассекречено в 2018 году	ЦК КПСС
04.05.1951 г. – 08.10.1951 г.	Материалы Главного политуправления Советской Армии, политуправления, военного совета Забайкальского военного округа, архива Военного министерства СССР, местных партийных органов с заключением сектора сухопутных войск о неправильном поведении генерал-майора Миллерова Б.С., бывшего зам. командира кавалерийской дивизии, со справками Административного отдела ЦК ВКП(б).	РГАСПИ. Ф. 17. Оп. 136. Д. 226.	Рассекречено в 2018 году	ЦК КПСС
26.01.1951 г. – 03.11.1952 г.	Записки, письма, телеграммы, справки местных партийных органов, Военного министерства СССР и его управлений, отдельных лиц с заключениями сектора сухопутных войск по различным вопросам жизни военных округов: Дальневосточного, Ленинградского, Московского, Западно-Сибирского, Одесского, Прикарпатского, Приморского, Туркестанского, Уральского. Среди них материалы: о результатах инспектирования войск Одесского военного округа, о недостатках в трудоустройстве офицеров, находящихся в запасе и отставке, об улучшении партийно-политической работы и бытового обслуживания в одной из воинских частей, о неудовлетворительной постановке воспитательной работы среди детей военнослужащих в одном из гарнизонов, о льготах для офицеров, проходящих службу на Дальнем Востоке, о злоупотреблении служебным положением и неправильном поведении некоторых офицеров	РГАСПИ. Ф. 17. Оп. 136. Д. 227.	Рассекречено в 2018 году	ЦК КПСС
17.05.1952 г. – 09.02.1953 г.	Главного политического управления Советской Армии, Военного министерства СССР, войсковых частей, учреждений, отдельных лиц с заключениями сектора кадров сухопутных войск: о выполнении постановления ЦК ВКП(б) о введении в Советской Армии института заместителей по политчасти командиров рот, батарей, эскадрилий и эскадронов, о недостатках в работе Главного политического управления, о партийных отчетно-выборных собраниях и конференциях в Советской Армии, о тематике лекций и докладов для личного состава Армии, о семинарах по вопросам партийно-политической работы, о взятии на временный учет в Польской объединённой рабочей партии коммунистов – советских военнослужащих, находящихся на службе в Войске Польском, о введении нового «Положения о политорганах Советской Армии», о недостатках в работе Центрального дома Советской Армии, о критике в парторганизациях Главного оргуправления Генштаба, о непартийном поведении некоторых генералов и офицеров	РГАСПИ. Ф. 17. Оп. 136. Д. 342.	Рассекречено в 2018 году	ЦК КПСС
04.01.1952 г. – 14.01.1953 г.	Записки, письма, справки Военного министерства СССР, Главного командования, Военного Совета, управлений и отделов ВВС, отдельных лиц с заключениями сектора кадров военно-воздушных сил: о реорганизации структуры органов тыла, инженерно-аэродромной службы, Центрального управления капитального аэродромного строительства, службы земного обеспечения самолетовождения, о недостатках в работе финансового управления, о военных учебных фильмах для передачи странам народной демократии, о недостатках в книге «Боевые действия военно-воздушных сил Советской Армии в Берлинской операции», о памятнике на могиле погибшего экипажа самолета в г. Чите, о заявлении генерала Шемухина П.С., о неправильном поведении некоторых офицеров и генералов	РГАСПИ. Ф. 17. Оп. 136. Д. 368.	Рассекречено в 2018 году	ЦК КПСС
17.05.1952 г. – 23.10.1953 г.	Записки, письма, телеграммы, справки Военного министерства СССР, его управлений, Командования и Военного совета Дальней авиации, войсковых соединений и частей, отдельных лиц с заключениями сектора кадров военно-воздушных сил: о нарушении порядка подбора кадров в управлении кадров Дальней авиации, о недостатках в работе медицинской службы, о неудовлетворительном культурно-бытовом обслуживании Сещинского авиагарнизона, о пересмотре порядка заказов на запасные части к самолетам и моторам, о внесении изменений в положение о премировании работников хозрасчетных предприятий Дальней авиации, об отмене выплаты вознаграждения летному составу за полеты в сложных метеорологических условиях, о подсобном хозяйстве авиатехнического батальона и др.	РГАСПИ. Ф. 17. Оп. 136. Д. 370.	Рассекречено в 2018 году	ЦК КПСС
28.01.1952 г. – 11.08.1953 г.	Записки, письма, телеграммы, справки Военно-Морского министерства СССР, его управлений, Главного политического управления, войсковых частей, отдельных лиц с заключениями сектора кадров военно-морских сил о работе Северного и Черноморского флотов. Среди них материалы: об усилении химической службы флота, о летнем отдыхе детей военнослужащих, о предоставлении офицерскому составу дополнительно времени для следования к месту отдыха и обратно, о недостатках в работе артиллерийского ремонтного завода № 195, артиллерийского арсенала № 14, о неправильном поведении начальника контрразведки флота, о состоянии боевой подготовки на эсминце «Безудержный» и др.	РГАСПИ. Ф. 17. Оп. 136. Д. 387.	Рассекречено в 2018 году	ЦК КПСС
12.01.1952 г. – 09.03.1953 г.	Записки, письма, телеграммы, справки МВД СССР, его управлений и отделов, войсковых частей, отдельных лиц с заключениями сектора кадров органов МВД: о работе военно-строительных частей, улучшении их жилищных условий и культурно-бытового обслуживания, о неправильном использовании самолетов в Амурской экспедиции Желдорпроекта, о результатах рассмотрения заявлений о восстановлении на работу и др.	РГАСПИ. Ф. 17. Оп. 136. Д. 421.	Рассекречено в 2018 году	ЦК КПСС
08.02.1952 г. – 07.04.1953 г.	Записки, письма, справки местных партийных органов, МВД СССР, его управлений, отдельных лиц с заключениями сектора кадров органов МВД, о стройках МВД. Среди них материалы: о недостатках в работе на строительствах №№ 514 и 565, о строительстве угольной шахты, об укреплении кадрами специалистов «Башспецнефтестроя» и строительства № 18, о нарушении социалистической законности на строительстве № 506, о расформировании строительства № 560, о сооружении моста через реку Припять, о результатах рассмотрения заявлений о восстановлении на работу и др.	РГАСПИ. Ф. 17. Оп. 136. Д. 424.	Рассекречено в 2018 году	ЦК КПСС
12.01.1952 г. – 07.04.1953 г.	Записки, письма, телеграммы, справки местных партийных органов, справки МВД СССР, его управлений и строек, отдельных лиц с заключениями сектора кадров органов МВД о стройках и промышленных предприятиях МВД. Среди них материалы: о состоянии строительства и политической работе на строительстве комбината № 16 Главспецнефтестроя, о производственно-хозяйственной деятельности управления строительства № 3 Гушосдора, о плохом использовании механизмов на строительстве Сорского комбината, о работе политотдела «Енисейстроя», о недостатках в работе Тучковского комбината строительства № 560 и Норильского комбината, о невыполнении плана строительством Шекснагидрострой и др.	РГАСПИ. Ф. 17. Оп. 136. Д. 425.	Рассекречено в 2018 году	ЦК КПСС
14.01.1952 г. – 27.10.1953 г.	Записки, письма, телеграммы, справки Верховного суда СССР, его Военной коллегии, отдельных лиц с заключениями сектора органов юстиции и Верховного суда СССР: о проекте постановления пленума Верховного суда СССР «Об устранении фактов формализма и волокиты в деятельности суда», об усилении уголовной ответственности за умышленное убийство, о некоторых членах Верховного суда СССР, о пересмотре судебных решений и др.	РГАСПИ. Ф. 17. Оп. 136. Д. 440.	Рассекречено в 2018 году	ЦК КПСС
09.04.1952 г. – 22.10.1952 г.	Записки, справки местных партийных органов, министерств юстиции СССР и РСФСР, Верховного суда РСФСР, областных управлений юстиции, отдельных лиц с заключениями сектора органов юстиции и Верховного суда СССР о деятельности органов юстиции РСФСР: о республиканском совещании работников юстиции, о результатах изучения судебной практики по делам хищений колхозной собственности и нарушителей трудовой дисциплины, о недостатках в работе Министерства юстиции РСФСР, о введении дополнительной отчетности в работе судов, о недостатках в руководстве судебно-следственными органами Дагестанской АСР и др.	РГАСПИ. Ф. 17. Оп. 136. Д. 441.	Рассекречено в 2018 году	ЦК КПСС
20.12.1951 г. – 27.04.1953 г.	Записки, отчеты, письма, телеграммы, справки Министерства госконтроля СССР, министерств, ведомств, отдельных лиц с заключениями сектора органов юстиции и Верховного суда СССР: о работе с кадрами в Министерстве госконтроля СССР и Государственном арбитраже, об отборе работников для аппарата этого министерства, о недостатках в деятельности министерства и некоторых военных контроллеров, о взаимоотношениях между командованием войсками Дальневосточного военного округа и военным контроллером, о недостатках в медицинском обслуживании дома инвалидов на острове Валаам, о восстановлении на работе и др.	РГАСПИ. Ф. 17. Оп. 136. Д. 446.	Рассекречено в 2018 году	ЦК КПСС
14.03.1959 г. – 28.11.1959 г.	Приказы Госплана СССР за 1959 г. по вопросам деятельности Главспецуправления при Госплане СССР.	РГАЭ. Ф. 4372. Оп. 78. Д. 9.	Рассекречено в 2018 году	Госплан СССР
13.01.1959 г. – 30.12.1959 г.	Переписка с Советом Министров СССР, Госпланом СССР, Минсредмашем и др. по обеспечению строительства атомных электростанций, атомных реакторов и др. оборудованием и материалами и др.	РГАЭ. Ф. 4372. Оп. 78. Д. 10.	Рассекречено в 2018 году	Госплан СССР
30.12.1959 г. – 30.06.1960 г.	Поручения ЦК КПСС, Совета Министров СССР и Госплана СССР по обеспечению строительства атомных электростанций, атомных реакторов и ускорителей, заключения Главспецуправления при Госплане СССР по ним и др.	РГАЭ. Ф. 4372. Оп. 78. Д. 21.	Рассекречено в 2018 году	Госплан СССР
06.01.1960 г. – 11.04.1960 г.	Поручения Совета Министров СССР и руководства Госплана СССР по производству и поставкам приборов для атомных электростанций, атомных реакторов и ускорителей.	РГАЭ. Ф. 4372. Оп. 78. Д. 26.	Рассекречено в 2018 году	Госплан СССР
01.02.1946 г. – 01.12.1947 г.	Месячные сводки о движении, наличии и смертности военнопленных японцев в лагерях, т.15	РГВА. Ф. 1/П. Оп. 01е. Д. 61.	Рассекречено в 2018 году	Главное управление по делам военнопленных и интернированных НКВД–МВД СССР
01.02.1946 г. – 01.01.1947 г.	Месячные сводки о движении, наличии и смертности военнопленных японцев в спецгоспиталях, т.14	РГВА. Ф. 1/П. Оп. 01е. Д. 62.	Рассекречено в 2018 году	Главное управление по делам военнопленных и интернированных НКВД–МВД СССР
01.02.1947 г. – 01.01.1948 г.	Месячные сводки о движении и наличии военнопленных японцев в спецгоспиталях, т.12	РГВА. Ф. 1/П. Оп. 01е. Д. 66.	Рассекречено в 2018 году	Главное управление по делам военнопленных и интернированных НКВД–МВД СССР
01.01.1947 г. – 01.01.1949 г.	Месячные сводки о движении и наличии военнопленных бывших западных и японской армий в ОРБ МВС, т.2	РГВА. Ф. 1/П. Оп. 01е. Д. 67.	Рассекречено в 2018 году	Главное управление по делам военнопленных и интернированных НКВД–МВД СССР
01.02.1948 г. – 31.12.1948 г.	Месячные сводки о движении военнопленных японцев в лагерях МВД, т.1 8	РГВА. Ф. 1/П. Оп. 01е. Д. 73.	Рассекречено в 2018 году	Главное управление по делам военнопленных и интернированных НКВД–МВД СССР
01.02.1946 г. – 01.01.1947 г.	Месячные сводки о движении военнопленных японцев в спецгоспиталях, т. 20	РГВА. Ф. 1/П. Оп. 01е. Д. 75.	Рассекречено в 2018 году	Главное управление по делам военнопленных и интернированных НКВД–МВД СССР
01.01.1948 г. – 01.01.1948 г.	Сводка о смертности военнопленных японцев в спецгоспиталях за 1948г., т.14	РГВА. Ф. 1/П. Оп. 01е. Д. 77.	Рассекречено в 2018 году	Главное управление по делам военнопленных и интернированных НКВД–МВД СССР
01.01.1949 г. – 01.01.1950 г.	Месячные сводки о движении и наличии военнопленных японцев, т.2	РГВА. Ф. 1/П. Оп. 01е. Д. 83.	Рассекречено в 2018 году	Главное управление по делам военнопленных и интернированных НКВД–МВД СССР
15.01.1950 г. – 01.09.1950 г.	Справки о наличии военнопленных бывших западных и японской армий в лагерях и спецгоспиталях, т.1	РГВА. Ф. 1/П. Оп. 01е. Д. 88.	Рассекречено в 2018 году	Главное управление по делам военнопленных и интернированных НКВД–МВД СССР
15.09.1950 г. – 01.02.1951 г.	Справки о наличии военнопленных бывших западных и японской армий в лагерях и спецгоспиталях, т.2	РГВА. Ф. 1/П. Оп. 01е. Д. 89.	Рассекречено в 2018 году	Главное управление по делам военнопленных и интернированных НКВД–МВД СССР
01.01.1950 г. – 01.02.1951 г.	Месячные пятнадцатидневные сводки о наличии и движении военнопленных бывших западных и японской армий в лагерях МВД, т.7	РГВА. Ф. 1/П. Оп. 01е. Д. 93.	Рассекречено в 2018 году	Главное управление по делам военнопленных и интернированных НКВД–МВД СССР
01.01.1950 г. – 01.01.1951 г.	Месячные пятнадцатидневные сводки о наличии и движении военнопленных бывших западных и японской армий в спецгоспиталях, т.7	РГВА. Ф. 1/П. Оп. 01е. Д. 94.	Рассекречено в 2018 году	Главное управление по делам военнопленных и интернированных НКВД–МВД СССР
27.11.1946 г. – 31.12.1946 г.	С актами и списками на военнопленных и интернированных, переданных органами репатриации в лагерь № 381	РГВА. Ф. 1/П. Оп. 02е. Д. 101.	Рассекречено в 2018 году	Главное управление по делам военнопленных и интернированных НКВД–МВД СССР
27.12.1946 г. – 27.12.1947 г.	С актами и списками на военнопленных и интернированных, переданных органами репатриации в лагерь № 379	РГВА. Ф. 1/П. Оп. 02е. Д. 102.	Рассекречено в 2018 году	Главное управление по делам военнопленных и интернированных НКВД–МВД СССР
19.11.1946 г. – 04.01.1948 г.	С актами и списками на военнопленных и интернированных, переданных органами репатриации в лагерь № 382	РГВА. Ф. 1/П. Оп. 02е. Д. 105.	Рассекречено в 2018 году	Главное управление по делам военнопленных и интернированных НКВД–МВД СССР
17.05.1948 г. – 24.05.1948 г.	С актами и списками на военнопленных и интернированных, переданных органами репатриации в лагеря № 379, 380	РГВА. Ф. 1/П. Оп. 02е. Д. 326.	Рассекречено в 2018 году	Главное управление по делам военнопленных и интернированных НКВД–МВД СССР
26.04.1948 г. – 07.05.1948 г.	С актами и списками на военнопленных и интернированных, переданных органами репатриации в лагеря № 379, 380	РГВА. Ф. 1/П. Оп. 02е. Д. 327.	Рассекречено в 2018 году	Главное управление по делам военнопленных и интернированных НКВД–МВД СССР
07.05.1948 г. – 17.05.1948 г.	С актами и списками на военнопленных и интернированных, переданных органами репатриации в лагеря № 379, 380	РГВА. Ф. 1/П. Оп. 02е. Д. 328.	Рассекречено в 2018 году	Главное управление по делам военнопленных и интернированных НКВД–МВД СССР
06.05.1948 г. – 10.06.1948 г.	С актами и списками на военнопленных и интернированных, переданных органами репатриации в лагеря № 379, 380	РГВА. Ф. 1/П. Оп. 02е. Д. 329.	Рассекречено в 2018 году	Главное управление по делам военнопленных и интернированных НКВД–МВД СССР
06.05.1948 г. – 14.06.1948 г.	С актами и списками на военнопленных и интернированных, переданных органами репатриации в лагеря № 379, 380	РГВА. Ф. 1/П. Оп. 02е. Д. 330.	Рассекречено в 2018 году	Главное управление по делам военнопленных и интернированных НКВД–МВД СССР
23.05.1948 г. – 11.06.1948 г.	С актами и списками на военнопленных и интернированных, переданных органами репатриации в лагеря № 379, 380	РГВА. Ф. 1/П. Оп. 02е. Д. 331.	Рассекречено в 2018 году	Главное управление по делам военнопленных и интернированных НКВД–МВД СССР
12.06.1948 г. – 26.06.1948 г.	С актами и списками на военнопленных и интернированных, переданных органами репатриации в лагеря № 379, 380	РГВА. Ф. 1/П. Оп. 02е. Д. 332.	Рассекречено в 2018 году	Главное управление по делам военнопленных и интернированных НКВД–МВД СССР
25.05.1948 г. – 19.07.1948 г.	С актами и списками на военнопленных и интернированных, переданных органами репатриации в лагеря № 379, 380	РГВА. Ф. 1/П. Оп. 02е. Д. 333.	Рассекречено в 2018 году	Главное управление по делам военнопленных и интернированных НКВД–МВД СССР
05.05.1948 г. – 21.07.1948 г.	С актами и списками на военнопленных и интернированных, переданных органами репатриации в лагеря № 379, 380	РГВА. Ф. 1/П. Оп. 02е. Д. 334.	Рассекречено в 2018 году	Главное управление по делам военнопленных и интернированных НКВД–МВД СССР
17.05.1948 г. – 24.05.1948 г.	С актами и списками на военнопленных и интернированных, переданных органами репатриации в лагеря № 379, 380	РГВА. Ф. 1/П. Оп. 02е. Д. 335.	Рассекречено в 2018 году	Главное управление по делам военнопленных и интернированных НКВД–МВД СССР
06.05.1948 г. – 11.08.1948 г.	С актами и списками на военнопленных и интернированных, переданных органами репатриации в лагеря № 379, 380	РГВА. Ф. 1/П. Оп. 02е. Д. 336.	Рассекречено в 2018 году	Главное управление по делам военнопленных и интернированных НКВД–МВД СССР
30.08.1948 г. – 29.09.1948 г.	С актами и списками на военнопленных и интернированных, переданных органами репатриации в лагеря № 379, 380	РГВА. Ф. 1/П. Оп. 02е. Д. 337.	Рассекречено в 2018 году	Главное управление по делам военнопленных и интернированных НКВД–МВД СССР
12.08.1948 г. – 07.09.1948 г.	С актами и списками на военнопленных и интернированных, переданных органами репатриации в лагеря № 379, 380	РГВА. Ф. 1/П. Оп. 02е. Д. 338.	Рассекречено в 2018 году	Главное управление по делам военнопленных и интернированных НКВД–МВД СССР
15.05.1948 г. – 23.11.1948 г.	С актами и списками на военнопленных и интернированных, переданных органами репатриации в лагеря № 379, 380	РГВА. Ф. 1/П. Оп. 02е. Д. 339.	Рассекречено в 2018 году	Главное управление по делам военнопленных и интернированных НКВД–МВД СССР
09.09.1948 г. – 30.09.1948 г.	С актами и списками на военнопленных и интернированных, переданных органами репатриации в лагеря № 379, 380	РГВА. Ф. 1/П. Оп. 02е. Д. 340.	Рассекречено в 2018 году	Главное управление по делам военнопленных и интернированных НКВД–МВД СССР
04.10.1948 г. – 27.10.1948 г.	С актами и списками на военнопленных и интернированных, переданных органами репатриации в лагеря № 379, 380	РГВА. Ф. 1/П. Оп. 02е. Д. 341.	Рассекречено в 2018 году	Главное управление по делам военнопленных и интернированных НКВД–МВД СССР
07.09.1948 г. – 13.11.1948 г.	С актами и списками на военнопленных и интернированных, переданных органами репатриации в лагеря № 379, 380	РГВА. Ф. 1/П. Оп. 02е. Д. 342.	Рассекречено в 2018 году	Главное управление по делам военнопленных и интернированных НКВД–МВД СССР
29.09.1948 г. – 23.11.1948 г.	С актами и списками на военнопленных и интернированных, переданных органами репатриации в лагеря № 379, 380	РГВА. Ф. 1/П. Оп. 02е. Д. 343.	Рассекречено в 2018 году	Главное управление по делам военнопленных и интернированных НКВД–МВД СССР
30.09.1948 г. – 23.11.1948 г.	С актами и списками на военнопленных и интернированных, переданных органами репатриации в лагеря № 379, 380	РГВА. Ф. 1/П. Оп. 02е. Д. 344.	Рассекречено в 2018 году	Главное управление по делам военнопленных и интернированных НКВД–МВД СССР
16.11.1948 г. – 30.11.1948 г.	С актами и списками на военнопленных и интернированных, переданных органами репатриации в лагеря № 379, 380	РГВА. Ф. 1/П. Оп. 02е. Д. 345.	Рассекречено в 2018 году	Главное управление по делам военнопленных и интернированных НКВД–МВД СССР
23.10.1948 г. – 15.12.1948 г.	С актами и списками на военнопленных и интернированных, переданных органами репатриации в лагеря № 379, 380	РГВА. Ф. 1/П. Оп. 02е. Д. 346.	Рассекречено в 2018 году	Главное управление по делам военнопленных и интернированных НКВД–МВД СССР
20.10.1948 г. – 29.12.1948 г.	С актами и списками на военнопленных и интернированных, переданных органами репатриации в лагеря № 379, 380	РГВА. Ф. 1/П. Оп. 02е. Д. 347.	Рассекречено в 2018 году	Главное управление по делам военнопленных и интернированных НКВД–МВД СССР
27.09.1948 г. – 06.12.1948 г.	С актами и списками на военнопленных и интернированных, переданных органами репатриации в лагеря № 379, 380	РГВА. Ф. 1/П. Оп. 02е. Д. 348.	Рассекречено в 2018 году	Главное управление по делам военнопленных и интернированных НКВД–МВД СССР
08.07.1948 г. – 30.11.1948 г.	С актами и списками на военнопленных и интернированных, переданных органами репатриации в лагеря № 379, 380	РГВА. Ф. 1/П. Оп. 02е. Д. 349.	Рассекречено в 2018 году	Главное управление по делам военнопленных и интернированных НКВД–МВД СССР
04.07.1949 г. – 22.09.1949 г.	С актами и списками на военнопленных и интернированных, переданных органами репатриации в лагерь № 69	РГВА. Ф. 1/П. Оп. 02е. Д. 350.	Рассекречено в 2018 году	Главное управление по делам военнопленных и интернированных НКВД–МВД СССР
23.09.1949 г. – 29.09.1949 г.	С актами и списками на военнопленных и интернированных, переданных органами репатриации в лагерь № 69	РГВА. Ф. 1/П. Оп. 02е. Д. 351.	Рассекречено в 2018 году	Главное управление по делам военнопленных и интернированных НКВД–МВД СССР
01.10.1949 г. – 06.10.1949 г.	С актами и списками на военнопленных и интернированных, переданных органами репатриации в лагерь № 69	РГВА. Ф. 1/П. Оп. 02е. Д. 352.	Рассекречено в 2018 году	Главное управление по делам военнопленных и интернированных НКВД–МВД СССР
07.10.1949 г. – 16.10.1949 г.	С актами и списками на военнопленных и интернированных, переданных органами репатриации в лагерь № 69	РГВА. Ф. 1/П. Оп. 02е. Д. 353.	Рассекречено в 2018 году	Главное управление по делам военнопленных и интернированных НКВД–МВД СССР
18.10.1949 г. – 25.10.1949 г.	С актами и списками на военнопленных и интернированных, переданных органами репатриации в лагерь № 69	РГВА. Ф. 1/П. Оп. 02е. Д. 354.	Рассекречено в 2018 году	Главное управление по делам военнопленных и интернированных НКВД–МВД СССР
25.10.1949 г. – 27.10.1949 г.	С актами и списками на военнопленных и интернированных, переданных органами репатриации в лагерь № 69	РГВА. Ф. 1/П. Оп. 02е. Д. 355.	Рассекречено в 2018 году	Главное управление по делам военнопленных и интернированных НКВД–МВД СССР
28.10.1949 г. – 30.10.1949 г.	С актами и списками на военнопленных и интернированных, переданных органами репатриации в лагерь № 69	РГВА. Ф. 1/П. Оп. 02е. Д. 356.	Рассекречено в 2018 году	Главное управление по делам военнопленных и интернированных НКВД–МВД СССР
01.11.1949 г. – 02.11.1949 г.	С актами и списками на военнопленных и интернированных, переданных органами репатриации в лагерь № 69	РГВА. Ф. 1/П. Оп. 02е. Д. 357.	Рассекречено в 2018 году	Главное управление по делам военнопленных и интернированных НКВД–МВД СССР
02.11.1949 г. – 04.11.1949 г.	С актами и списками на военнопленных и интернированных, переданных органами репатриации в лагерь № 69	РГВА. Ф. 1/П. Оп. 02е. Д. 358.	Рассекречено в 2018 году	Главное управление по делам военнопленных и интернированных НКВД–МВД СССР
05.11.1949 г. – 09.11.1949 г.	С актами и списками на военнопленных и интернированных, переданных органами репатриации в лагерь № 69	РГВА. Ф. 1/П. Оп. 02е. Д. 359.	Рассекречено в 2018 году	Главное управление по делам военнопленных и интернированных НКВД–МВД СССР
21.10.1949 г. – 18.11.1949 г.	С актами и списками на военнопленных и интернированных, переданных органами репатриации в лагерь № 69	РГВА. Ф. 1/П. Оп. 02е. Д. 360.	Рассекречено в 2018 году	Главное управление по делам военнопленных и интернированных НКВД–МВД СССР
19.11.1949 г. – 28.11.1949 г.	С актами и списками на военнопленных и интернированных, переданных органами репатриации в лагерь № 69	РГВА. Ф. 1/П. Оп. 02е. Д. 361.	Рассекречено в 2018 году	Главное управление по делам военнопленных и интернированных НКВД–МВД СССР
25.10.1949 г. – 05.12.1949 г.	С актами и списками на военнопленных и интернированных, переданных органами репатриации в лагерь № 69	РГВА. Ф. 1/П. Оп. 02е. Д. 362.	Рассекречено в 2018 году	Главное управление по делам военнопленных и интернированных НКВД–МВД СССР
02.06.1949 г. – 22.10.1949 г.	С актами и списками на военнопленных и интернированных, переданных органами репатриации в лагерь № 69	РГВА. Ф. 1/П. Оп. 02е. Д. 363.	Рассекречено в 2018 году	Главное управление по делам военнопленных и интернированных НКВД–МВД СССР
03.11.1949 г. – 28.11.1949 г.	С актами и списками на военнопленных и интернированных, переданных органами репатриации в лагерь № 69	РГВА. Ф. 1/П. Оп. 02е. Д. 364.	Рассекречено в 2018 году	Главное управление по делам военнопленных и интернированных НКВД–МВД СССР
25.10.1949 г. – 02.11.1949 г.	С актами и списками на военнопленных и интернированных, переданных органами репатриации в лагерь № 379, 380	РГВА. Ф. 1/П. Оп. 02е. Д. 365.	Рассекречено в 2018 году	Главное управление по делам военнопленных и интернированных НКВД–МВД СССР
29.11.1949 г. – 02.12.1949 г.	С актами и списками на военнопленных и интернированных, переданных органами репатриации в лагерь № 69	РГВА. Ф. 1/П. Оп. 02е. Д. 366.	Рассекречено в 2018 году	Главное управление по делам военнопленных и интернированных НКВД–МВД СССР
07.11.1949 г. – 22.11.1949 г.	С актами и списками на военнопленных и интернированных, переданных органами репатриации в лагерь № 69	РГВА. Ф. 1/П. Оп. 02е. Д. 367.	Рассекречено в 2018 году	Главное управление по делам военнопленных и интернированных НКВД–МВД СССР
05.12.1949 г. – 18.12.1949 г.	С актами и списками на военнопленных и интернированных, переданных органами репатриации в лагерь № 69	РГВА. Ф. 1/П. Оп. 02е. Д. 368.	Рассекречено в 2018 году	Главное управление по делам военнопленных и интернированных НКВД–МВД СССР
23.11.1949 г. – 25.11.1949 г.	С актами и списками на военнопленных и интернированных, переданных органами репатриации в лагерь № 69	РГВА. Ф. 1/П. Оп. 02е. Д. 369.	Рассекречено в 2018 году	Главное управление по делам военнопленных и интернированных НКВД–МВД СССР
19.12.1949 г. – 30.12.1949 г.	С актами и списками на военнопленных и интернированных, переданных органами репатриации в лагерь № 69	РГВА. Ф. 1/П. Оп. 02е. Д. 370.	Рассекречено в 2018 году	Главное управление по делам военнопленных и интернированных НКВД–МВД СССР
26.11.1949 г. – 01.12.1949 г.	С актами и списками на военнопленных и интернированных, переданных органами репатриации в лагерь № 69	РГВА. Ф. 1/П. Оп. 02е. Д. 371.	Рассекречено в 2018 году	Главное управление по делам военнопленных и интернированных НКВД–МВД СССР
02.12.1949 г. – 05.12.1949 г.	С актами и списками на военнопленных и интернированных, переданных органами репатриации в лагерь № 69	РГВА. Ф. 1/П. Оп. 02е. Д. 372.	Рассекречено в 2018 году	Главное управление по делам военнопленных и интернированных НКВД–МВД СССР
07.12.1949 г. – 21.12.1949 г.	С актами и списками на военнопленных и интернированных, переданных органами репатриации в лагерь № 69	РГВА. Ф. 1/П. Оп. 02е. Д. 373.	Рассекречено в 2018 году	Главное управление по делам военнопленных и интернированных НКВД–МВД СССР
29.08.1949 г. – 26.09.1949 г.	С актами и списками на военнопленных и интернированных, переданных органами репатриации в лагерь № 69	РГВА. Ф. 1/П. Оп. 02е. Д. 374.	Рассекречено в 2018 году	Главное управление по делам военнопленных и интернированных НКВД–МВД СССР
28.11.1949 г. – 03.12.1949 г.	С актами и списками на военнопленных и интернированных, переданных органами репатриации в лагерь № 69	РГВА. Ф. 1/П. Оп. 02е. Д. 375.	Рассекречено в 2018 году	Главное управление по делам военнопленных и интернированных НКВД–МВД СССР
05.12.1949 г. – 18.12.1949 г.	С актами и списками на военнопленных и интернированных, переданных органами репатриации в лагерь № 69	РГВА. Ф. 1/П. Оп. 02е. Д. 376.	Рассекречено в 2018 году	Главное управление по делам военнопленных и интернированных НКВД–МВД СССР
19.12.1949 г. – 29.12.1949 г.	С актами и списками на военнопленных и интернированных, переданных органами репатриации в лагерь № 69	РГВА. Ф. 1/П. Оп. 02е. Д. 377.	Рассекречено в 2018 году	Главное управление по делам военнопленных и интернированных НКВД–МВД СССР
19.10.1949 г. – 29.11.1949 г.	С актами и списками на военнопленных и интернированных, переданных органами репатриации в лагерь № 69	РГВА. Ф. 1/П. Оп. 02е. Д. 378.	Рассекречено в 2018 году	Главное управление по делам военнопленных и интернированных НКВД–МВД СССР
05.12.1949 г. – 13.12.1949 г.	С актами и списками на военнопленных и интернированных, переданных органами репатриации в лагерь № 69	РГВА. Ф. 1/П. Оп. 02е. Д. 379.	Рассекречено в 2018 году	Главное управление по делам военнопленных и интернированных НКВД–МВД СССР
16.12.1949 г. – 23.12.1949 г.	С актами и списками на военнопленных и интернированных, переданных органами репатриации в лагерь № 69	РГВА. Ф. 1/П. Оп. 02е. Д. 380.	Рассекречено в 2018 году	Главное управление по делам военнопленных и интернированных НКВД–МВД СССР
23.12.1949 г. – 30.12.1949 г.	С актами и списками на военнопленных и интернированных, переданных органами репатриации в лагерь № 69	РГВА. Ф. 1/П. Оп. 02е. Д. 381.	Рассекречено в 2018 году	Главное управление по делам военнопленных и интернированных НКВД–МВД СССР
07.12.1949 г. – 31.12.1949 г.	С актами и списками на военнопленных и интернированных, переданных органами репатриации в лагерь № 69	РГВА. Ф. 1/П. Оп. 02е. Д. 382.	Рассекречено в 2018 году	Главное управление по делам военнопленных и интернированных НКВД–МВД СССР
05.11.1949 г. – 23.12.1949 г.	С актами и списками на военнопленных и интернированных, переданных органами репатриации в лагерь №, 69	РГВА. Ф. 1/П. Оп. 02е. Д. 383.	Рассекречено в 2018 году	Главное управление по делам военнопленных и интернированных НКВД–МВД СССР
26.12.1949 г. – 29.12.1949 г.	С актами и списками на военнопленных и интернированных, переданных органами репатриации в лагерь № 69	РГВА. Ф. 1/П. Оп. 02е. Д. 384.	Рассекречено в 2018 году	Главное управление по делам военнопленных и интернированных НКВД–МВД СССР
29.12.1949 г. – 31.12.1949 г.	С актами и списками на военнопленных и интернированных, переданных органами репатриации в лагерь № 69	РГВА. Ф. 1/П. Оп. 02е. Д. 385.	Рассекречено в 2018 году	Главное управление по делам военнопленных и интернированных НКВД–МВД СССР
28.10.1948 г. – 19.12.1949 г.	С актами и списками на военнопленных и интернированных, переданных органами репатриации в лагерь № 69	РГВА. Ф. 1/П. Оп. 02е. Д. 386.	Рассекречено в 2018 году	Главное управление по делам военнопленных и интернированных НКВД–МВД СССР
19.12.1949 г. – 25.12.1949 г.	С актами и списками на военнопленных и интернированных, переданных органами репатриации в лагерь № 69	РГВА. Ф. 1/П. Оп. 02е. Д. 387.	Рассекречено в 2018 году	Главное управление по делам военнопленных и интернированных НКВД–МВД СССР
26.10.1949 г. – 31.12.1949 г.	С актами и списками на военнопленных и интернированных, переданных органами репатриации в лагерь № 69	РГВА. Ф. 1/П. Оп. 02е. Д. 388.	Рассекречено в 2018 году	Главное управление по делам военнопленных и интернированных НКВД–МВД СССР
01.12.1949 г. – 31.12.1949 г.	С актами и списками на военнопленных и интернированных, переданных органами репатриации в лагерь № 69	РГВА. Ф. 1/П. Оп. 02е. Д. 389.	Рассекречено в 2018 году	Главное управление по делам военнопленных и интернированных НКВД–МВД СССР
28.10.1949 г. – 28.12.1949 г.	С актами и списками на военнопленных и интернированных, переданных органами репатриации в лагерь № 69	РГВА. Ф. 1/П. Оп. 02е. Д. 390.	Рассекречено в 2018 году	Главное управление по делам военнопленных и интернированных НКВД–МВД СССР
02.01.1949 г. – 25.06.1949 г.	С актами и списками на военнопленных и интернированных, переданных органами репатриации в лагерь № 380	РГВА. Ф. 1/П. Оп. 02е. Д. 443.	Рассекречено в 2018 году	Главное управление по делам военнопленных и интернированных НКВД–МВД СССР
26.06.1949 г. – 14.07.1949 г.	С актами и списками на военнопленных и интернированных, переданных органами репатриации в лагерь № 380	РГВА. Ф. 1/П. Оп. 02е. Д. 444.	Рассекречено в 2018 году	Главное управление по делам военнопленных и интернированных НКВД–МВД СССР
16.07.1949 г. – 20.07.1949 г.	С актами и списками на военнопленных и интернированных, переданных органами репатриации в лагерь № 380	РГВА. Ф. 1/П. Оп. 02е. Д. 445.	Рассекречено в 2018 году	Главное управление по делам военнопленных и интернированных НКВД–МВД СССР
05.06.1949 г. – 21.08.1949 г.	С актами и списками на военнопленных и интернированных, переданных органами репатриации в лагерь № 380	РГВА. Ф. 1/П. Оп. 02е. Д. 446.	Рассекречено в 2018 году	Главное управление по делам военнопленных и интернированных НКВД–МВД СССР
20.07.1949 г. – 29.08.1949 г.	С актами и списками на военнопленных и интернированных, переданных органами репатриации в лагерь № 380	РГВА. Ф. 1/П. Оп. 02е. Д. 447.	Рассекречено в 2018 году	Главное управление по делам военнопленных и интернированных НКВД–МВД СССР
05.06.1949 г. – 26.06.1949 г.	С актами и списками на военнопленных и интернированных, переданных органами репатриации в лагерь № 380	РГВА. Ф. 1/П. Оп. 02е. Д. 448.	Рассекречено в 2018 году	Главное управление по делам военнопленных и интернированных НКВД–МВД СССР
05.07.1949 г. – 31.12.1949 г.	С актами и списками на военнопленных и интернированных, переданных органами репатриации в лагерь № 380	РГВА. Ф. 1/П. Оп. 02е. Д. 449.	Рассекречено в 2018 году	Главное управление по делам военнопленных и интернированных НКВД–МВД СССР
10.09.1949 г. – 23.09.1949 г.	С актами и списками на военнопленных и интернированных, переданных органами репатриации в лагерь № 380	РГВА. Ф. 1/П. Оп. 02е. Д. 450.	Рассекречено в 2018 году	Главное управление по делам военнопленных и интернированных НКВД–МВД СССР
29.08.1949 г. – 10.10.1949 г.	С актами и списками на военнопленных и интернированных, переданных органами репатриации в лагерь № 380	РГВА. Ф. 1/П. Оп. 02е. Д. 451.	Рассекречено в 2018 году	Главное управление по делам военнопленных и интернированных НКВД–МВД СССР
14.09.1949 г. – 22.10.1949 г.	С актами и списками на военнопленных и интернированных, переданных органами репатриации в лагерь № 380	РГВА. Ф. 1/П. Оп. 02е. Д. 452.	Рассекречено в 2018 году	Главное управление по делам военнопленных и интернированных НКВД–МВД СССР
05.04.1949 г. – 29.10.1949 г.	С актами и списками на военнопленных и интернированных, переданных органами репатриации в лагерь № 380	РГВА. Ф. 1/П. Оп. 02е. Д. 453.	Рассекречено в 2018 году	Главное управление по делам военнопленных и интернированных НКВД–МВД СССР
27.09.1949 г. – 08.11.1949 г.	С актами и списками на военнопленных и интернированных, переданных органами репатриации в лагерь № 380	РГВА. Ф. 1/П. Оп. 02е. Д. 454.	Рассекречено в 2018 году	Главное управление по делам военнопленных и интернированных НКВД–МВД СССР
19.09.1949 г. – 27.10.1949 г.	С актами и списками на военнопленных и интернированных, переданных органами репатриации в лагерь № 380	РГВА. Ф. 1/П. Оп. 02е. Д. 455.	Рассекречено в 2018 году	Главное управление по делам военнопленных и интернированных НКВД–МВД СССР
04.02.1949 г. – 25.11.1949 г.	С актами и списками на военнопленных и интернированных, переданных органами репатриации в лагерь № 380	РГВА. Ф. 1/П. Оп. 02е. Д. 456.	Рассекречено в 2018 году	Главное управление по делам военнопленных и интернированных НКВД–МВД СССР
20.10.1949 г. – 23.12.1949 г.	С актами и списками на военнопленных и интернированных, переданных органами репатриации в лагерь № 380	РГВА. Ф. 1/П. Оп. 02е. Д. 457.	Рассекречено в 2018 году	Главное управление по делам военнопленных и интернированных НКВД–МВД СССР
09.11.1949 г. – 30.12.1949 г.	С актами и списками на военнопленных и интернированных, переданных органами репатриации в лагерь № 380	РГВА. Ф. 1/П. Оп. 02е. Д. 458.	Рассекречено в 2018 году	Главное управление по делам военнопленных и интернированных НКВД–МВД СССР
20.09.1949 г. – 23.11.1949 г.	С актами и списками на военнопленных и интернированных, переданных органами репатриации в лагерь № 380	РГВА. Ф. 1/П. Оп. 02е. Д. 459.	Рассекречено в 2018 году	Главное управление по делам военнопленных и интернированных НКВД–МВД СССР
01.01.1950 г. – 20.09.1950 г.	С актами и списками на военнопленных и интернированных, переданных органами репатриации в лагерь № 380	РГВА. Ф. 1/П. Оп. 02е. Д. 476.	Рассекречено в 2018 году	Главное управление по делам военнопленных и интернированных НКВД–МВД СССР
27.04.1947 г. – 24.09.1947 г.	Военнопленные японцы, снятые с эшелонов за 1947 г.	РГВА. Ф. 1/П. Оп. 02е. Д. 516.	Рассекречено в 2018 году	Главное управление по делам военнопленных и интернированных НКВД–МВД СССР
27.04.1947 г. – 24.09.1947 г.	Акты и списки на военнопленных и интернированных, снятых по разным причинам в пути следования эшелонов за 1947-1949 гг., т.1	РГВА. Ф. 1/П. Оп. 02е. Д. 517.	Рассекречено в 2018 году	Главное управление по делам военнопленных и интернированных НКВД–МВД СССР
27.04.1947 г. – 24.09.1947 г.	Акты и списки на военнопленных и интернированных, снятых по разным причинам в пути следования эшелонов за 1947-1949 гг., т.2	РГВА. Ф. 1/П. Оп. 02е. Д. 518.	Рассекречено в 2018 году	Главное управление по делам военнопленных и интернированных НКВД–МВД СССР
27.04.1947 г. – 24.09.1947 г.	Акты и списки на военнопленных и интернированных, снятых по разным причинам в пути следования эшелонов за 1947-1949 гг., т.3	РГВА. Ф. 1/П. Оп. 02е. Д. 519.	Рассекречено в 2018 году	Главное управление по делам военнопленных и интернированных НКВД–МВД СССР
27.04.1947 г. – 24.09.1947 г.	Акты и списки на военнопленных и интернированных, снятых по разным причинам в пути следования эшелонов за 1947-1949 гг., т.4	РГВА. Ф. 1/П. Оп. 02е. Д. 520.	Рассекречено в 2018 году	Главное управление по делам военнопленных и интернированных НКВД–МВД СССР
27.04.1947 г. – 24.09.1947 г.	Акты и списки на военнопленных и интернированных, снятых по разным причинам в пути следования эшелонов за 1947-1949 гг., т.5	РГВА. Ф. 1/П. Оп. 02е. Д. 521.	Рассекречено в 2018 году	Главное управление по делам военнопленных и интернированных НКВД–МВД СССР
27.04.1947 г. – 24.09.1947 г.	Акты и списки на военнопленных и интернированных, снятых по разным причинам в пути следования эшелонов за 1947-1949 гг., т.6	РГВА. Ф. 1/П. Оп. 02е. Д. 522.	Рассекречено в 2018 году	Главное управление по делам военнопленных и интернированных НКВД–МВД СССР
27.04.1947 г. – 24.09.1947 г.	Акты и списки на военнопленных и интернированных, снятых по разным причинам в пути следования эшелонов за 1947-1949 гг., т.7	РГВА. Ф. 1/П. Оп. 02е. Д. 523.	Рассекречено в 2018 году	Главное управление по делам военнопленных и интернированных НКВД–МВД СССР
27.04.1947 г. – 24.09.1947 г.	Переписка с Брестским лагерем МВД № 284 о снятых и подсаженных в эшелон военнопленных и интернированных в 1947-1948 гг.	РГВА. Ф. 1/П. Оп. 02е. Д. 524.	Рассекречено в 2018 году	Главное управление по делам военнопленных и интернированных НКВД–МВД СССР
Июль 1943 г. – декабрь 1943 г.	Сводные карточки строевого учета лагерей, спецлагерей, спецгоспиталей, приемных пунктов военнопленных на 01.07.1943 г. – 01.02.1943 г.	РГВА. Ф. 1/П. Оп. 3г. Д. 24.	Рассекречено в 2018 году	Главное управление по делам военнопленных и интернированных НКВД–МВД СССР
01.01.1943 г. – 31.12.1945 г.	Штаты лагерей №№ 26, 27, 29, 35, 38, 41, 50, 56, 58, 59, 62, 64, 68, 72, 53	РГВА. Ф. 1/П. Оп. 3г. Д. 25.	Рассекречено в 2018 году	Главное управление по делам военнопленных и интернированных НКВД–МВД СССР
01.01.1943 г. – 31.12.1945 г.	Штаты лагерей №№ 75, 82, 84, 93, 95, 99, 100, 101, 102, 103, 104, 107, 108	РГВА. Ф. 1/П. Оп. 3г. Д. 26.	Рассекречено в 2018 году	Главное управление по делам военнопленных и интернированных НКВД–МВД СССР
01.01.1943 г. – 31.12.1945 г.	Штаты лагерей №№ 110, 112, 115, 117, 119, 120, 123, 125, 126, 128, 130, 134, 135, 136, 137, 139, 142, 143, 144, 145, 147, 148, 149, 153, 154, 146	РГВА. Ф. 1/П. Оп. 3г. Д. 27.	Рассекречено в 2018 году	Главное управление по делам военнопленных и интернированных НКВД–МВД СССР
01.01.1943 г. – 31.12.1945 г.	Штаты лагерей №№ 75, 155, 156, 157, 158, 159, 161, 163, 164, 165, 166, 167, 168, 169, 171, 172, 177, 178, 180, 182, 181, 183, 184, 185	РГВА. Ф. 1/П. Оп. 3г. Д. 28.	Рассекречено в 2018 году	Главное управление по делам военнопленных и интернированных НКВД–МВД СССР
01.01.1943 г. – 31.12.1945 г.	Штаты лагерей №№ 186, 188, 189, 190, 191, 193, 194, 195, 197, 198, 199, 200, 204, 206, 207, 211, 212, 213, 214, 215, 216, 217, 218, 219, 220, 221, 223, 224, 228, 229, 230, 232, 233, 234, 231	РГВА. Ф. 1/П. Оп. 3г. Д. 29.	Рассекречено в 2018 году	Главное управление по делам военнопленных и интернированных НКВД–МВД СССР
01.01.1943 г. – 31.12.1945 г.	Штаты лагерей №№ 235, 236, 237, 238, 241, 242, 245, 251, 252, 253, 254, 255, 256, 257, 259, 260, 262, 265, 266, 269, 270, 272, 275, 277, 279, 231	РГВА. Ф. 1/П. Оп. 3г. Д. 30.	Рассекречено в 2018 году	Главное управление по делам военнопленных и интернированных НКВД–МВД СССР
01.01.1943 г. – 31.12.1945 г.	Штаты лагерей №№ 280, 281, 284, 286, 287, 289, 291, 292, 294, 296, 297, 299, 300, 304, 307, 315, 356, 266, 277	РГВА. Ф. 1/П. Оп. 3г. Д. 31.	Рассекречено в 2018 году	Главное управление по делам военнопленных и интернированных НКВД–МВД СССР
01.01.1943 г. – 31.12.1945 г.	Штаты лагерей №№ 503, 504, 505, 506, 507, 508, 509, 510, 511, 512, 513, 514, 515, 516, 518, 520, 522, 523, 524, 526, 528, 530, штат лагеря № 0311	РГВА. Ф. 1/П. Оп. 3г. Д. 32.	Рассекречено в 2018 году	Главное управление по делам военнопленных и интернированных НКВД–МВД СССР
01.01.1943 г. – 31.12.1945 г.	Типовые штаты СПВ, ППВ, фронтовых лагерей, аппаратов НКВД при спецгоспиталях, штаты ФППЛ, лагерей для военнопленных офицеров, объектов, спецлагерей, учебного батальона и перечни изменений в штатах	РГВА. Ф. 1/П. Оп. 3г. Д. 33.	Рассекречено в 2018 году	Главное управление по делам военнопленных и интернированных НКВД–МВД СССР
01.01.1943 г. – 31.12.1945 г.	Штаты лагерей №№ 48, 74, 97, 150, 160, 27, ФППЛ, СПВ, 24, 41, 62, 139, 158, 173, 270 и и объектов №№ 15/В, 20/В, 25/В, 35/В	РГВА. Ф. 1/П. Оп. 3г. Д. 34.	Рассекречено в 2018 году	Главное управление по делам военнопленных и интернированных НКВД–МВД СССР
1945 г. – 1949 г.	Дислокация лагерей МВД для военнопленных спецконтингента	РГВА. Ф. 1/П. Оп. 3г. Д. 35.	Рассекречено в 2018 году	Главное управление по делам военнопленных и интернированных НКВД–МВД СССР
17.11.1951 г. – 11.06.1952 г.	С перепиской о личных вещах и ценностях военнопленных и интернированных, т.1	РГВА. Ф. 1/П. Оп. 06е. Д. 15.	Рассекречено в 2018 году	Главное управление по делам военнопленных и интернированных НКВД–МВД СССР
14.08.1952 г. – 30.01.1953 г.	С перепиской о личных вещах и ценностях военнопленных и интернированных, т.2	РГВА. Ф. 1/П. Оп. 06е. Д. 16.	Рассекречено в 2018 году	Главное управление по делам военнопленных и интернированных НКВД–МВД СССР
13.01.1953 г. – 25.02.1953 г.	Переписка с МВД-УМВД о вещах и ценностях, принадлежащих военнопленным и интернированным	РГВА. Ф. 1/П. Оп. 06е. Д. 17.	Рассекречено в 2018 году	Главное управление по делам военнопленных и интернированных НКВД–МВД СССР
29.06.1953 г. – 05.07.1953 г.	Переписка с МВД-УМВД о вещах и ценностях, принадлежащих военнопленным и интернированным	РГВА. Ф. 1/П. Оп. 06е. Д. 18.	Рассекречено в 2018 году	Главное управление по делам военнопленных и интернированных НКВД–МВД СССР
20.01.1954 г. – 10.04.1954 г.	Переписка с МВД-УМВД о вещах и ценностях, принадлежащих военнопленным и интернированным	РГВА. Ф. 1/П. Оп. 06е. Д. 19.	Рассекречено в 2018 году	Главное управление по делам военнопленных и интернированных НКВД–МВД СССР
10.05.1946 г. – 02.02.1948 г.	Планы отдела на сентябрь 1947 г, 1 квартал 1948 г.; справки о выполнении плана за 4 квартал 1947 г., о дислокации лагерей, лагерных отделений, отдельных рабочих батальонов; о численности, репатриации, трудоиспользовании контингента	РГВА. Ф. 1/П. Оп. 8г. Д. 1.	Рассекречено в 2018 году	Главное управление по делам военнопленных и интернированных НКВД–МВД СССР
1947 г.	Сводные карточки строевого учета на 01.01.1947 г. – 01.12.1947 г.	РГВА. Ф. 1/П. Оп. 9г. Д. 1.	Рассекречено в 2018 году	Главное управление по делам военнопленных и интернированных НКВД–МВД СССР
15.10.1946 г. – 13.02.1947 г.	Планы, справки, переписка о вывозе в Германию 27500 нетрудоспособных военнопленных и интернированных, т.3	РГВА. Ф. 1/П. Оп. 9г. Д. 4.	Рассекречено в 2018 году	Главное управление по делам военнопленных и интернированных НКВД–МВД СССР
04.04.1947 г. – 21.06.1947 г.	Планы, справки, заявки, переписка о вывозе на родину нетрудоспособного контингента из угольной промышленности западных районов	РГВА. Ф. 1/П. Оп. 9г. Д. 5.	Рассекречено в 2018 году	Главное управление по делам военнопленных и интернированных НКВД–МВД СССР
23.11.1946 г. – 28.02.1947 г.	Материалы к приказам МВД СССР о реорганизации, дислокации, ликвидации лагерей, рабочих батальонов. Акты проверок состояния лагерей и рабочих батальонов, т.1	РГВА. Ф. 1/П. Оп. 9г. Д. 7.	Рассекречено в 2018 году	Главное управление по делам военнопленных и интернированных НКВД–МВД СССР
01.03.1947 г. – 26.03.1947 г.	Материалы к приказам МВД СССР о реорганизации, дислокации, ликвидации лагерей, рабочих батальонов. Акты проверок состояния лагерей и рабочих батальонов, т.2	РГВА. Ф. 1/П. Оп. 9г. Д. 8.	Рассекречено в 2018 году	Главное управление по делам военнопленных и интернированных НКВД–МВД СССР
17.11.1946 г. – 18.07.1947 г.	Материалы к приказам МВД СССР о реорганизации, дислокации, ликвидации лагерей, рабочих батальонов. Акты проверок состояния лагерей и рабочих батальонов, т.3	РГВА. Ф. 1/П. Оп. 9г. Д. 9.	Рассекречено в 2018 году	Главное управление по делам военнопленных и интернированных НКВД–МВД СССР
09.04.1947 г. – 04.08.1947 г.	Материалы к приказам МВД СССР о реорганизации, дислокации, ликвидации лагерей, рабочих батальонов. Акты проверок состояния лагерей и рабочих батальонов, т.4	РГВА. Ф. 1/П. Оп. 9г. Д. 10.	Рассекречено в 2018 году	Главное управление по делам военнопленных и интернированных НКВД–МВД СССР
10.04.1947 г. – 30.07.1947 г.	Материалы к приказам МВД СССР о реорганизации, дислокации, ликвидации лагерей, рабочих батальонов. Акты проверок состояния лагерей и рабочих батальонов, т.5	РГВА. Ф. 1/П. Оп. 9г. Д. 11.	Рассекречено в 2018 году	Главное управление по делам военнопленных и интернированных НКВД–МВД СССР
04.06.1947 г. – 02.10.1947 г.	Материалы к приказам МВД СССР о реорганизации, дислокации, ликвидации лагерей, рабочих батальонов. Акты проверок состояния лагерей и рабочих батальонов, т.6	РГВА. Ф. 1/П. Оп. 9г. Д. 12.	Рассекречено в 2018 году	Главное управление по делам военнопленных и интернированных НКВД–МВД СССР
10.07.1947 г. – 30.10.1947 г.	Материалы к приказам МВД СССР о реорганизации, дислокации, ликвидации лагерей, рабочих батальонов. Акты проверок состояния лагерей и рабочих батальонов, т.7	РГВА. Ф. 1/П. Оп. 9г. Д. 13.	Рассекречено в 2018 году	Главное управление по делам военнопленных и интернированных НКВД–МВД СССР
12.08.1947 г. – 03.01.1948 г.	Материалы к приказам МВД СССР о реорганизации, дислокации, ликвидации лагерей, рабочих батальонов. Акты проверок состояния лагерей и рабочих батальонов, т.8	РГВА. Ф. 1/П. Оп. 9г. Д. 14.	Рассекречено в 2018 году	Главное управление по делам военнопленных и интернированных НКВД–МВД СССР
Ноябрь 1946 г. – 31.10.1947 г.	Планы, заявки, справки, переписка о репатриации японских военнопленных, т.38	РГВА. Ф. 1/П. Оп. 9г. Д. 31.	Рассекречено в 2018 году	Главное управление по делам военнопленных и интернированных НКВД–МВД СССР
25.07.1947 г. – октябрь 1947 г.	Планы, заявки, справки, переписка о репатриации о военнопленных и интернированных австрийцев, венгров, немцев, поляков, японцев, т.39	РГВА. Ф. 1/П. Оп. 9г. Д. 32.	Рассекречено в 2018 году	Главное управление по делам военнопленных и интернированных НКВД–МВД СССР
01.04.1947 г. – 11.10.1947 г.	Планы, справки, переписка о репатриации японских офицеров, т. 40	РГВА. Ф. 1/П. Оп. 9г. Д. 33.	Рассекречено в 2018 году	Главное управление по делам военнопленных и интернированных НКВД–МВД СССР
18.03.1947 г. – 20.05.1947 г.	Планы, справки, акты, переписка о репатриации японских военнопленных в марте-апреле 1947 г., т.41	РГВА. Ф. 1/П. Оп. 9г. Д. 34.	Рассекречено в 2018 году	Главное управление по делам военнопленных и интернированных НКВД–МВД СССР
19.05.1947 г. – 30.07.1947 г.	Планы, заявки, справки, переписка о репатриации японских военнопленных, т.42	РГВА. Ф. 1/П. Оп. 9г. Д. 35.	Рассекречено в 2018 году	Главное управление по делам военнопленных и интернированных НКВД–МВД СССР
06.07.1947 г. – 05.09.1947 г.	Планы, заявки, справки, переписка о репатриации японских военнопленных в августе 1947 г., т. 43	РГВА. Ф. 1/П. Оп. 9г. Д. 36.	Рассекречено в 2018 году	Главное управление по делам военнопленных и интернированных НКВД–МВД СССР
Июль 1947 г. – 07.09.1947 г.	Планы, заявки, справки, переписка о репатриации японских военнопленных в сентябре 1947 г., т. 44	РГВА. Ф. 1/П. Оп. 9г. Д. 37.	Рассекречено в 2018 году	Главное управление по делам военнопленных и интернированных НКВД–МВД СССР
08.09.1947 г. – 19.11.1947 г.	Планы, заявки, справки, переписка о репатриации японских военнопленных в октябре 1947 г., т.45	РГВА. Ф. 1/П. Оп. 9г. Д. 38.	Рассекречено в 2018 году	Главное управление по делам военнопленных и интернированных НКВД–МВД СССР
01.06.1947 г. – 15.06.1947 г.	Заявки с мест о репатриации японских военнопленных и вывоз их с Курильских островов, т.40	РГВА. Ф. 1/П. Оп. 9г. Д. 39.	Рассекречено в 2018 году	Главное управление по делам военнопленных и интернированных НКВД–МВД СССР
16.01.1948 г. – 22.12.1948 г.	Штаты ГУПВИ и его периферийных органов, т.1	РГВА. Ф. 1/П. Оп. 10г. Д. 1.	Рассекречено в 2018 году	Главное управление по делам военнопленных и интернированных НКВД–МВД СССР
16.03.1948 г. – 31.12.1948 г.	Штаты ГУПВИ и его периферийных органов, т.2	РГВА. Ф. 1/П. Оп. 10г. Д. 2.	Рассекречено в 2018 году	Главное управление по делам военнопленных и интернированных НКВД–МВД СССР
01.01.1948 г. – 01.07.1948 г.	Сводные карточки строевого учета лагерей	РГВА. Ф. 1/П. Оп. 11г. Д. 1.	Рассекречено в 2018 году	Главное управление по делам военнопленных и интернированных НКВД–МВД СССР
01.01.1948 г. – 15.03.1948 г.	Переписка по организационным вопросам, т.1	РГВА. Ф. 1/П. Оп. 11г. Д. 4.	Рассекречено в 2018 году	Главное управление по делам военнопленных и интернированных НКВД–МВД СССР
15.03.1948 г. – 17.05.1948 г.	Переписка по организационным вопросам, т.2	РГВА. Ф. 1/П. Оп. 11г. Д. 5.	Рассекречено в 2018 году	Главное управление по делам военнопленных и интернированных НКВД–МВД СССР
11.03.1948 г. – 17.06.1948 г.	Переписка по организационным вопросам, т.3	РГВА. Ф. 1/П. Оп. 11г. Д. 6.	Рассекречено в 2018 году	Главное управление по делам военнопленных и интернированных НКВД–МВД СССР
19.06.1948 г. – 14.09.1948 г.	Переписка по организационным вопросам, т.4	РГВА. Ф. 1/П. Оп. 11г. Д. 7.	Рассекречено в 2018 году	Главное управление по делам военнопленных и интернированных НКВД–МВД СССР
05.06.1948 г. – 03.09.1948 г.	Переписка по организационным вопросам, т.5	РГВА. Ф. 1/П. Оп. 11г. Д. 8.	Рассекречено в 2018 году	Главное управление по делам военнопленных и интернированных НКВД–МВД СССР
18.08.1948 г. – 01.09.1948 г.	Переписка по организационным вопросам, т.6	РГВА. Ф. 1/П. Оп. 11г. Д. 9.	Рассекречено в 2018 году	Главное управление по делам военнопленных и интернированных НКВД–МВД СССР
30.08.1948 г. – 17.09.1948 г.	Переписка по организационным вопросам, т.7	РГВА. Ф. 1/П. Оп. 11г. Д. 10.	Рассекречено в 2018 году	Главное управление по делам военнопленных и интернированных НКВД–МВД СССР
01.01.1948 г. – 28.02.1948 г.	Материалы к приказам МВД СССР, Т.1	РГВА. Ф. 1/П. Оп. 11г. Д. 11.	Рассекречено в 2018 году	Главное управление по делам военнопленных и интернированных НКВД–МВД СССР
01.03.1948 г. – 27.04.1948 г.	Материалы к приказам МВД СССР, Т.2	РГВА. Ф. 1/П. Оп. 11г. Д. 12.	Рассекречено в 2018 году	Главное управление по делам военнопленных и интернированных НКВД–МВД СССР
01.05.1948 г. – 22.06.1948 г.	Материалы к приказам МВД СССР, Т.3	РГВА. Ф. 1/П. Оп. 11г. Д. 13.	Рассекречено в 2018 году	Главное управление по делам военнопленных и интернированных НКВД–МВД СССР
22.06.1948 г. – 02.08.1948 г.	Материалы к приказам МВД СССР, Т.4	РГВА. Ф. 1/П. Оп. 11г. Д. 14.	Рассекречено в 2018 году	Главное управление по делам военнопленных и интернированных НКВД–МВД СССР
24.07.1948 г. – 18.08.1948 г.	Материалы к приказам МВД СССР, Т.5	РГВА. Ф. 1/П. Оп. 11г. Д. 15.	Рассекречено в 2018 году	Главное управление по делам военнопленных и интернированных НКВД–МВД СССР
19.08.1948 г. – 01.10.1948 г.	Материалы к приказам МВД СССР, Т.6	РГВА. Ф. 1/П. Оп. 11г. Д. 16.	Рассекречено в 2018 году	Главное управление по делам военнопленных и интернированных НКВД–МВД СССР
01.10.1948 г. – 17.11.1948 г.	Материалы к приказам МВД СССР, Т.7	РГВА. Ф. 1/П. Оп. 11г. Д. 17.	Рассекречено в 2018 году	Главное управление по делам военнопленных и интернированных НКВД–МВД СССР
17.09.1948 г. – 31.12.1948 г.	Материалы к приказам МВД СССР, Т.8	РГВА. Ф. 1/П. Оп. 11г. Д. 18.	Рассекречено в 2018 году	Главное управление по делам военнопленных и интернированных НКВД–МВД СССР
02.11.1948 г. – 02.12.1948 г.	Переписка с Советом Министров СССР и Министерствами по занимаемым лагерями помещениям	РГВА. Ф. 1/П. Оп. 11г. Д. 19.	Рассекречено в 2018 году	Главное управление по делам военнопленных и интернированных НКВД–МВД СССР
02.01.1949 г. – 31.07.1949 г.	Штаты ГУПВИ и его периферийных органов за 1948г., т.1	РГВА. Ф. 1/П. Оп. 12г. Д. 1.	Рассекречено в 2018 году	Главное управление по делам военнопленных и интернированных НКВД–МВД СССР
27.07.1949 г. – 30.12.1949 г.	Штаты ГУПВИ и его периферийных органов за 1948г., т.2	РГВА. Ф. 1/П. Оп. 12г. Д. 2.	Рассекречено в 2018 году	Главное управление по делам военнопленных и интернированных НКВД–МВД СССР
05.01.1949 г. – 31.01.1949 г.	Материалы инвентаризаций жилфонда лагерей и лаготделений Азербайджанской, Армянской, Грузинской, Карело-Финской, Латвийской, литовской, Туркменской, Узбекской и Эстонской ССР, т.1	РГВА. Ф. 1/П. Оп. 12г. Д. 4.	Рассекречено в 2018 году	Главное управление по делам военнопленных и интернированных НКВД–МВД СССР
01.03.1949 г. – 31.03.1949 г.	Материалы инвентаризаций жилфонда лагерей и лаготделений Азербайджанской, Армянской, Грузинской, Карело-Финской, Латвийской, Литовской, Туркменской, Узбекской и Эстонской ССР, т.2	РГВА. Ф. 1/П. Оп. 12г. Д. 5.	Рассекречено в 2018 году	Главное управление по делам военнопленных и интернированных НКВД–МВД СССР
16.02.1949 г. – 31.03.1949 г.	Материалы инвентаризаций жилфонда лагерей и лаготделений Азербайджанской, Армянской, Грузинской, Карело-Финской, Латвийской, Литовской, Туркменской, Узбекской, Эстонской ССР, Киевской, Запорожской, Житомирской, Ворошиловградской, Харьковской и Одесской областей, т.3	РГВА. Ф. 1/П. Оп. 12г. Д. 6.	Рассекречено в 2018 году	Главное управление по делам военнопленных и интернированных НКВД–МВД СССР
28.01.1949 г. – 28.02.1949 г.	Материалы инвентаризаций жилфонда лагерей и лаготделений Азербайджанской, Армянской, Грузинской, Карело-Финской, Латвийской, Литовской, Туркменской, Узбекской, Эстонской ССР, Сталинской, Ворошиловградской, Львовской, Днепропетровской областей т.4	РГВА. Ф. 1/П. Оп. 12г. Д. 7.	Рассекречено в 2018 году	Главное управление по делам военнопленных и интернированных НКВД–МВД СССР
10.01.1949 г. – 31.01.1949 г.	Материалы инвентаризаций жилфонда лагерей и лаготделений Азербайджанской, Армянской, Грузинской, Карело-Финской, Латвийской, Литовской, Туркменской, Узбекской и Эстонской ССР, Приморского края, Краснодарского края, Татарской АССР, Башкирской, Северо-Осетинской, АССР, Казахской ССР, т.5	РГВА. Ф. 1/П. Оп. 12г. Д. 8.	Рассекречено в 2018 году	Главное управление по делам военнопленных и интернированных НКВД–МВД СССР
01.03.1949 г. – 31.03.1949 г.	Материалы инвентаризаций жилфонда лагерей и лаготделений Азербайджанской, Армянской, Грузинской, Карело-Финской, Латвийской, Литовской, Туркменской, Узбекской и Эстонской ССР, Хабаровского края, т.6	РГВА. Ф. 1/П. Оп. 12г. Д. 9.	Рассекречено в 2018 году	Главное управление по делам военнопленных и интернированных НКВД–МВД СССР
19.01.1949 г. – 20.02.1949 г.	Материалы инвентаризаций жилфонда лагерей и лаготделений Азербайджанской, Армянской, Грузинской, Карело-Финской, Латвийской, Литовской, Туркменской, Узбекской и Эстонской ССР, Астраханской, Брянской, владимирской, Вологодской, Воронежской, горьковской, грозненской, Ивановской областей, т.7	РГВА. Ф. 1/П. Оп. 12г. Д. 10.	Рассекречено в 2018 году	Главное управление по делам военнопленных и интернированных НКВД–МВД СССР
13.01.1949 г. – 10.03.1949 г.	Материалы инвентаризаций жилфонда лагерей и лаготделений Азербайджанской, Армянской, Грузинской, Карело-Финской, Латвийской, Литовской, Туркменской, Узбекской и Эстонской ССР, Иркутской, Калининградской, калининской, Куйбышевской, Кировской, курской, Мурманской, Орловской, Саратовской, Смоленской Областей, т.8	РГВА. Ф. 1/П. Оп. 12г. Д. 11.	Рассекречено в 2018 году	Главное управление по делам военнопленных и интернированных НКВД–МВД СССР
01.01.1949 г. – 31.03.1949 г.	Материалы инвентаризаций жилфонда лагерей и лаготделений Азербайджанской, Армянской, Грузинской, Карело-Финской, Латвийской, Литовской, Туркменской, Узбекской и Эстонской ССР, Молотовской, Новгородской, Ростовской, вердловской областей, т.9	РГВА. Ф. 1/П. Оп. 12г. Д. 12.	Рассекречено в 2018 году	Главное управление по делам военнопленных и интернированных НКВД–МВД СССР
01.01.1949 г. – 31.03.1949 г.	Материалы инвентаризаций жилфонда лагерей и лаготделений Азербайджанской, Армянской, Грузинской, Карело-Финской, Латвийской, Литовской, Туркменской, Узбекской и Эстонской ССР, УПВИ УМВД Ленинградской области, Кемеровской области, т.10	РГВА. Ф. 1/П. Оп. 12г. Д. 13.	Рассекречено в 2018 году	Главное управление по делам военнопленных и интернированных НКВД–МВД СССР
01.01.1949 г. – 14.02.1949 г.	Материалы инвентаризаций жилфонда лагерей и лаготделений Азербайджанской, Армянской, Грузинской, Карело-Финской, Латвийской, Литовской, Туркменской, Узбекской и Эстонской ССР, УПВИ УМВД Московской области, т.11	РГВА. Ф. 1/П. Оп. 12г. Д. 14.	Рассекречено в 2018 году	Главное управление по делам военнопленных и интернированных НКВД–МВД СССР
10.01.1949 г. – 20.02.1949 г.	Материалы инвентаризаций жилфонда лагерей и лаготделений Азербайджанской, Армянской, Грузинской, Карело-Финской, Латвийской, Литовской, Туркменской, Узбекской и Эстонской ССР, Сталинградской, Тульской, Ульяновской, Челябинской , Ярославской области, т.12	РГВА. Ф. 1/П. Оп. 12г. Д. 15.	Рассекречено в 2018 году	Главное управление по делам военнопленных и интернированных НКВД–МВД СССР
01.01.1949 г. – 01.03.1949 г.	Материалы инвентаризаций жилфонда лагерей и лаготделений Азербайджанской, Армянской, Грузинской, Карело-Финской, Латвийской, Литовской, Туркменской, Узбекской и Эстонской ССР, материалы инвентаризации жилфонда спецгоспиталей, т.13	РГВА. Ф. 1/П. Оп. 12г. Д. 16.	Рассекречено в 2018 году	Главное управление по делам военнопленных и интернированных НКВД–МВД СССР
01.01.1946 г. – 28.03.1946 г.	Переписка с МИД СССР по розыску военнопленных и интернированных, т.1	РГВА. Ф. 1/П. Оп. 14е. Д. 4.	Рассекречено в 2018 году	Главное управление по делам военнопленных и интернированных НКВД–МВД СССР
28.03.1946 г. – 29.04.1946 г.	Переписка с МИД СССР по розыску военнопленных и интернированных, т.2	РГВА. Ф. 1/П. Оп. 14е. Д. 5.	Рассекречено в 2018 году	Главное управление по делам военнопленных и интернированных НКВД–МВД СССР
11.01.1946 г. – 22.07.1946 г.	Переписка с МИД СССР по розыску военнопленных и интернированных, т.3	РГВА. Ф. 1/П. Оп. 14е. Д. 6.	Рассекречено в 2018 году	Главное управление по делам военнопленных и интернированных НКВД–МВД СССР
02.08.1946 г. – 12.09.1946 г.	Переписка с МИД СССР по розыску военнопленных и интернированных, т.4	РГВА. Ф. 1/П. Оп. 14е. Д. 7.	Рассекречено в 2018 году	Главное управление по делам военнопленных и интернированных НКВД–МВД СССР
04.01.1946 г. – 05.10.1946 г.	Переписка с МИД СССР по розыску военнопленных и интернированных, т.5	РГВА. Ф. 1/П. Оп. 14е. Д. 8.	Рассекречено в 2018 году	Главное управление по делам военнопленных и интернированных НКВД–МВД СССР
09.10.1946 г. – 12.10.1946 г.	Переписка с МИД СССР по розыску военнопленных и интернированных, т.6	РГВА. Ф. 1/П. Оп. 14е. Д. 9.	Рассекречено в 2018 году	Главное управление по делам военнопленных и интернированных НКВД–МВД СССР
09.09.1946 г. – 19.09.1946 г.	Переписка с МИД СССР по розыску военнопленных и интернированных, т.7	РГВА. Ф. 1/П. Оп. 14е. Д. 10.	Рассекречено в 2018 году	Главное управление по делам военнопленных и интернированных НКВД–МВД СССР
15.01.1946 г. – 21.08.1946 г.	Переписка с МИД СССР по розыску военнопленных и интернированных, т.8	РГВА. Ф. 1/П. Оп. 14е. Д. 11.	Рассекречено в 2018 году	Главное управление по делам военнопленных и интернированных НКВД–МВД СССР
21.10.1946 г. – 28.12.1946 г.	Переписка с МИД СССР по розыску военнопленных и интернированных, т.9	РГВА. Ф. 1/П. Оп. 14е. Д. 12.	Рассекречено в 2018 году	Главное управление по делам военнопленных и интернированных НКВД–МВД СССР
13.02.1946 г. – 23.12.1946 г.	Переписка с МИД СССР по розыску военнопленных и интернированных, т.10	РГВА. Ф. 1/П. Оп. 14е. Д. 13.	Рассекречено в 2018 году	Главное управление по делам военнопленных и интернированных НКВД–МВД СССР
06.10.1946 г. – 16.12.1946 г.	Переписка с МИД СССР по розыску военнопленных и интернированных, т.11	РГВА. Ф. 1/П. Оп. 14е. Д. 14.	Рассекречено в 2018 году	Главное управление по делам военнопленных и интернированных НКВД–МВД СССР
27.05.1946 г. – 01.02.1947 г.	Переписка с МИД СССР по розыску военнопленных и интернированных, т.12	РГВА. Ф. 1/П. Оп. 14е. Д. 15.	Рассекречено в 2018 году	Главное управление по делам военнопленных и интернированных НКВД–МВД СССР
27.05.1946 г. – 01.02.1947 г.	Переписка с МИД СССР по розыску военнопленных и интернированных, т.13	РГВА. Ф. 1/П. Оп. 14е. Д. 16.	Рассекречено в 2018 году	Главное управление по делам военнопленных и интернированных НКВД–МВД СССР
27.05.1946 г. – 01.02.1947 г.	Переписка с МИД СССР по розыску военнопленных и интернированных, т.14	РГВА. Ф. 1/П. Оп. 14е. Д. 17.	Рассекречено в 2018 году	Главное управление по делам военнопленных и интернированных НКВД–МВД СССР
01.01.1946 г. – 15.04.1946 г.	Переписка с Союзными Контрольными Комиссиями по розыску и репатриации военнопленных и интернированных, т.1	РГВА. Ф. 1/П. Оп. 14е. Д. 18.	Рассекречено в 2018 году	Главное управление по делам военнопленных и интернированных НКВД–МВД СССР
30.01.1946 г. – 27.07.1946 г.	Переписка с Союзными Контрольными Комиссиями по розыску и репатриации военнопленных и интернированных, т.2	РГВА. Ф. 1/П. Оп. 14е. Д. 19.	Рассекречено в 2018 году	Главное управление по делам военнопленных и интернированных НКВД–МВД СССР
23.12.1946 г. – 26.12.1946 г.	Переписка с Союзными Контрольными Комиссиями по розыску и репатриации военнопленных и интернированных, т.5	РГВА. Ф. 1/П. Оп. 14е. Д. 22.	Рассекречено в 2018 году	Главное управление по делам военнопленных и интернированных НКВД–МВД СССР
30.09.1945 г. – 16.05.1946 г.	Переписка с Союзными Контрольными Комиссиями по розыску и репатриации военнопленных и интернированных, т.6	РГВА. Ф. 1/П. Оп. 14е. Д. 23.	Рассекречено в 2018 году	Главное управление по делам военнопленных и интернированных НКВД–МВД СССР
01.01.1946 г. – 14.02.1946 г.	Переписка с Союзными Контрольными Комиссиями по розыску и репатриации военнопленных и интернированных, т.8	РГВА. Ф. 1/П. Оп. 14е. Д. 25.	Рассекречено в 2018 году	Главное управление по делам военнопленных и интернированных НКВД–МВД СССР
01.01.1946 г. – 04.06.1946 г.	Переписка с органами репатриации по розыску и репатриации военнопленных, т.1	РГВА. Ф. 1/П. Оп. 14е. Д. 26.	Рассекречено в 2018 году	Главное управление по делам военнопленных и интернированных НКВД–МВД СССР
05.08.1945 г. – 02.12.1946 г.	Учет военнопленных генералов бывшей японской армии	РГВА. Ф. 1/П. Оп. 14е. Д. 34.	Рассекречено в 2018 году	Главное управление по делам военнопленных и интернированных НКВД–МВД СССР
10.05.1946 г. – 01.07.1946 г.	Переписка о подследственных и заключенных японцах, лагерь № 288	РГВА. Ф. 1/П. Оп. 15е. Д. 25.	Рассекречено в 2018 году	Главное управление по делам военнопленных и интернированных НКВД–МВД СССР
01.10.1946 г. – 01.06.1947 г.	Переписка о подследственных и заключенных японцах, лагерь № 26	РГВА. Ф. 1/П. Оп. 15е. Д. 26.	Рассекречено в 2018 году	Главное управление по делам военнопленных и интернированных НКВД–МВД СССР
06.12.1947 г. – 14.01.1947 г.	Переписка с МГБ СССР о розыске и проверке военнопленных	РГВА. Ф. 1/П. Оп. 16е. Д. 4.	Рассекречено в 2018 году	Главное управление по делам военнопленных и интернированных НКВД–МВД СССР
15.07.1946 г. – 20.06.1947 г.	Переписка с МИД СССР по розыску и освобождению военнопленных и интернированных, т.17	РГВА. Ф. 1/П. Оп. 16е. Д. 27.	Рассекречено в 2018 году	Главное управление по делам военнопленных и интернированных НКВД–МВД СССР
20.08.1947 г. – 01.12.1947 г.	Переписка с МИД СССР по розыску и освобождению военнопленных и интернированных, т.18	РГВА. Ф. 1/П. Оп. 16е. Д. 28.	Рассекречено в 2018 году	Главное управление по делам военнопленных и интернированных НКВД–МВД СССР
04.03.1947 г. – 01.12.1947 г.	Переписка с МИД СССР по розыску и освобождению военнопленных и интернированных, т.19	РГВА. Ф. 1/П. Оп. 16е. Д. 29.	Рассекречено в 2018 году	Главное управление по делам военнопленных и интернированных НКВД–МВД СССР
01.12.1947 г. – 29.03.1948 г.	Переписка с МИД СССР по розыску и освобождению военнопленных и интернированных, т.20	РГВА. Ф. 1/П. Оп. 16е. Д. 30.	Рассекречено в 2018 году	Главное управление по делам военнопленных и интернированных НКВД–МВД СССР
19.12.1946 г. – 15.09.1947 г.	Переписка с МИД СССР по розыску и освобождению военнопленных и интернированных, т.21	РГВА. Ф. 1/П. Оп. 16е. Д. 31.	Рассекречено в 2018 году	Главное управление по делам военнопленных и интернированных НКВД–МВД СССР
28.06.1946 г. – 24.04.1947 г.	Переписка с МИД СССР по розыску и освобождению военнопленных и интернированных, т.22	РГВА. Ф. 1/П. Оп. 16е. Д. 32.	Рассекречено в 2018 году	Главное управление по делам военнопленных и интернированных НКВД–МВД СССР
14.08.1946 г. – 01.01.1947 г.	Переписка с МИД СССР по розыску и освобождению военнопленных и интернированных, т.23	РГВА. Ф. 1/П. Оп. 16е. Д. 33.	Рассекречено в 2018 году	Главное управление по делам военнопленных и интернированных НКВД–МВД СССР
04.02.1947 г. – 27.08.1947 г.	Переписка с Союзными Контрольными Комиссиями по розыску и репатриации военнопленных и интернированных, т.2	РГВА. Ф. 1/П. Оп. 16е. Д. 35.	Рассекречено в 2018 году	Главное управление по делам военнопленных и интернированных НКВД–МВД СССР
30.06.1947 г. – 26.12.1947 г.	Переписка с Союзными Контрольными Комиссиями по розыску и репатриации военнопленных и интернированных, т.3	РГВА. Ф. 1/П. Оп. 16е. Д. 36.	Рассекречено в 2018 году	Главное управление по делам военнопленных и интернированных НКВД–МВД СССР
02.04.1947 г. – 18.09.1947 г.	Переписка с органами репатриации по розыску и репатриации военнопленных, т.3	РГВА. Ф. 1/П. Оп. 16е. Д. 39.	Рассекречено в 2018 году	Главное управление по делам военнопленных и интернированных НКВД–МВД СССР
17.06.1947 г. – 09.10.1947 г.	Переписка с органами репатриации по розыску и репатриации военнопленных, т.4	РГВА. Ф. 1/П. Оп. 16е. Д. 40.	Рассекречено в 2018 году	Главное управление по делам военнопленных и интернированных НКВД–МВД СССР
30.06.1947 г. – 17.12.1947 г.	Переписка с органами репатриации по розыску и репатриации военнопленных, т.6	РГВА. Ф. 1/П. Оп. 16е. Д. 42.	Рассекречено в 2018 году	Главное управление по делам военнопленных и интернированных НКВД–МВД СССР
22.05.1947 г. – 28.10.1947 г.	Переписка с органами репатриации по розыску и репатриации военнопленных, т.7	РГВА. Ф. 1/П. Оп. 16е. Д. 43.	Рассекречено в 2018 году	Главное управление по делам военнопленных и интернированных НКВД–МВД СССР
12.11.1947 г. – 28.05.1948 г.	Переписка с органами репатриации по розыску и репатриации военнопленных, т.8	РГВА. Ф. 1/П. Оп. 16е. Д. 44.	Рассекречено в 2018 году	Главное управление по делам военнопленных и интернированных НКВД–МВД СССР
10.01.1947 г. – 24.06.1947 г.	Переписка с Красным Крестом о розыске военнопленных и интернированных, т.1	РГВА. Ф. 1/П. Оп. 16е. Д. 45.	Рассекречено в 2018 году	Главное управление по делам военнопленных и интернированных НКВД–МВД СССР
20.05.1947 г. – 05.09.1947 г.	Переписка с Красным Крестом о розыске военнопленных и интернированных, т.12	РГВА. Ф. 1/П. Оп. 16е. Д. 46.	Рассекречено в 2018 году	Главное управление по делам военнопленных и интернированных НКВД–МВД СССР
11.04.1947 г. – 30.12.1947 г.	Переписка с Красным Крестом о розыске военнопленных и интернированных, т.3	РГВА. Ф. 1/П. Оп. 16е. Д. 47.	Рассекречено в 2018 году	Главное управление по делам военнопленных и интернированных НКВД–МВД СССР
14.05.1947 г. – 11.11.1947 г.	Дело с донесениями о несчастных случаях	РГВА. Ф. 1/П. Оп. 16е. Д. 49.	Рассекречено в 2018 году	Главное управление по делам военнопленных и интернированных НКВД–МВД СССР
01.01.1947 г. – 31.12.1947 г.	Списки военнопленных, содержащихся в тюрьмах	РГВА. Ф. 1/П. Оп. 16е. Д. 53.	Рассекречено в 2018 году	Главное управление по делам военнопленных и интернированных НКВД–МВД СССР
01.01.1947 г. – 31.12.1947 г.	Справки (копии) для руководства по интернированным и арестованным	РГВА. Ф. 1/П. Оп. 16е. Д. 54.	Рассекречено в 2018 году	Главное управление по делам военнопленных и интернированных НКВД–МВД СССР
03.03.1947 г. – 04.04.1947 г.	С материалами по директиве ГУПВИ МВД СССР № 8/66 от 24.12.1946 г. о производстве генеральной сверки наличия военнопленных и интернированных с учетными данными, т.1	РГВА. Ф. 1/П. Оп. 17е. Д. 2.	Рассекречено в 2018 году	Главное управление по делам военнопленных и интернированных НКВД–МВД СССР
14.03.1947 г. – 07.04.1947 г.	С материалами по директиве ГУПВИ МВД СССР № 8/66 от 24.12.1946 г. о производстве генеральной сверки наличия военнопленных и интернированных с учетными данными, т. 2	РГВА. Ф. 1/П. Оп. 17е. Д. 3.	Рассекречено в 2018 году	Главное управление по делам военнопленных и интернированных НКВД–МВД СССР
22.03.1947 г. – 27.03.1947 г.	С материалами по директиве ГУПВИ МВД СССР № 8/66 от 24.12.1946 г. о производстве генеральной сверки наличия военнопленных и интернированных с учетными данными, т.3	РГВА. Ф. 1/П. Оп. 17е. Д. 4.	Рассекречено в 2018 году	Главное управление по делам военнопленных и интернированных НКВД–МВД СССР
12.03.1947 г. – 21.04.1947 г.	С материалами по директиве ГУПВИ МВД СССР № 8/66 от 24.12.1946 г. о производстве генеральной сверки наличия военнопленных и интернированных с учетными данными, т.4	РГВА. Ф. 1/П. Оп. 17е. Д. 5.	Рассекречено в 2018 году	Главное управление по делам военнопленных и интернированных НКВД–МВД СССР
06.04.1947 г. – 17.04.1947 г.	С материалами по директиве ГУПВИ МВД СССР № 8/66 от 24.12.1946 г. о производстве генеральной сверки наличия военнопленных и интернированных с учетными данными, т.5	РГВА. Ф. 1/П. Оп. 17е. Д. 6.	Рассекречено в 2018 году	Главное управление по делам военнопленных и интернированных НКВД–МВД СССР
04.03.1947 г. – 16.04.1947 г.	С материалами по директиве ГУПВИ МВД СССР № 8/66 от 24.12.1946 г. о производстве генеральной сверки наличия военнопленных и интернированных с учетными данными, т.6	РГВА. Ф. 1/П. Оп. 17е. Д. 7.	Рассекречено в 2018 году	Главное управление по делам военнопленных и интернированных НКВД–МВД СССР
08.02.1947 г. – 05.04.1947 г.	С материалами по директиве ГУПВИ МВД СССР № 8/66 от 24.12.1946 г. о производстве генеральной сверки наличия военнопленных и интернированных с учетными данными, т.7	РГВА. Ф. 1/П. Оп. 17е. Д. 8.	Рассекречено в 2018 году	Главное управление по делам военнопленных и интернированных НКВД–МВД СССР
01.03.1947 г. – 02.04.1947 г.	С материалами по директиве ГУПВИ МВД СССР № 8/66 от 24.12.1946 г. о производстве генеральной сверки наличия военнопленных и интернированных с учетными данными, т.8	РГВА. Ф. 1/П. Оп. 17е. Д. 9.	Рассекречено в 2018 году	Главное управление по делам военнопленных и интернированных НКВД–МВД СССР
25.03.1947 г. – 26.09.1947 г.	С материалами по директиве ГУПВИ МВД СССР № 8/66 от 24.12.1946 г. о производстве генеральной сверки наличия военнопленных и интернированных с учетными данными, т.9	РГВА. Ф. 1/П. Оп. 17е. Д. 10.	Рассекречено в 2018 году	Главное управление по делам военнопленных и интернированных НКВД–МВД СССР
28.03.1947 г. – 16.10.1947 г.	С материалами по директиве ГУПВИ МВД СССР № 8/66 от 24.12.1946 г. о производстве генеральной сверки наличия военнопленных и интернированных с учетными данными, т.10	РГВА. Ф. 1/П. Оп. 17е. Д. 11.	Рассекречено в 2018 году	Главное управление по делам военнопленных и интернированных НКВД–МВД СССР
04.03.1947 г. – 18.04.1947 г.	С материалами по директиве ГУПВИ МВД СССР № 8/66 от 24.12.1946 г. о производстве генеральной сверки наличия военнопленных и интернированных с учетными данными, т.11	РГВА. Ф. 1/П. Оп. 17е. Д. 12.	Рассекречено в 2018 году	Главное управление по делам военнопленных и интернированных НКВД–МВД СССР
22.03.1947 г. – 06.09.1947 г.	С материалами по директиве ГУПВИ МВД СССР № 8/66 от 24.12.1946 г. о производстве генеральной сверки наличия военнопленных и интернированных с учетными данными, т.12	РГВА. Ф. 1/П. Оп. 17е. Д. 13.	Рассекречено в 2018 году	Главное управление по делам военнопленных и интернированных НКВД–МВД СССР
01.03.1947 г. – 16.04.1947 г.	С материалами по директиве ГУПВИ МВД СССР № 8/66 от 24.12.1946 г. о производстве генеральной сверки наличия военнопленных и интернированных с учетными данными, т.1	РГВА. Ф. 1/П. Оп. 17е. Д. 14.	Рассекречено в 2018 году	Главное управление по делам военнопленных и интернированных НКВД–МВД СССР
19.04.1947 г. – 23.04.1947 г.	С материалами по директиве ГУПВИ МВД СССР № 8/66 от 24.12.1946г. о производстве генеральной сверки наличия военнопленных и интернированных с учетными данными, т.1	РГВА. Ф. 1/П. Оп. 17е. Д. 15.	Рассекречено в 2018 году	Главное управление по делам военнопленных и интернированных НКВД–МВД СССР
24.03.1947 г. – 13.09.1947 г.	С материалами по директиве ГУПВИ МВД СССР № 8/66 от 24.12.1946 г. о производстве генеральной сверки наличия военнопленных и интернированных с учетными данными, т.1	РГВА. Ф. 1/П. Оп. 17е. Д. 16.	Рассекречено в 2018 году	Главное управление по делам военнопленных и интернированных НКВД–МВД СССР
25.03.1947 г. – 07.07.1947 г.	С материалами по директиве ГУПВИ МВД СССР № 8/66 от 24.12.1946 г. о производстве генеральной сверки наличия военнопленных и интернированных с учетными данными, т.1	РГВА. Ф. 1/П. Оп. 17е. Д. 17.	Рассекречено в 2018 году	Главное управление по делам военнопленных и интернированных НКВД–МВД СССР
14.03.1947 г. – 08.09.1947 г.	Список военнопленных старшего офицерского состава по национальности японцев	РГВА. Ф. 1/П. Оп. 17е. Д. 18.	Рассекречено в 2018 году	Главное управление по делам военнопленных и интернированных НКВД–МВД СССР
01.05.1947 г. – 01.05.1947 г.	Список военнопленных старшего офицерского состава по национальности японцев	РГВА. Ф. 1/П. Оп. 17е. Д. 101.	Рассекречено в 2018 году	Главное управление по делам военнопленных и интернированных НКВД–МВД СССР
23.01.1948 г. – 06.03.1948 г.	Переписка с МИД СССР по розыску и освобождению военнопленных и интернированных, т.2	РГВА. Ф. 1/П. Оп. 18е. Д. 8.	Рассекречено в 2018 году	Главное управление по делам военнопленных и интернированных НКВД–МВД СССР
24.06.1947 г. – 30.03.1948 г.	Переписка с МИД СССР по розыску и освобождению военнопленных и интернированных, т.3	РГВА. Ф. 1/П. Оп. 18е. Д. 9.	Рассекречено в 2018 году	Главное управление по делам военнопленных и интернированных НКВД–МВД СССР
01.01.1948 г. – 05.06.1948 г.	Переписка с МИД СССР по розыску и освобождению военнопленных и интернированных, т.5	РГВА. Ф. 1/П. Оп. 18е. Д. 11.	Рассекречено в 2018 году	Главное управление по делам военнопленных и интернированных НКВД–МВД СССР
05.03.1948 г. – 14.07.1948 г.	Переписка с МИД СССР по розыску и освобождению военнопленных и интернированных, т.6	РГВА. Ф. 1/П. Оп. 18е. Д. 12.	Рассекречено в 2018 году	Главное управление по делам военнопленных и интернированных НКВД–МВД СССР
01.04.1948 г. – 19.04.1948 г.	Переписка с МИД СССР по розыску и освобождению военнопленных и интернированных, т.7	РГВА. Ф. 1/П. Оп. 18е. Д. 13.	Рассекречено в 2018 году	Главное управление по делам военнопленных и интернированных НКВД–МВД СССР
16.06.1948 г. – 14.09.1948 г.	Переписка с МИД СССР по розыску и освобождению военнопленных и интернированных, т.8	РГВА. Ф. 1/П. Оп. 18е. Д. 14.	Рассекречено в 2018 году	Главное управление по делам военнопленных и интернированных НКВД–МВД СССР
25.05.1948 г. – 23.10.1948 г.	Переписка с МИД СССР по розыску и освобождению военнопленных и интернированных, т.9	РГВА. Ф. 1/П. Оп. 18е. Д. 15.	Рассекречено в 2018 году	Главное управление по делам военнопленных и интернированных НКВД–МВД СССР
20.09.1948 г. – 20.11.1948 г.	Переписка с МИД СССР по розыску и освобождению военнопленных и интернированных, т.10	РГВА. Ф. 1/П. Оп. 18е. Д. 16.	Рассекречено в 2018 году	Главное управление по делам военнопленных и интернированных НКВД–МВД СССР
22.11.1948 г. – 15.12.1948 г.	Переписка с МИД СССР по розыску и освобождению военнопленных и интернированных, т.11	РГВА. Ф. 1/П. Оп. 18е. Д. 17.	Рассекречено в 2018 году	Главное управление по делам военнопленных и интернированных НКВД–МВД СССР
16.10.1948 г. – 31.12.1948 г.	Переписка с МИД СССР по розыску и освобождению военнопленных и интернированных, т.12	РГВА. Ф. 1/П. Оп. 18е. Д. 18.	Рассекречено в 2018 году	Главное управление по делам военнопленных и интернированных НКВД–МВД СССР
01.01.1948 г. – 31.12.1948 г.	Переписка с МИД СССР по розыску и освобождению военнопленных и интернированных, т.13	РГВА. Ф. 1/П. Оп. 18е. Д. 19.	Рассекречено в 2018 году	Главное управление по делам военнопленных и интернированных НКВД–МВД СССР
01.01.1948 г. – 03.03.1948 г.	Переписка с органами репатриации по розыску и репатриации военнопленных, т.1	РГВА. Ф. 1/П. Оп. 18е. Д. 20.	Рассекречено в 2018 году	Главное управление по делам военнопленных и интернированных НКВД–МВД СССР
01.03.1948 г. – 31.03.1948 г.	Переписка с органами репатриации по розыску и репатриации военнопленных, т.2	РГВА. Ф. 1/П. Оп. 18е. Д. 21.	Рассекречено в 2018 году	Главное управление по делам военнопленных и интернированных НКВД–МВД СССР
02.04.1948 г. – 12.06.1948 г.	Переписка с органами репатриации по розыску и репатриации военнопленных, т.3	РГВА. Ф. 1/П. Оп. 18е. Д. 22.	Рассекречено в 2018 году	Главное управление по делам военнопленных и интернированных НКВД–МВД СССР
30.09.1948 г. – 13.10.1948 г.	Переписка с органами репатриации по розыску и репатриации военнопленных, т.5	РГВА. Ф. 1/П. Оп. 18е. Д. 24.	Рассекречено в 2018 году	Главное управление по делам военнопленных и интернированных НКВД–МВД СССР
14.10.1947 г. – 12.04.1948 г.	Переписка с органами репатриации по розыску и репатриации военнопленных, т.6	РГВА. Ф. 1/П. Оп. 18е. Д. 25.	Рассекречено в 2018 году	Главное управление по делам военнопленных и интернированных НКВД–МВД СССР
07.02.1948 г. – 06.10.1948 г.	Переписка с органами репатриации по розыску и репатриации военнопленных, т.7	РГВА. Ф. 1/П. Оп. 18е. Д. 26.	Рассекречено в 2018 году	Главное управление по делам военнопленных и интернированных НКВД–МВД СССР
17.01.1948 г. – 05.10.1948 г.	Переписка с органами репатриации по розыску и репатриации военнопленных, т.8	РГВА. Ф. 1/П. Оп. 18е. Д. 27.	Рассекречено в 2018 году	Главное управление по делам военнопленных и интернированных НКВД–МВД СССР
23.06.1948 г. – 16.12.1948 г.	Переписка с органами репатриации по розыску и репатриации военнопленных, т.9	РГВА. Ф. 1/П. Оп. 18е. Д. 28.	Рассекречено в 2018 году	Главное управление по делам военнопленных и интернированных НКВД–МВД СССР
01.01.1948 г. – 03.03.1948 г.	Переписка с Союзными Контрольными Комиссиями по розыску и репатриации военнопленных и интернированных, т.1	РГВА. Ф. 1/П. Оп. 18е. Д. 29.	Рассекречено в 2018 году	Главное управление по делам военнопленных и интернированных НКВД–МВД СССР
06.12.1947 г. – 07.06.1948 г.	Переписка с Союзными Контрольными Комиссиями по розыску и репатриации военнопленных и интернированных, т.2	РГВА. Ф. 1/П. Оп. 18е. Д. 30.	Рассекречено в 2018 году	Главное управление по делам военнопленных и интернированных НКВД–МВД СССР
04.06.1947 г. – 31.12.1948 г.	Переписка с Союзными Контрольными Комиссиями по розыску и репатриации военнопленных и интернированных, т.3	РГВА. Ф. 1/П. Оп. 18е. Д. 31.	Рассекречено в 2018 году	Главное управление по делам военнопленных и интернированных НКВД–МВД СССР
01.01.1948 г. – 09.03.1948 г.	Переписка с Красным Крестом по розыску военнопленных и денежным переводам на имя военнопленных и интернированных, т.1	РГВА. Ф. 1/П. Оп. 18е. Д. 32.	Рассекречено в 2018 году	Главное управление по делам военнопленных и интернированных НКВД–МВД СССР
01.03.1948 г. – 12.06.1948 г.	Переписка с Красным Крестом по розыску военнопленных и денежным переводам на имя военнопленных и интернированных, т.2	РГВА. Ф. 1/П. Оп. 18е. Д. 33.	Рассекречено в 2018 году	Главное управление по делам военнопленных и интернированных НКВД–МВД СССР
23.07.1948 г. – 26.10.1948 г.	Переписка с Красным Крестом по розыску военнопленных и денежным переводам на имя военнопленных и интернированных, т.3	РГВА. Ф. 1/П. Оп. 18е. Д. 34.	Рассекречено в 2018 году	Главное управление по делам военнопленных и интернированных НКВД–МВД СССР
27.10.1948 г. – 30.12.1948 г.	Переписка с Красным Крестом по розыску военнопленных и денежным переводам на имя военнопленных и интернированных, т.4	РГВА. Ф. 1/П. Оп. 18е. Д. 35.	Рассекречено в 2018 году	Главное управление по делам военнопленных и интернированных НКВД–МВД СССР
01.08.1948 г. – 11.02.1949 г.	Заявления военнопленных, ходатайствующих о приеме в гражданство СССР	РГВА. Ф. 1/П. Оп. 18е. Д. 36.	Рассекречено в 2018 году	Главное управление по делам военнопленных и интернированных НКВД–МВД СССР
01.04.1948 г. – 02.11.1948 г.	Переписка с О.У. ГУПВИ МВД СССР о проверке военнопленных и интернированных, т.1	РГВА. Ф. 1/П. Оп. 19е. Д. 1.	Рассекречено в 2018 году	Главное управление по делам военнопленных и интернированных НКВД–МВД СССР
01.10.1948 г. – 29.01.1949 г.	Переписка с О.У. ГУПВИ МВД СССР о проверке военнопленных и интернированных, т.2	РГВА. Ф. 1/П. Оп. 19е. Д. 2.	Рассекречено в 2018 году	Главное управление по делам военнопленных и интернированных НКВД–МВД СССР
01.01.1948 г. – 03.11.1948 г.	Переписка со «СМЕРШ» и МВД СССР по розыску и репатриации военнопленных и интернированных	РГВА. Ф. 1/П. Оп. 19е. Д. 3.	Рассекречено в 2018 году	Главное управление по делам военнопленных и интернированных НКВД–МВД СССР
27.04.1948 г. – 31.08.1948 г.	Переписка о военнопленных и интернированных не японской национальности (корейцы, китайцы, монголы и другие)	РГВА. Ф. 1/П. Оп. 19е. Д. 8.	Рассекречено в 2018 году	Главное управление по делам военнопленных и интернированных НКВД–МВД СССР
01.01.1949 г. – 05.05.1949 г.	Переписка с МГБ СССР по розыску военнопленных, т.1	РГВА. Ф. 1/П. Оп. 20е. Д. 2.	Рассекречено в 2018 году	Главное управление по делам военнопленных и интернированных НКВД–МВД СССР
05.05.1949 г. – 22.11.1949 г.	Переписка с МГБ СССР по розыску военнопленных, т.2	РГВА. Ф. 1/П. Оп. 20е. Д. 3.	Рассекречено в 2018 году	Главное управление по делам военнопленных и интернированных НКВД–МВД СССР
01.11.1949 г. – 31.12.1949 г.	Переписка с МГБ СССР по розыску военнопленных, т.3	РГВА. Ф. 1/П. Оп. 20е. Д. 4.	Рассекречено в 2018 году	Главное управление по делам военнопленных и интернированных НКВД–МВД СССР
01.01.1949 г. – 22.07.1949 г.	Переписка с МВД СССР по розыску и репатриации военнопленных, т.1	РГВА. Ф. 1/П. Оп. 20е. Д. 5.	Рассекречено в 2018 году	Главное управление по делам военнопленных и интернированных НКВД–МВД СССР
23.07.1949 г. – 31.12.1949 г.	Переписка с МВД СССР по розыску и репатриации военнопленных, т.2	РГВА. Ф. 1/П. Оп. 20е. Д. 6.	Рассекречено в 2018 году	Главное управление по делам военнопленных и интернированных НКВД–МВД СССР
01.01.1949 г. – 18.03.1949 г.	Переписка с МИД СССР о розыске и освобождении военнопленных и интернированных, т.1	РГВА. Ф. 1/П. Оп. 20е. Д. 7.	Рассекречено в 2018 году	Главное управление по делам военнопленных и интернированных НКВД–МВД СССР
18.03.1949 г. – 27.05.1949 г.	Переписка с МИД СССР о розыске и освобождении военнопленных и интернированных, т.2	РГВА. Ф. 1/П. Оп. 20е. Д. 8.	Рассекречено в 2018 году	Главное управление по делам военнопленных и интернированных НКВД–МВД СССР
27.05.1949 г. – 23.06.1949 г.	Переписка с МИД СССР о розыске и освобождении военнопленных и интернированных, т.3	РГВА. Ф. 1/П. Оп. 20е. Д. 9.	Рассекречено в 2018 году	Главное управление по делам военнопленных и интернированных НКВД–МВД СССР
27.05.1949 г. – 17.08.1949 г.	Переписка с МИД СССР о розыске и освобождении военнопленных и интернированных, т.4	РГВА. Ф. 1/П. Оп. 20е. Д. 10.	Рассекречено в 2018 году	Главное управление по делам военнопленных и интернированных НКВД–МВД СССР
10.08.1949 г. – 03.09.1949 г.	Переписка с МИД СССР о розыске и освобождении военнопленных и интернированных, т.6	РГВА. Ф. 1/П. Оп. 20е. Д. 12.	Рассекречено в 2018 году	Главное управление по делам военнопленных и интернированных НКВД–МВД СССР
03.09.1949 г. – 31.12.1949 г.	Переписка с МИД СССР о розыске и освобождении военнопленных и интернированных, т.7	РГВА. Ф. 1/П. Оп. 20е. Д. 13.	Рассекречено в 2018 году	Главное управление по делам военнопленных и интернированных НКВД–МВД СССР
10.10.1948 г. – 31.07.1949 г.	Переписка с МИД СССР о розыске и освобождении военнопленных и интернированных, т.8	РГВА. Ф. 1/П. Оп. 20е. Д. 14.	Рассекречено в 2018 году	Главное управление по делам военнопленных и интернированных НКВД–МВД СССР
03.03.1948 г. – 06.10.1949 г.	Переписка с МИД СССР о розыске и освобождении военнопленных и интернированных, т.9	РГВА. Ф. 1/П. Оп. 20е. Д. 15.	Рассекречено в 2018 году	Главное управление по делам военнопленных и интернированных НКВД–МВД СССР
25.10.1949 г. – 30.10.1949 г.	Переписка с МИД СССР о розыске и освобождении военнопленных и интернированных, т.9	РГВА. Ф. 1/П. Оп. 20е. Д. 16.	Рассекречено в 2018 году	Главное управление по делам военнопленных и интернированных НКВД–МВД СССР
12.12.1947 г. – 12.01.1949 г.	Переписка с МИД СССР о розыске и освобождении военнопленных и интернированных, т.10	РГВА. Ф. 1/П. Оп. 20е. Д. 17.	Рассекречено в 2018 году	Главное управление по делам военнопленных и интернированных НКВД–МВД СССР
08.10.1949 г. – 31.12.1949 г.	Переписка с МИД СССР о розыске и освобождении военнопленных и интернированных, т.11	РГВА. Ф. 1/П. Оп. 20е. Д. 18.	Рассекречено в 2018 году	Главное управление по делам военнопленных и интернированных НКВД–МВД СССР
01.01.1949 г. – 25.03.1949 г.	Переписка с органами репатриации по розыску и репатриации военнопленных, т.1	РГВА. Ф. 1/П. Оп. 20е. Д. 19.	Рассекречено в 2018 году	Главное управление по делам военнопленных и интернированных НКВД–МВД СССР
11.03.1949 г. – 21.07.1949 г.	Переписка с органами репатриации по розыску и репатриации военнопленных, т.2	РГВА. Ф. 1/П. Оп. 20е. Д. 20.	Рассекречено в 2018 году	Главное управление по делам военнопленных и интернированных НКВД–МВД СССР
21.07.1949 г. – 22.11.1949 г.	Переписка с органами репатриации по розыску и репатриации военнопленных, т.3	РГВА. Ф. 1/П. Оп. 20е. Д. 21.	Рассекречено в 2018 году	Главное управление по делам военнопленных и интернированных НКВД–МВД СССР
23.06.1949 г. – 31.12.1949 г.	Переписка с органами репатриации по розыску и репатриации военнопленных, т.4	РГВА. Ф. 1/П. Оп. 20е. Д. 22.	Рассекречено в 2018 году	Главное управление по делам военнопленных и интернированных НКВД–МВД СССР
01.01.1949 г. – 16.03.1949 г.	Переписка с Красным Крестом по розыску военнопленных и интернированных, т.1	РГВА. Ф. 1/П. Оп. 20е. Д. 23.	Рассекречено в 2018 году	Главное управление по делам военнопленных и интернированных НКВД–МВД СССР
16.03.1949 г. – 08.04.1949 г.	Переписка с Красным Крестом по розыску военнопленных и интернированных, т.2	РГВА. Ф. 1/П. Оп. 20е. Д. 24.	Рассекречено в 2018 году	Главное управление по делам военнопленных и интернированных НКВД–МВД СССР
08.04.1949 г. – 26.04.1949 г.	Переписка с Красным Крестом по розыску военнопленных и интернированных, т.3	РГВА. Ф. 1/П. Оп. 20е. Д. 25.	Рассекречено в 2018 году	Главное управление по делам военнопленных и интернированных НКВД–МВД СССР
26.04.1949 г. – 12.05.1949 г.	Переписка с Красным Крестом по розыску военнопленных и интернированных, т.4	РГВА. Ф. 1/П. Оп. 20е. Д. 26.	Рассекречено в 2018 году	Главное управление по делам военнопленных и интернированных НКВД–МВД СССР
12.05.1949 г. – 03.06.1949 г.	Переписка с Красным Крестом по розыску военнопленных и интернированных, т.5	РГВА. Ф. 1/П. Оп. 20е. Д. 27.	Рассекречено в 2018 году	Главное управление по делам военнопленных и интернированных НКВД–МВД СССР
03.06.1949 г. – 30.06.1949 г.	Переписка с Красным Крестом по розыску военнопленных и интернированных, т.6	РГВА. Ф. 1/П. Оп. 20е. Д. 28.	Рассекречено в 2018 году	Главное управление по делам военнопленных и интернированных НКВД–МВД СССР
14.07.1949 г. – 28.12.1949 г.	Переписка с Красным Крестом по розыску военнопленных и интернированных, т.8	РГВА. Ф. 1/П. Оп. 20е. Д. 30.	Рассекречено в 2018 году	Главное управление по делам военнопленных и интернированных НКВД–МВД СССР
01.09.1949 г. – 31.12.1949 г.	Переписка с Красным Крестом по розыску военнопленных и интернированных, т.9	РГВА. Ф. 1/П. Оп. 20е. Д. 31.	Рассекречено в 2018 году	Главное управление по делам военнопленных и интернированных НКВД–МВД СССР
01.02.1949 г. – 31.12.1949 г.	Справки (копии) для руководства по интернированным и военнопленным	РГВА. Ф. 1/П. Оп. 20е. Д. 32.	Рассекречено в 2018 году	Главное управление по делам военнопленных и интернированных НКВД–МВД СССР
08.01.1949 г. – 31.12.1949 г.	Переписка о репатриации военнопленных и интернированных польских граждан по приказу МВД СССР № 00839-1947г.	РГВА. Ф. 1/П. Оп. 20е. Д. 33.	Рассекречено в 2018 году	Главное управление по делам военнопленных и интернированных НКВД–МВД СССР
04.04.1949 г. – 31.12.1949 г.	Переписка о репатриации польских граждан	РГВА. Ф. 1/П. Оп. 20е. Д. 34.	Рассекречено в 2018 году	Главное управление по делам военнопленных и интернированных НКВД–МВД СССР
14.12.1949 г. – 14.12.1949 г.	Список военнопленных генералов бывших европейских армий. Экз. №1	РГВА. Ф. 1/П. Оп. 20е. Д. 35.	Рассекречено в 2018 году	Главное управление по делам военнопленных и интернированных НКВД–МВД СССР
03.01.1949 г. – 01.04.1953 г.	Списочная численность личного состава УПВИ и его периферийных органов (строевые записки)	РГВА. Ф. 1/П. Оп. 21г. Д. 1.	Рассекречено в 2018 году	Главное управление по делам военнопленных и интернированных НКВД–МВД СССР
02.01.1953 г. – 28.01.1953 г.	Переписка по жалобам и заявлениям личного состава (лагерь МВД)	РГВА. Ф. 1/П. Оп. 21г. Д. 2.	Рассекречено в 2018 году	Главное управление по делам военнопленных и интернированных НКВД–МВД СССР
13.01.1953 г. – 28.04.1953 г.	Переписка по личному составу УПВИ	РГВА. Ф. 1/П. Оп. 21г. Д. 3.	Рассекречено в 2018 году	Главное управление по делам военнопленных и интернированных НКВД–МВД СССР
05.01.1949 г. – 31.05.1949 г.	Переписка с О.У. ГУПВИ МВД СССР по учету, розыску и перемещениям военнопленных, т.1	РГВА. Ф. 1/П. Оп. 21е. Д. 3.	Рассекречено в 2018 году	Главное управление по делам военнопленных и интернированных НКВД–МВД СССР
02.01.1953 г. – 06.05.1953 г.	Переписка по учету личных дел	РГВА. Ф. 1/П. Оп. 21г. Д. 4.	Рассекречено в 2018 году	Главное управление по делам военнопленных и интернированных НКВД–МВД СССР
14.03.1949 г. – 19.08.1949 г.	Переписка с О.У. ГУПВИ МВД СССР по учету, розыску и перемещениям военнопленных, т.2	РГВА. Ф. 1/П. Оп. 21е. Д. 4.	Рассекречено в 2018 году	Главное управление по делам военнопленных и интернированных НКВД–МВД СССР
02.01.1953 г. – 18.03.1953 г.	Документы на присвоение специальных званий личному составу УПВИ и лагерей	РГВА. Ф. 1/П. Оп. 21г. Д. 5.	Рассекречено в 2018 году	Главное управление по делам военнопленных и интернированных НКВД–МВД СССР
02.07.1949 г. – 09.09.1949 г.	Переписка с О.У. ГУПВИ МВД СССР по учету, розыску и перемещениям военнопленных, т.3	РГВА. Ф. 1/П. Оп. 21е. Д. 5.	Рассекречено в 2018 году	Главное управление по делам военнопленных и интернированных НКВД–МВД СССР
02.01.1953 г. – 08.04.1953 г.	Разная переписка о прохождении службы личным составом УПВИ и лагерей, т.1	РГВА. Ф. 1/П. Оп. 21г. Д. 6.	Рассекречено в 2018 году	Главное управление по делам военнопленных и интернированных НКВД–МВД СССР
08.04.1953 г. – 09.05.1953 г.	Разная переписка о прохождении службы личным составом УПВИ и лагерей, т.2	РГВА. Ф. 1/П. Оп. 21г. Д. 7.	Рассекречено в 2018 году	Главное управление по делам военнопленных и интернированных НКВД–МВД СССР
10.01.1953 г. – 30.04.1953 г.	Разная несекретная переписка по личному составу УПВИ МВД СССР	РГВА. Ф. 1/П. Оп. 21г. Д. 8.	Рассекречено в 2018 году	Главное управление по делам военнопленных и интернированных НКВД–МВД СССР
01.01.1953 г. – 30.03.1953 г.	Переписка по учету личных дислокации лагерей, лаготделений и другим организационным вопросам	РГВА. Ф. 1/П. Оп. 21г. Д. 9.	Рассекречено в 2018 году	Главное управление по делам военнопленных и интернированных НКВД–МВД СССР
02.01.1953 г. – 07.03.1953 г.	Переписка по штатным вопросам	РГВА. Ф. 1/П. Оп. 21г. Д. 10.	Рассекречено в 2018 году	Главное управление по делам военнопленных и интернированных НКВД–МВД СССР
27.01.1953 г. – 31.05.1953 г.	Переписка по боевой, политической и служебной подготовке в лагерях	РГВА. Ф. 1/П. Оп. 21г. Д. 11.	Рассекречено в 2018 году	Главное управление по делам военнопленных и интернированных НКВД–МВД СССР
18.02.1953 г. – 06.05.1953 г.	Месячные отчеты лагерей по трудовому использованию контингента	РГВА. Ф. 1/П. Оп. 21г. Д. 12.	Рассекречено в 2018 году	Главное управление по делам военнопленных и интернированных НКВД–МВД СССР
14.01.1953 г. – 30.04.1953 г.	Переписка по культурно-массовой работе среди контингента	РГВА. Ф. 1/П. Оп. 21г. Д. 14.	Рассекречено в 2018 году	Главное управление по делам военнопленных и интернированных НКВД–МВД СССР
22.11.1949 г. – 07.03.1950 г.	Переписка с МИД СССР о розыске и репатриации военнопленных и интернированных, т.1	РГВА. Ф. 1/П. Оп. 22е. Д. 5.	Рассекречено в 2018 году	Главное управление по делам военнопленных и интернированных НКВД–МВД СССР
01.01.1950 г. – 16.05.1950 г.	Переписка с МИД СССР о розыске и репатриации военнопленных и интернированных, т.2	РГВА. Ф. 1/П. Оп. 22е. Д. 6.	Рассекречено в 2018 году	Главное управление по делам военнопленных и интернированных НКВД–МВД СССР
24.02.1950 г. – 31.05.1950 г.	Переписка с МИД СССР о розыске и репатриации военнопленных и интернированных, т.3	РГВА. Ф. 1/П. Оп. 22е. Д. 7.	Рассекречено в 2018 году	Главное управление по делам военнопленных и интернированных НКВД–МВД СССР
31.05.1950 г. – 24.06.1950 г.	Переписка с МИД СССР о розыске и репатриации военнопленных и интернированных, т.4	РГВА. Ф. 1/П. Оп. 22е. Д. 8.	Рассекречено в 2018 году	Главное управление по делам военнопленных и интернированных НКВД–МВД СССР
24.06.1950 г. – 01.07.1950 г.	Переписка с МИД СССР о розыске и репатриации военнопленных и интернированных, т.5	РГВА. Ф. 1/П. Оп. 22е. Д. 9.	Рассекречено в 2018 году	Главное управление по делам военнопленных и интернированных НКВД–МВД СССР
02.07.1950 г. – 17.10.1950 г.	Переписка с МИД СССР о розыске и репатриации военнопленных и интернированных, т.6	РГВА. Ф. 1/П. Оп. 22е. Д. 10.	Рассекречено в 2018 году	Главное управление по делам военнопленных и интернированных НКВД–МВД СССР
17.10.1950 г. – 20.10.1950 г.	Переписка с МИД СССР о розыске и репатриации военнопленных и интернированных, т.7	РГВА. Ф. 1/П. Оп. 22е. Д. 11.	Рассекречено в 2018 году	Главное управление по делам военнопленных и интернированных НКВД–МВД СССР
27.04.1950 г. – 15.12.1950 г.	Переписка с МИД СССР о розыске и репатриации военнопленных и интернированных, т.8	РГВА. Ф. 1/П. Оп. 22е. Д. 12.	Рассекречено в 2018 году	Главное управление по делам военнопленных и интернированных НКВД–МВД СССР
16.03.1950 г. – 10.12.1950 г.	Переписка с МИД СССР о розыске и репатриации военнопленных и интернированных, т.1	РГВА. Ф. 1/П. Оп. 22е. Д. 13.	Рассекречено в 2018 году	Главное управление по делам военнопленных и интернированных НКВД–МВД СССР
23.03.1950 г. – 15.12.1950 г.	Переписка с МИД СССР о розыске и репатриации военнопленных и интернированных, т.10	РГВА. Ф. 1/П. Оп. 22е. Д. 14.	Рассекречено в 2018 году	Главное управление по делам военнопленных и интернированных НКВД–МВД СССР
03.09.1950 г. – 20.12.1950 г.	Переписка с МИД СССР о розыске и репатриации военнопленных и интернированных, т.11	РГВА. Ф. 1/П. Оп. 22е. Д. 15.	Рассекречено в 2018 году	Главное управление по делам военнопленных и интернированных НКВД–МВД СССР
20.01.1950 г. – 25.12.1950 г.	Переписка с МИД СССР о розыске и репатриации военнопленных и интернированных, т.12	РГВА. Ф. 1/П. Оп. 22е. Д. 16.	Рассекречено в 2018 году	Главное управление по делам военнопленных и интернированных НКВД–МВД СССР
25.12.1950 г. – 30.12.1950 г.	Переписка с МИД СССР о розыске и репатриации военнопленных и интернированных, т.13	РГВА. Ф. 1/П. Оп. 22е. Д. 17.	Рассекречено в 2018 году	Главное управление по делам военнопленных и интернированных НКВД–МВД СССР
01.01.1950 г. – 16.10.1950 г.	Строевые записки и сведения о наличии интернированных с Востока 1941 года	РГВА. Ф. 1/П. Оп. 22е. Д. 54.	Рассекречено в 2018 году	Главное управление по делам военнопленных и интернированных НКВД–МВД СССР
01.10.1950 г. – 01.02.1951 г.	Строевые записки и справки о наличии и движении интернированных восточных национальностей и сведения об общем количестве принятых за время	РГВА. Ф. 1/П. Оп. 22е. Д. 55.	Рассекречено в 2018 году	Главное управление по делам военнопленных и интернированных НКВД–МВД СССР
26.10.1950 г. – 21.12.1951 г.	Переписка с Управлением Уполномоченного Совета Министров СССР по делам репатриации	РГВА. Ф. 1/П. Оп. 24е. Д. 6.	Рассекречено в 2018 году	Главное управление по делам военнопленных и интернированных НКВД–МВД СССР
19.02.1951 г. – 07.04.1951 г.	Переписка с МИД СССР о розыске и репатриации военнопленных и интернированных, т.1	РГВА. Ф. 1/П. Оп. 24е. Д. 7.	Рассекречено в 2018 году	Главное управление по делам военнопленных и интернированных НКВД–МВД СССР
13.03.1951 г. – 11.06.1951 г.	Переписка с МИД СССР о розыске и репатриации военнопленных и интернированных, т.2	РГВА. Ф. 1/П. Оп. 24е. Д. 8.	Рассекречено в 2018 году	Главное управление по делам военнопленных и интернированных НКВД–МВД СССР
19.02.1951 г. – 06.03.1951 г.	Переписка с МИД СССР о розыске и репатриации военнопленных и интернированных, т.3	РГВА. Ф. 1/П. Оп. 24е. Д. 9.	Рассекречено в 2018 году	Главное управление по делам военнопленных и интернированных НКВД–МВД СССР
13.06.1951 г. – 25.10.1951 г.	Переписка с МИД СССР о розыске и репатриации военнопленных и интернированных, т.4	РГВА. Ф. 1/П. Оп. 24е. Д. 10.	Рассекречено в 2018 году	Главное управление по делам военнопленных и интернированных НКВД–МВД СССР
25.06.1951 г. – 27.12.1951 г.	Переписка с МИД СССР о розыске и репатриации военнопленных и интернированных, т.5	РГВА. Ф. 1/П. Оп. 24е. Д. 11.	Рассекречено в 2018 году	Главное управление по делам военнопленных и интернированных НКВД–МВД СССР
12.07.1951 г. – 27.12.1951 г.	Переписка с МИД СССР о розыске и репатриации военнопленных и интернированных, т.6	РГВА. Ф. 1/П. Оп. 24е. Д. 12.	Рассекречено в 2018 году	Главное управление по делам военнопленных и интернированных НКВД–МВД СССР
04.01.1951 г. – 17.01.1951 г.	Разная переписка о военнопленных и интернированных и осужденных военнопленных преступниках, т.1	РГВА. Ф. 1/П. Оп. 25е. Д. 1.	Рассекречено в 2018 году	Главное управление по делам военнопленных и интернированных НКВД–МВД СССР
01.03.1951 г. – 19.03.1951 г.	Разная переписка о военнопленных и интернированных и осужденных военнопленных преступниках, т.2	РГВА. Ф. 1/П. Оп. 25е. Д. 2.	Рассекречено в 2018 году	Главное управление по делам военнопленных и интернированных НКВД–МВД СССР
13.03.1951 г. – 15.06.1951 г.	Разная переписка о военнопленных и интернированных и осужденных военнопленных преступниках, т.3	РГВА. Ф. 1/П. Оп. 25е. Д. 3.	Рассекречено в 2018 году	Главное управление по делам военнопленных и интернированных НКВД–МВД СССР
02.02.1951 г. – 09.09.1951 г.	Разная переписка о военнопленных и интернированных и осужденных военнопленных преступниках, т.4	РГВА. Ф. 1/П. Оп. 25е. Д. 4.	Рассекречено в 2018 году	Главное управление по делам военнопленных и интернированных НКВД–МВД СССР
12.09.1951 г. – 25.09.1951 г.	Разная переписка о военнопленных и интернированных и осужденных военнопленных преступниках, т.5	РГВА. Ф. 1/П. Оп. 25е. Д. 5.	Рассекречено в 2018 году	Главное управление по делам военнопленных и интернированных НКВД–МВД СССР
27.10.1951 г. – 01.12.1951 г.	Разная переписка о военнопленных и интернированных и осужденных военнопленных преступниках, т.6	РГВА. Ф. 1/П. Оп. 25е. Д. 6.	Рассекречено в 2018 году	Главное управление по делам военнопленных и интернированных НКВД–МВД СССР
02.01.1951 г. – 13.12.1951 г.	Разная переписка о военнопленных и интернированных и осужденных военнопленных преступниках, т.7	РГВА. Ф. 1/П. Оп. 25е. Д. 7.	Рассекречено в 2018 году	Главное управление по делам военнопленных и интернированных НКВД–МВД СССР
03.01.1951 г. – 18.08.1951 г.	Разная переписка о военнопленных и интернированных и осужденных военнопленных преступниках, т.8	РГВА. Ф. 1/П. Оп. 25е. Д. 8.	Рассекречено в 2018 году	Главное управление по делам военнопленных и интернированных НКВД–МВД СССР
16.03.1951 г. – 29.12.1951 г.	Разная переписка о военнопленных и интернированных и осужденных военнопленных преступниках, т.9	РГВА. Ф. 1/П. Оп. 25е. Д. 9.	Рассекречено в 2018 году	Главное управление по делам военнопленных и интернированных НКВД–МВД СССР
13.01.1951 г. – 19.03.1951 г.	Разная переписка о военнопленных и интернированных и осужденных военнопленных преступниках, т.10	РГВА. Ф. 1/П. Оп. 25е. Д. 10.	Рассекречено в 2018 году	Главное управление по делам военнопленных и интернированных НКВД–МВД СССР
09.01.1951 г. – 22.06.1951 г.	Переписка по перевозкам военнопленных и интернированных и осужденных военнопленных преступников, т.1	РГВА. Ф. 1/П. Оп. 25е. Д. 12.	Рассекречено в 2018 году	Главное управление по делам военнопленных и интернированных НКВД–МВД СССР
27.12.1951 г. – 04.10.1951 г.	Переписка по перевозкам военнопленных и интернированных и осужденных военнопленных преступников, т.2	РГВА. Ф. 1/П. Оп. 25е. Д. 13.	Рассекречено в 2018 году	Главное управление по делам военнопленных и интернированных НКВД–МВД СССР
08.01.1951 г. – 06.09.1951 г.	Переписка по перевозкам военнопленных и интернированных и осужденных военнопленных преступников, т.3	РГВА. Ф. 1/П. Оп. 25е. Д. 14.	Рассекречено в 2018 году	Главное управление по делам военнопленных и интернированных НКВД–МВД СССР
15.11.1951 г. – 29.01.1952 г.	Переписка об освобождении военнопленных и интернированных и выдворении отбывших наказание осужденных военнопленных преступников с приложением 8 томов со справками на военнопленных и интернированных, ранее задержанных от репатриации, т.1, Приложение № 1	РГВА. Ф. 1/П. Оп. 26е. Д. 4.	Рассекречено в 2018 году	Главное управление по делам военнопленных и интернированных НКВД–МВД СССР
15.11.1951 г. – 29.01.1952 г.	Переписка об освобождении военнопленных и интернированных и выдворении отбывших наказание осужденных военнопленных преступников с приложением 8 томов со справками на военнопленных и интернированных, ранее задержанных от репатриации, т.1, Приложение № 2	РГВА. Ф. 1/П. Оп. 26е. Д. 5.	Рассекречено в 2018 году	Главное управление по делам военнопленных и интернированных НКВД–МВД СССР
15.11.1951 г. – 29.01.1952 г.	Переписка об освобождении военнопленных и интернированных и выдворении отбывших наказание осужденных военнопленных преступников с приложением 8 томов со справками на военнопленных и интернированных, ранее задержанных от репатриации, т.1, Приложение №3	РГВА. Ф. 1/П. Оп. 26е. Д. 6.	Рассекречено в 2018 году	Главное управление по делам военнопленных и интернированных НКВД–МВД СССР
15.11.1951 г. – 29.01.1952 г.	Переписка об освобождении военнопленных и интернированных и выдворении отбывших наказание осужденных военнопленных преступников с приложением 8 томов со справками на военнопленных и интернированных, ранее задержанных от репатриации, т.1, Приложение № 4	РГВА. Ф. 1/П. Оп. 26е. Д. 7.	Рассекречено в 2018 году	Главное управление по делам военнопленных и интернированных НКВД–МВД СССР
15.11.1951 г. – 29.01.1952 г.	Переписка об освобождении военнопленных и интернированных и выдворении отбывших наказание осужденных военнопленных преступников с приложением 8 томов со справками на военнопленных и интернированных, ранее задержанных от репатриации, т.1, Приложение № 5	РГВА. Ф. 1/П. Оп. 26е. Д. 8.	Рассекречено в 2018 году	Главное управление по делам военнопленных и интернированных НКВД–МВД СССР
15.11.1951 г. – 29.01.1952 г.	Переписка об освобождении военнопленных и интернированных и выдворении отбывших наказание осужденных военнопленных преступников с приложением 8 томов со справками на военнопленных и интернированных, ранее задержанных от репатриации, т.1, Приложение № 6	РГВА. Ф. 1/П. Оп. 26е. Д. 9.	Рассекречено в 2018 году	Главное управление по делам военнопленных и интернированных НКВД–МВД СССР
15.11.1951 г. – 29.01.1952 г.	Переписка об освобождении военнопленных и интернированных и выдворении отбывших наказание осужденных военнопленных преступников с приложением 8 томов со справками на военнопленных и интернированных, ранее задержанных от репатриации, т.1, Приложение № 7	РГВА. Ф. 1/П. Оп. 26е. Д. 10.	Рассекречено в 2018 году	Главное управление по делам военнопленных и интернированных НКВД–МВД СССР
15.11.1951 г. – 29.01.1952 г.	Переписка об освобождении военнопленных и интернированных и выдворении отбывших наказание осужденных военнопленных преступников с приложением 8 томов со справками на военнопленных и интернированных, ранее задержанных от репатриации, т.1, Приложение № 8	РГВА. Ф. 1/П. Оп. 26е. Д. 11.	Рассекречено в 2018 году	Главное управление по делам военнопленных и интернированных НКВД–МВД СССР
30.01.1952 г. – 06.06.1952 г.	Переписка об освобождении военнопленных и интернированных и выдворении отбывших сроки наказания военных преступников, т.2	РГВА. Ф. 1/П. Оп. 26е. Д. 12.	Рассекречено в 2018 году	Главное управление по делам военнопленных и интернированных НКВД–МВД СССР
09.01.1952 г. – 31.12.1952 г.	Переписка об освобождении военнопленных и интернированных и выдворении отбывших сроки наказания военных преступников, т.4	РГВА. Ф. 1/П. Оп. 26е. Д. 14.	Рассекречено в 2018 году	Главное управление по делам военнопленных и интернированных НКВД–МВД СССР
25.03.1952 г. – 03.06.1952 г.	Дело с перепиской о выдаче справок на военнопленных и интернированных по запросам органов МГБ, МВД, Уполномоченного по делам репатриации и других	РГВА. Ф. 1/П. Оп. 26е. Д. 15.	Рассекречено в 2018 году	Главное управление по делам военнопленных и интернированных НКВД–МВД СССР
25.08.1952 г. – 23.01.1952 г.	Переписка о выдаче справок на военнопленных и интернированных по запросам органов МГБ, МВД, Уполномоченного по делам репатриации и других, т.1	РГВА. Ф. 1/П. Оп. 26е. Д. 16.	Рассекречено в 2018 году	Главное управление по делам военнопленных и интернированных НКВД–МВД СССР
09.01.1952 г. – 04.03.1952 г.	Переписка о выдаче справок на военнопленных и интернированных по запросам органов МГБ, МВД, Уполномоченного по делам репатриации и других, т.2	РГВА. Ф. 1/П. Оп. 26е. Д. 17.	Рассекречено в 2018 году	Главное управление по делам военнопленных и интернированных НКВД–МВД СССР
21.02.1952 г. – 23.04.1952 г.	Переписка о выдаче справок на военнопленных и интернированных по запросам органов МГБ, МВД, Уполномоченного по делам репатриации и других, т.3	РГВА. Ф. 1/П. Оп. 26е. Д. 18.	Рассекречено в 2018 году	Главное управление по делам военнопленных и интернированных НКВД–МВД СССР
23.04.1952 г. – 23.06.1952 г.	Переписка о выдаче справок на военнопленных и интернированных по запросам органов МГБ, МВД, Уполномоченного по делам репатриации и других, т.4	РГВА. Ф. 1/П. Оп. 26е. Д. 19.	Рассекречено в 2018 году	Главное управление по делам военнопленных и интернированных НКВД–МВД СССР
03.04.1952 г. – 04.08.1952 г.	Переписка о выдаче справок на военнопленных и интернированных по запросам органов МГБ, МВД, Уполномоченного по делам репатриации и других, т.5	РГВА. Ф. 1/П. Оп. 26е. Д. 20.	Рассекречено в 2018 году	Главное управление по делам военнопленных и интернированных НКВД–МВД СССР
14.04.1952 г. – 31.12.1952 г.	Переписка о выдаче справок на военнопленных и интернированных по запросам органов МГБ, МВД, Уполномоченного по делам репатриации и других, т.6	РГВА. Ф. 1/П. Оп. 26е. Д. 21.	Рассекречено в 2018 году	Главное управление по делам военнопленных и интернированных НКВД–МВД СССР
07.01.1952 г. – 18.08.1952 г.	Переписка о выдаче справок на военнопленных и интернированных по запросам органов МГБ, МВД, Уполномоченного по делам репатриации и других, т.7	РГВА. Ф. 1/П. Оп. 26е. Д. 22.	Рассекречено в 2018 году	Главное управление по делам военнопленных и интернированных НКВД–МВД СССР
10.03.1952 г. – 10.03.1952 г.	Переписка о выдаче справок военнопленных и интернированных по запросам органов МГБ, МВД, Уполномоченного по делам репатриации и других, т.8 с приложением 13 томов именованных списков на военнопленных и интернированных, содержащихся в лагерях и спецгоспиталях УПВИ МВД СССР на март 1952 года. Приложение № 1	РГВА. Ф. 1/П. Оп. 26е. Д. 24.	Рассекречено в 2018 году	Главное управление по делам военнопленных и интернированных НКВД–МВД СССР
10.03.1952 г. – 10.03.1952 г.	Переписка о выдаче справок военнопленных и интернированных по запросам органов МГБ, МВД, Уполномоченного по делам репатриации и других, т.8 с приложением 13 томов именованных списков на военнопленных и интернированных, содержащихся в лагерях и спецгоспиталях УПВИ МВД СССР на март 1952 года. Приложение № 2	РГВА. Ф. 1/П. Оп. 26е. Д. 25.	Рассекречено в 2018 году	Главное управление по делам военнопленных и интернированных НКВД–МВД СССР
10.03.1952 г. – 10.03.1952 г.	Переписка о выдаче справок военнопленных и интернированных по запросам органов МГБ, МВД, Уполномоченного по делам репатриации и других, т.8 с приложением 13 томов именованных списков на военнопленных и интернированных, содержащихся в лагерях и спецгоспиталях УПВИ МВД СССР на март 1952 года. Приложение № 4	РГВА. Ф. 1/П. Оп. 26е. Д. 27.	Рассекречено в 2018 году	Главное управление по делам военнопленных и интернированных НКВД–МВД СССР
10.03.1952 г. – 10.03.1952 г.	Переписка о выдаче справок военнопленных и интернированных по запросам органов МГБ, МВД, Уполномоченного по делам репатриации и других, т.8 с приложением 13 томов именованных списков на военнопленных и интернированных, содержащихся в лагерях и спецгоспиталях УПВИ МВД СССР на март 1952 года. Приложение № 5	РГВА. Ф. 1/П. Оп. 26е. Д. 28.	Рассекречено в 2018 году	Главное управление по делам военнопленных и интернированных НКВД–МВД СССР
10.03.1952 г. – 10.03.1952 г.	Переписка о выдаче справок военнопленных и интернированных по запросам органов МГБ, МВД, Уполномоченного по делам репатриации и других, т.8 с приложением 13 томов именованных списков на военнопленных и интернированных, содержащихся в лагерях и спецгоспиталях УПВИ МВД СССР на март 1952 года. Приложение № 7	РГВА. Ф. 1/П. Оп. 26е. Д. 30.	Рассекречено в 2018 году	Главное управление по делам военнопленных и интернированных НКВД–МВД СССР
12.03.1952 г. – 12.03.1952 г.	Переписка о выдаче справок военнопленных и интернированных по запросам органов МГБ, МВД, Уполномоченного по делам репатриации и других, т.8 с приложением 13 томов именованных списков на военнопленных и интернированных, содержащихся в лагерях и спецгоспиталях УПВИ МВД СССР на март 1952 года. Приложение № 8	РГВА. Ф. 1/П. Оп. 26е. Д. 31.	Рассекречено в 2018 году	Главное управление по делам военнопленных и интернированных НКВД–МВД СССР
15.03.1952 г. – 15.03.1952 г.	Переписка о выдаче справок военнопленных и интернированных по запросам органов МГБ, МВД, Уполномоченного по делам репатриации и других, т.8 с приложением 13 томов именованных списков на военнопленных и интернированных, содержащихся в лагерях и спецгоспиталях УПВИ МВД СССР на март 1952 года. Приложение № 9	РГВА. Ф. 1/П. Оп. 26е. Д. 32.	Рассекречено в 2018 году	Главное управление по делам военнопленных и интернированных НКВД–МВД СССР
01.04.1952 г. – 01.04.1952 г.	Переписка о выдаче справок военнопленных и интернированных по запросам органов МГБ, МВД, Уполномоченного по делам репатриации и других, т.8 с приложением 13 томов именованных списков на военнопленных и интернированных, содержащихся в лагерях и спецгоспиталях УПВИ МВД СССР на март 1952 года. Приложение № 10	РГВА. Ф. 1/П. Оп. 26е. Д. 33.	Рассекречено в 2018 году	Главное управление по делам военнопленных и интернированных НКВД–МВД СССР
15.03.1952 г. – 15.03.1952 г.	Переписка о выдаче справок военнопленных и интернированных по запросам органов МГБ, МВД, Уполномоченного по делам репатриации и других, т.8 с приложением 13 томов именованных списков на военнопленных и интернированных, содержащихся в лагерях и спецгоспиталях УПВИ МВД СССР на март 1952 года. Приложение № 12	РГВА. Ф. 1/П. Оп. 26е. Д. 35.	Рассекречено в 2018 году	Главное управление по делам военнопленных и интернированных НКВД–МВД СССР
01.03.1952 г. – 01.03.1952 г.	Переписка о выдаче справок военнопленных и интернированных по запросам органов МГБ, МВД, Уполномоченного по делам репатриации и других, т.8 с приложением 13 томов именованных списков на военнопленных и интернированных, содержащихся в лагерях и спецгоспиталях УПВИ МВД СССР на март 1952 года. Приложение № 1	РГВА. Ф. 1/П. Оп. 26е. Д. 36.	Рассекречено в 2018 году	Главное управление по делам военнопленных и интернированных НКВД–МВД СССР
20.10.1950 г. – 18.02.1952 г.	Переписка с МИД СССР о розыске и репатриации военнопленных и интернированных, т.1	РГВА. Ф. 1/П. Оп. 26е. Д. 37.	Рассекречено в 2018 году	Главное управление по делам военнопленных и интернированных НКВД–МВД СССР
19.02.1952 г. – 28.05.1952 г.	Переписка с МИД СССР о розыске и репатриации военнопленных и интернированных, т.2	РГВА. Ф. 1/П. Оп. 26е. Д. 38.	Рассекречено в 2018 году	Главное управление по делам военнопленных и интернированных НКВД–МВД СССР
21.04.1952 г. – 18.09.1952 г.	Переписка с МИД СССР о розыске и репатриации военнопленных и интернированных, т.3	РГВА. Ф. 1/П. Оп. 26е. Д. 39.	Рассекречено в 2018 году	Главное управление по делам военнопленных и интернированных НКВД–МВД СССР
12.01.1952 г. – 05.05.1952 г.	Переписка с МИД СССР о розыске и репатриации военнопленных и интернированных, т.4	РГВА. Ф. 1/П. Оп. 26е. Д. 40.	Рассекречено в 2018 году	Главное управление по делам военнопленных и интернированных НКВД–МВД СССР
20.02.1952 г. – 21.03.1952 г.	Переписка с МИД СССР о розыске и репатриации военнопленных и интернированных, т.4-а	РГВА. Ф. 1/П. Оп. 26е. Д. 41.	Рассекречено в 2018 году	Главное управление по делам военнопленных и интернированных НКВД–МВД СССР
20.02.1952 г. – 21.03.1952 г.	Переписка с МИД СССР о розыске и репатриации военнопленных и интернированных, т.4-б	РГВА. Ф. 1/П. Оп. 26е. Д. 42.	Рассекречено в 2018 году	Главное управление по делам военнопленных и интернированных НКВД–МВД СССР
25.08.1952 г. – 27.12.1952 г.	Переписка с МИД СССР о розыске и репатриации военнопленных и интернированных, т.5	РГВА. Ф. 1/П. Оп. 26е. Д. 43.	Рассекречено в 2018 году	Главное управление по делам военнопленных и интернированных НКВД–МВД СССР
21.01.1952 г. – 31.01.1952 г.	Переписка по заявлениям военнопленных, их родственников и исполкомом СОКК и КП СССР, т.2	РГВА. Ф. 1/П. Оп. 26е. Д. 45.	Рассекречено в 2018 году	Главное управление по делам военнопленных и интернированных НКВД–МВД СССР
04.02.1952 г. – 03.04.1952 г.	Переписка по заявлениям военнопленных, их родственников и исполкомом СОКК и КП СССР, т.3	РГВА. Ф. 1/П. Оп. 26е. Д. 46.	Рассекречено в 2018 году	Главное управление по делам военнопленных и интернированных НКВД–МВД СССР
15.12.1951 г. – 09.07.1952 г.	Переписка по заявлениям военнопленных, их родственников и исполкомом СОКК и КП СССР, т.5	РГВА. Ф. 1/П. Оп. 26е. Д. 47.	Рассекречено в 2018 году	Главное управление по делам военнопленных и интернированных НКВД–МВД СССР
10.07.1952 г. – 18.09.1952 г.	Переписка по заявлениям военнопленных, их родственников и исполкомом СОКК и КП СССР, т.6	РГВА. Ф. 1/П. Оп. 26е. Д. 48.	Рассекречено в 2018 году	Главное управление по делам военнопленных и интернированных НКВД–МВД СССР
07.08.1952 г. – 31.12.1952 г.	Переписка по заявлениям военнопленных, их родственников и исполкомом СОКК и КП СССР, т.7	РГВА. Ф. 1/П. Оп. 26е. Д. 49.	Рассекречено в 2018 году	Главное управление по делам военнопленных и интернированных НКВД–МВД СССР
04.12.1952 г. – 11.03.1953 г.	Переписка по заявлениям военнопленных, их родственников и исполкомом СОКК и КП СССР, т.1	РГВА. Ф. 1/П. Оп. 26е. Д. 50.	Рассекречено в 2018 году	Главное управление по делам военнопленных и интернированных НКВД–МВД СССР
05.01.1952 г. – 03.06.1952 г.	Статистическая отчетность лагерей МВД и спецгоспиталей, т.1	РГВА. Ф. 1/П. Оп. 27е. Д. 1.	Рассекречено в 2018 году	Главное управление по делам военнопленных и интернированных НКВД–МВД СССР
02.07.1952 г. – 29.11.1952 г.	Статистическая отчетность лагерей МВД и спецгоспиталей, т.2	РГВА. Ф. 1/П. Оп. 27е. Д. 2.	Рассекречено в 2018 году	Главное управление по делам военнопленных и интернированных НКВД–МВД СССР
23.04.1951 г. – 30.07.1952 г.	Статистическая отчетность лагерей МВД и спецгоспиталей, т.3	РГВА. Ф. 1/П. Оп. 27е. Д. 3.	Рассекречено в 2018 году	Главное управление по делам военнопленных и интернированных НКВД–МВД СССР
31.01.1952 г. – 01.07.1952 г.	Разная переписка по письмам и заявлениям родственников о розыске и освобождении военнопленных, т.1	РГВА. Ф. 1/П. Оп. 27е. Д. 4.	Рассекречено в 2018 году	Главное управление по делам военнопленных и интернированных НКВД–МВД СССР
27.06.1952 г. – 01.11.1952 г.	Разная переписка по письмам и заявлениям родственников о розыске и освобождении военнопленных, т.2	РГВА. Ф. 1/П. Оп. 27е. Д. 5.	Рассекречено в 2018 году	Главное управление по делам военнопленных и интернированных НКВД–МВД СССР
30.06.1952 г. – 30.06.1952 г.	Список военнопленных и интернированных югославских граждан	РГВА. Ф. 1/П. Оп. 27е. Д. 6.	Рассекречено в 2018 году	Главное управление по делам военнопленных и интернированных НКВД–МВД СССР
30.06.1952 г. – 30.06.1952 г.	Список военнопленных и интернированных, намечаемых к репатриации на родину	РГВА. Ф. 1/П. Оп. 27е. Д. 7.	Рассекречено в 2018 году	Главное управление по делам военнопленных и интернированных НКВД–МВД СССР
10.04.1946 г. – 20.07.1946 г.	Материалы об антифашистской работе среди военнопленных японцев и проект о создании «Демократической лиги японских военнопленных в СССР»	РГВА. Ф. 4/П. Оп. 6. Д. 22.	Рассекречено в 2018 году	Антифашистский отдел при политотделе ГУПВИ МВД СССР
01.05.1947 г. – 01.10.1947 г.	Материалы производственных конференций военнопленных японцев	РГВА. Ф. 4/П. Оп. 7. Д. 87.	Рассекречено в 2018 году	Антифашистский отдел при политотделе ГУПВИ МВД СССР
13.06.1947 г. – 31.12.1947 г.	Материалы антифашистских молодежных конференций военнопленных японцев	РГВА. Ф. 4/П. Оп. 7. Д. 91.	Рассекречено в 2018 году	Антифашистский отдел при политотделе ГУПВИ МВД СССР
05.05.1947 г. – 10.10.1947 г.	Материалы по репатриации военнопленных японцев	РГВА. Ф. 4/П. Оп. 8. Д. 48.	Рассекречено в 2018 году	Антифашистский отдел при политотделе ГУПВИ МВД СССР
01.06.1947 г. – 05.10.1947 г.	Материалы по репатриации военнопленных японцев	РГВА. Ф. 4/П. Оп. 8. Д. 49.	Рассекречено в 2018 году	Антифашистский отдел при политотделе ГУПВИ МВД СССР
01.06.1947 г. – 05.10.1947 г.	Материалы по репатриации военнопленных японцев	РГВА. Ф. 4/П. Оп. 8. Д. 50.	Рассекречено в 2018 году	Антифашистский отдел при политотделе ГУПВИ МВД СССР
01.08.1947 г. – 01.11.1947 г.	Материалы по репатриации военнопленных японцев	РГВА. Ф. 4/П. Оп. 8. Д. 51.	Рассекречено в 2018 году	Антифашистский отдел при политотделе ГУПВИ МВД СССР
15.04.1947 г. – 30.10.1947 г.	Материалы по репатриации военнопленных японцев	РГВА. Ф. 4/П. Оп. 8. Д. 52.	Рассекречено в 2018 году	Антифашистский отдел при политотделе ГУПВИ МВД СССР
01.10.1947 г. – 31.12.1947 г.	Материалы по репатриации военнопленных японцев	РГВА. Ф. 4/П. Оп. 8. Д. 53.	Рассекречено в 2018 году	Антифашистский отдел при политотделе ГУПВИ МВД СССР
01.12.1947 г. – 31.12.1947 г.	Материалы по репатриации военнопленных японцев	РГВА. Ф. 4/П. Оп. 8. Д. 54.	Рассекречено в 2018 году	Антифашистский отдел при политотделе ГУПВИ МВД СССР
01.01.1948 г. – 30.08.1948 г.	Докладные записки и переписка о работе краткосрочных курсов и школ (японской национальности)	РГВА. Ф. 4/П. Оп. 9. Д. 64.	Рассекречено в 2018 году	Антифашистский отдел при политотделе ГУПВИ МВД СССР
03.03.1948 г. – январь 1948 г.	Материалы по репатриации военнопленных японцев	РГВА. Ф. 4/П. Оп. 10. Д. 69.	Рассекречено в 2018 году	Антифашистский отдел при политотделе ГУПВИ МВД СССР
15.03.1949 г. – 30.12.1949 г.	Материалы по репатриации военнопленных японцев	РГВА. Ф. 4/П. Оп. 12. Д. 75.	Рассекречено в 2018 году	Антифашистский отдел при политотделе ГУПВИ МВД СССР
01.01.1946 г. – 31.12.1946 г.	Директивные указания о замене сотрудника столовой в лагере, об обследовании лагеря, о снижении смертности военнопленных, спецсообщение об аварии в лагере № 128 японских солдат	РГВА. Ф. 7/П. Оп. 3. Д. 4.	Рассекречено в 2018 году	Учреждения по делам военнопленных и интернированных Алтайского края
17.12.1946 г. – 29.12.1946 г.	Приказы начальника управления лагеря № 128 УМВД Алтайского края по личному составу и вывозе японцев больных в Корею	РГВА. Ф. 7/П. Оп. 6. Д. 11.	Рассекречено в 2018 году	Учреждения по делам военнопленных и интернированных Алтайского края
01.01.1946 г. – 30.12.1946 г.	Приказы и приказания по военнопленным лагеря № 128 по личному составу японцев	РГВА. Ф. 7/П. Оп. 6. Д. 16.	Рассекречено в 2018 году	Учреждения по делам военнопленных и интернированных Алтайского края
01.04.1946 г. – 01.07.1948 г.	Схемы дислокации лагерей военнопленных японцев по Иркутской области	РГВА. Ф. 22/П. Оп. 6. Д. 2.	Рассекречено в 2018 году	Учреждения по делам военнопленных и интернированных УМВД Иркутской области
07.01.1947 г. – 26.12.1947 г.	Декадные донесения о смертности военнопленных	РГВА. Ф. 22/П. Оп. 12. Д. 3.	Рассекречено в 2018 году	Учреждения по делам военнопленных и интернированных УМВД Иркутской области
04.01.1948 г. – 28.10.1948 г.	Декадные донесения о смертности военнопленных	РГВА. Ф. 22/П. Оп. 12. Д. 4.	Рассекречено в 2018 году	Учреждения по делам военнопленных и интернированных УМВД Иркутской области
11.01.1947 г. – 31.12.1947 г.	Доклады из лагерей о политико-моральном состоянии личного состава	РГВА. Ф. 23/П. Оп. 2. Д. 1.	Рассекречено в 2018 году	Учреждения по делам военнопленных и интернированных УМВД Ивановской области
01.01.1947 г. – 10.06.1947 г.	Квартальные доклады из лагерей о политико-моральном состоянии личного состава и военнопленных, т. 1	РГВА. Ф. 23/П. Оп. 2. Д. 2.	Рассекречено в 2018 году	Учреждения по делам военнопленных и интернированных УМВД Ивановской области
22.05.1947 г. – 06.08.1947 г.	Квартальные доклады из лагерей о политико-моральном состоянии личного состава и военнопленных, т. 2	РГВА. Ф. 23/П. Оп. 2. Д. 3.	Рассекречено в 2018 году	Учреждения по делам военнопленных и интернированных УМВД Ивановской области
01.01.1949 г. – 31.12.1949 г.	Квартальные доклады из лагерей о политико-моральном состоянии личного состава и военнопленных, т. 3	РГВА. Ф. 23/П. Оп. 2. Д. 4.	Рассекречено в 2018 году	Учреждения по делам военнопленных и интернированных УМВД Ивановской области
01.01.1949 г. – 31.12.1949 г.	Докладные записки из лагерей о состоянии партийно-политической работы среди личного состава и об антифашистской работе среди военнопленных, т. 1	РГВА. Ф. 23/П. Оп. 4. Д. 3.	Рассекречено в 2018 году	Учреждения по делам военнопленных и интернированных УМВД Ивановской области
01.08.1949 г. – 29.12.1949 г.	Докладные записки из лагерей о состоянии партийно-политической работы среди личного состава и об антифашистской работе среди военнопленных, т. 2	РГВА. Ф. 23/П. Оп. 4. Д. 4.	Рассекречено в 2018 году	Учреждения по делам военнопленных и интернированных УМВД Ивановской области
19.12.1949 г. – 31.12.1949 г.	Докладные записки из лагерей о состоянии партийно-политической работы среди личного состава и об антифашистской работе среди военнопленных, т. 3	РГВА. Ф. 23/П. Оп. 4. Д. 5.	Рассекречено в 2018 году	Учреждения по делам военнопленных и интернированных УМВД Ивановской области
01.01.1947 г. – 31.12.1947 г.	Акты патологоанатомических вскрытий трупов умерших в лагере МВД № 185 для военнопленных	РГВА. Ф. 23/П. Оп. 12. Д. 1.	Рассекречено в 2018 году	Учреждения по делам военнопленных и интернированных УМВД Ивановской области
05.01.1948 г. – 27.12.1948 г.	Акты патологоанатомических вскрытий в лагере МВД № 276 для военнопленных	РГВА. Ф. 23/П. Оп. 12. Д. 2.	Рассекречено в 2018 году	Учреждения по делам военнопленных и интернированных УМВД Ивановской области
03.01.1948 г. – 27.12.1948 г.	Протоколы патологоанатомических вскрытий трупов умерших военнопленных в спецгоспитале № 3840	РГВА. Ф. 23/П. Оп. 12. Д. 3.	Рассекречено в 2018 году	Учреждения по делам военнопленных и интернированных УМВД Ивановской области
02.01.1949 г. – 17.12.1949 г.	Протоколы патологоанатомических вскрытий трупов умерших военнопленных в спецгоспитале № 3840	РГВА. Ф. 23/П. Оп. 12. Д. 4.	Рассекречено в 2018 году	Учреждения по делам военнопленных и интернированных УМВД Ивановской области
09.01.1950 г. – 27.01.1950 г.	Протоколы патологоанатомических вскрытий трупов умерших военнопленных в спецгоспитале № 3840	РГВА. Ф. 23/П. Оп. 12. Д. 5.	Рассекречено в 2018 году	Учреждения по делам военнопленных и интернированных УМВД Ивановской области
19.01.1948 г. – 17.12.1948 г.	Переписка с ГУПВИ МВД СССР и ОПВИ УМВД Ивановской области по прибытию и убытию военнопленных	РГВА. Ф. 23/П. Оп. 16. Д. 9.	Рассекречено в 2018 году	Учреждения по делам военнопленных и интернированных УМВД Ивановской области
05.01.1949 г. – 31.12.1949 г.	Переписка с УМВД Ивановской области. Протокол офицерского собрания, служебные характеристики и докладные записки о работе с военнопленными	РГВА. Ф. 23/П. Оп. 16. Д. 10.	Рассекречено в 2018 году	Учреждения по делам военнопленных и интернированных УМВД Ивановской области
02.01.1950 г. – 24.05.1951 г.	Переписка по военнопленным лагеря № 48 (приказы, переписка по розыску и учету ценностей)	РГВА. Ф. 23/П. Оп. 18. Д. 3.	Рассекречено в 2018 году	Учреждения по делам военнопленных и интернированных УМВД Ивановской области
01.04.1950 г. – 31.12.1950 г.	Дело по приему и выдаче ценностей контингенту заключенных	РГВА. Ф. 23/П. Оп. 18. Д. 4.	Рассекречено в 2018 году	Учреждения по делам военнопленных и интернированных УМВД Ивановской области
01.01.1954 г. – 31.12.1954 г.	Дело по учету ценностей заключенных	РГВА. Ф. 23/П. Оп. 18. Д. 5.	Рассекречено в 2018 году	Учреждения по делам военнопленных и интернированных УМВД Ивановской области
01.01.1955 г. – 10.01.1957 г.	Переписка по розыску и учету ценностей заключенных	РГВА. Ф. 23/П. Оп. 18. Д. 6.	Рассекречено в 2018 году	Учреждения по делам военнопленных и интернированных УМВД Ивановской области
01.03.1946 г. – 21.12.1946 г.	Сведения о специалистах военнопленных в лагерных отделениях	РГВА. Ф. 23/П. Оп. 24. Д. 22.	Рассекречено в 2018 году	Учреждения по делам военнопленных и интернированных УМВД Ивановской области
06.05.1946 г. – 29.12.1946 г.	Материалы, акты и переписка о производственных травмах военнопленных лагеря № 324 МВД	РГВА. Ф. 23/П. Оп. 24. Д. 23.	Рассекречено в 2018 году	Учреждения по делам военнопленных и интернированных УМВД Ивановской области
01.01.1948 г. – 25.05.1948 г.	Списки командиров батальонов, рот, взводов из военнопленных по лагерным отделениям	РГВА. Ф. 23/П. Оп. 24. Д. 164.	Рассекречено в 2018 году	Учреждения по делам военнопленных и интернированных УМВД Ивановской области
01.07.1946 г. – 31.12.1946 г.	Списки умерших военнопленных	РГВА. Ф. 23/П. Оп. 26. Д. 7.	Рассекречено в 2018 году	Учреждения по делам военнопленных и интернированных УМВД Ивановской области
07.01.1947 г. – 07.12.1947 г.	Списки умерших военнопленных в спецгоспитале № 3840	РГВА. Ф. 23/П. Оп. 26. Д. 14.	Рассекречено в 2018 году	Учреждения по делам военнопленных и интернированных УМВД Ивановской области
12.02.1949 г. – 25.01.1950 г.	Переписка с ГУПВИ МВД СССР и ОПВИ УМВД Ивановской области по военнопленным	РГВА. Ф. 23/П. Оп. 26. Д. 27.	Рассекречено в 2018 году	Учреждения по делам военнопленных и интернированных УМВД Ивановской области
01.01.1947 г. – 01.06.1947 г.	Строевые записки о движении военнопленных (японцев)	РГВА. Ф. 32/П. Оп. 10. Д. 5.	Рассекречено в 2018 году	Учреждения по делам военнопленных и интернированных УМВД Кемеровской области
01.04.1947 г. – 01.09.1947 г.	Акты и этапные списки отправленных эшелоном № 98257 японцев из лагеря № 256	РГВА. Ф. 32/П. Оп. 10. Д. 12.	Рассекречено в 2018 году	Учреждения по делам военнопленных и интернированных УМВД Кемеровской области
1946 г.	Материалы по отправке эшелона № 98559 японцев в Корею	РГВА. Ф. 32/П. Оп. 10. Д. 92.	Рассекречено в 2018 году	Учреждения по делам военнопленных и интернированных УМВД Кемеровской области
03.11.1925 г. – 19.12.1927 г.	Доклады об антифашистской работе среди военнопленных	РГВА. Ф. 50/П. Оп. 6. Д. 5.	Рассекречено в 2018 году	Учреждения по делам военнопленных и интернированных Татарской АССР
1949 г.	Отзывы военнопленных	РГВА. Ф. 50/П. Оп. 6. Д. 8.	Рассекречено в 2018 году	Учреждения по делам военнопленных и интернированных Татарской АССР
27.03.1948 г.	Доклады и донесения о состоянии антифашистской работы	РГВА. Ф. 50/П. Оп. 7. Д. 7.	Рассекречено в 2018 году	Учреждения по делам военнопленных и интернированных Татарской АССР
05.04.1948 г.	Доклады и донесения о состоянии антифашистской работы	РГВА. Ф. 50/П. Оп. 8. Д. 4.	Рассекречено в 2018 году	Учреждения по делам военнопленных и интернированных Татарской АССР
Январь 1947 г. – декабрь 1947 г.	Списки и истории болезней на умерших военнопленных	РГВА. Ф. 50/П. Оп. 10. Д. 3.	Рассекречено в 2018 году	Учреждения по делам военнопленных и интернированных Татарской АССР
Январь 1947 г. – июль 1947 г.	Списки и истории болезней на умерших военнопленных	РГВА. Ф. 50/П. Оп. 10. Д. 4.	Рассекречено в 2018 году	Учреждения по делам военнопленных и интернированных Татарской АССР
09.08.1945 г. – 21.05.1949 г.	Приказы начальника лагеря по личному составу военнопленных	РГВА. Ф. 50/П. Оп. 11. Д. 1.	Рассекречено в 2018 году	Учреждения по делам военнопленных и интернированных Татарской АССР
15.08.1947 г. – 08.10.1947 г.	Протоколы патологоанатомических вскрытий трупов умерших военнопленных в спецгоспитале № 5367	РГВА. Ф. 56/П. Оп. 16. Д. 17.	Рассекречено в 2018 году	Учреждения по делам военнопленных и интернированных УМВД Хабаровского края
21.08.1945 г. – 13.11.1945 г.	Копии планов вызова военнопленных из Манчжурии на территорию СССР	РГВА. Ф. 56/П. Оп. 17. Д. 5.	Рассекречено в 2018 году	Учреждения по делам военнопленных и интернированных УМВД Хабаровского края
04.01.1947 г. – 26.04.1947 г.	Акты, донесения и переписка с УПВИ и лагерными отделениями об умерших военнопленных	РГВА. Ф. 56/П. Оп. 21. Д. 22.	Рассекречено в 2018 году	Учреждения по делам военнопленных и интернированных УМВД Хабаровского края
28.04.1947 г. – 26.12.1947 г.	Акты, донесения и переписка с УПВИ и лагерными отделениями об умерших военнопленных	РГВА. Ф. 56/П. Оп. 21. Д. 23.	Рассекречено в 2018 году	Учреждения по делам военнопленных и интернированных УМВД Хабаровского края
1947 г.	Акты, донесения и переписка с УПВИ и лагерными отделениями об умерших военнопленных	РГВА. Ф. 56/П. Оп. 21. Д. 24.	Рассекречено в 2018 году	Учреждения по делам военнопленных и интернированных УМВД Хабаровского края
1948 г.	Переписка с лагерными отделениями об умерших военнопленных	РГВА. Ф. 56/П. Оп. 21. Д. 31.	Рассекречено в 2018 году	Учреждения по делам военнопленных и интернированных УМВД Хабаровского края
1949 г.	Акты расследований несчастных случаев с военнопленными	РГВА. Ф. 56/П. Оп. 22. Д. 59.	Рассекречено в 2018 году	Учреждения по делам военнопленных и интернированных УМВД Хабаровского края
1946 г.	Отчеты по производственному травматизму и акты несчастных случаев с военнопленными	РГВА. Ф. 56/П. Оп. 23. Д. 2.	Рассекречено в 2018 году	Учреждения по делам военнопленных и интернированных УМВД Хабаровского края
1948 г.	Отчеты лагеря по производственному травматизму и акты несчастных случаев с военнопленными	РГВА. Ф. 56/П. Оп. 23. Д. 9.	Рассекречено в 2018 году	Учреждения по делам военнопленных и интернированных УМВД Хабаровского края
1954 г.	Материалы по технике безопасности и травматизму, акты и донесения о несчастных случаях с военнопленными	РГВА. Ф. 56/П. Оп. 23. Д. 30.	Рассекречено в 2018 году	Учреждения по делам военнопленных и интернированных УМВД Хабаровского края
1948 г.	Переписка с УПВИ и лагерными подразделениями по технике безопасности и акты о несчастных случаях на производстве	РГВА. Ф. 56/П. Оп. 26. Д. 31.	Рассекречено в 2018 году	Учреждения по делам военнопленных и интернированных УМВД Хабаровского края
30.11.1945 г. – 31.12.1946 г.	Переписка с УПВИ и МВД Хабаровского края по охране и режиму содержания военнопленных (имеются списки умерших военнопленных)	РГВА. Ф. 56/П. Оп. 35. Д. 3.	Рассекречено в 2018 году	Учреждения по делам военнопленных и интернированных УМВД Хабаровского края
1947 г.	Отчетность отдельного батальона № 519.	РГВА. Ф. 60/П. Оп. 54. Д. 7.	Рассекречено в 2018 году	Учреждения по делам военнопленных и интернированных УМВД Читинской области
25.07.1941 г. – 15.08.1949 г.	Фильтрационно-проверочное дело на Березнева С.В.	РГВА. Ф. 517/П. Оп. 1. Д. 53913.	Рассекречено в 2018 году	Архивно-фильтрационные и трофейные материалы Управления Федеральной службы контрразведки России по городу Москве и Московской области
